id,emp_id,employee_name,department_name,payrun_name,period_start,period_end,gross_amount,deduction_amount,net_amount,payslip_status,payrun_status,sent_at,created_at
"4006","EMP00256","Mr  Robot","Human Resources","September 2026 Payroll","2026-08-31T18:30:00.000Z","2026-09-29T18:30:00.000Z","0.00","200.00","0.00","Generated","Computed","","2026-09-05T23:08:01.183Z"
"3727","EMP-18B74E","Isha Sharma","Engineering","September 2026 Payroll","2026-08-31T18:30:00.000Z","2026-09-29T18:30:00.000Z","59200.00","4640.00","54560.00","Generated","Computed","2026-09-05T19:46:01.136Z","2026-09-05T16:16:03.803Z"
"3725","EMP-665750","Dev Yadav","Marketing & Sales","September 2026 Payroll","2026-08-31T18:30:00.000Z","2026-09-29T18:30:00.000Z","58400.00","4580.00","53820.00","Generated","Computed","2026-09-05T19:45:54.081Z","2026-09-05T16:16:03.215Z"
"3723","EMP-03D313","Vivaan Chopra","Finance","September 2026 Payroll","2026-08-31T18:30:00.000Z","2026-09-29T18:30:00.000Z","57600.00","4520.00","53080.00","Generated","Computed","2026-09-05T19:45:26.338Z","2026-09-05T16:16:02.641Z"
"3721","EMP-E0044B","Vivaan Bansal","Marketing & Sales","September 2026 Payroll","2026-08-31T18:30:00.000Z","2026-09-29T18:30:00.000Z","56800.00","4460.00","52340.00","Generated","Computed","2026-09-05T19:45:21.251Z","2026-09-05T16:16:02.083Z"
"3719","EMP-EE0A11","Anjali Gupta","Marketing & Sales","September 2026 Payroll","2026-08-31T18:30:00.000Z","2026-09-29T18:30:00.000Z","56000.00","4400.00","51600.00","Generated","Computed","2026-09-05T19:45:16.347Z","2026-09-05T16:16:01.490Z"
"3717","EMP-395314","Aarav Mishra","Engineering","September 2026 Payroll","2026-08-31T18:30:00.000Z","2026-09-29T18:30:00.000Z","55200.00","4340.00","50860.00","Generated","Computed","2026-09-05T19:44:48.810Z","2026-09-05T16:16:00.889Z"
"3715","EMP-C923B6","Reyansh Subramaniam","Marketing & Sales","September 2026 Payroll","2026-08-31T18:30:00.000Z","2026-09-29T18:30:00.000Z","54400.00","4280.00","50120.00","Generated","Computed","2026-09-05T19:44:21.891Z","2026-09-05T16:16:00.368Z"
"3713","EMP-AD155F","Karan Krishnan","Human Resources","September 2026 Payroll","2026-08-31T18:30:00.000Z","2026-09-29T18:30:00.000Z","53600.00","4220.00","49380.00","Generated","Computed","2026-09-05T19:44:16.953Z","2026-09-05T16:15:59.820Z"
"3711","EMP-3E483C","Divya Shah","Marketing & Sales","September 2026 Payroll","2026-08-31T18:30:00.000Z","2026-09-29T18:30:00.000Z","52800.00","4160.00","48640.00","Generated","Computed","2026-09-05T19:44:12.109Z","2026-09-05T16:15:59.254Z"
"3709","EMP-86960E","Nisha Kapoor","Marketing & Sales","September 2026 Payroll","2026-08-31T18:30:00.000Z","2026-09-29T18:30:00.000Z","52000.00","4100.00","47900.00","Generated","Computed","2026-09-05T19:44:06.614Z","2026-09-05T16:15:58.726Z"
"3707","EMP-CAD3C8","Sanjay Subramaniam","Human Resources","September 2026 Payroll","2026-08-31T18:30:00.000Z","2026-09-29T18:30:00.000Z","51200.00","4040.00","47160.00","Generated","Computed","2026-09-05T19:44:01.467Z","2026-09-05T16:15:58.215Z"
"3705","EMP-E8DBA7","Vihaan Trivedi","Marketing & Sales","September 2026 Payroll","2026-08-31T18:30:00.000Z","2026-09-29T18:30:00.000Z","50400.00","3980.00","46420.00","Generated","Computed","2026-09-05T19:43:34.243Z","2026-09-05T16:15:57.608Z"
"3703","EMP-D8E3B9","Gaurav Rathore","Engineering","September 2026 Payroll","2026-08-31T18:30:00.000Z","2026-09-29T18:30:00.000Z","49600.00","3920.00","45680.00","Generated","Computed","2026-09-05T19:43:29.042Z","2026-09-05T16:15:57.074Z"
"3701","EMP-5096E5","Ishaan Chopra","Marketing & Sales","September 2026 Payroll","2026-08-31T18:30:00.000Z","2026-09-29T18:30:00.000Z","48800.00","3860.00","44940.00","Generated","Computed","2026-09-05T19:43:23.532Z","2026-09-05T16:15:56.448Z"
"3699","EMP-7EF0F0","Shreya Das","Engineering","September 2026 Payroll","2026-08-31T18:30:00.000Z","2026-09-29T18:30:00.000Z","48000.00","3800.00","44200.00","Generated","Computed","2026-09-05T19:42:56.067Z","2026-09-05T16:15:55.866Z"
"3697","EMP-12A7C2","Siddharth Kaur","Finance","September 2026 Payroll","2026-08-31T18:30:00.000Z","2026-09-29T18:30:00.000Z","47200.00","3740.00","43460.00","Generated","Computed","2026-09-05T19:42:28.926Z","2026-09-05T16:15:55.272Z"
"3695","EMP-B16B1C","Divya Kumar","Engineering","September 2026 Payroll","2026-08-31T18:30:00.000Z","2026-09-29T18:30:00.000Z","46400.00","3680.00","42720.00","Generated","Computed","2026-09-05T19:42:23.731Z","2026-09-05T16:15:54.652Z"
"3693","EMP-5AD2CA","Simran Chatterjee","Engineering","September 2026 Payroll","2026-08-31T18:30:00.000Z","2026-09-29T18:30:00.000Z","45600.00","3620.00","41980.00","Generated","Computed","2026-09-05T19:42:18.880Z","2026-09-05T16:15:54.058Z"
"3691","EMP-B465CB","Krishna Ghosh","Finance","September 2026 Payroll","2026-08-31T18:30:00.000Z","2026-09-29T18:30:00.000Z","44800.00","3560.00","41240.00","Generated","Computed","2026-09-05T19:41:50.548Z","2026-09-05T16:15:53.272Z"
"3689","EMP-8FE05D","Vihaan Chauhan","Engineering","September 2026 Payroll","2026-08-31T18:30:00.000Z","2026-09-29T18:30:00.000Z","44000.00","3500.00","40500.00","Generated","Computed","2026-09-05T19:41:45.041Z","2026-09-05T16:15:52.722Z"
"3687","EMP-56BC71","Ishaan Yadav","Marketing & Sales","September 2026 Payroll","2026-08-31T18:30:00.000Z","2026-09-29T18:30:00.000Z","80000.00","6200.00","73800.00","Generated","Computed","2026-09-05T19:41:39.744Z","2026-09-05T16:15:52.195Z"
"3685","EMP-3654EA","Kabir Verma","Human Resources","September 2026 Payroll","2026-08-31T18:30:00.000Z","2026-09-29T18:30:00.000Z","79200.00","6140.00","73060.00","Generated","Computed","2026-09-05T19:41:34.362Z","2026-09-05T16:15:51.658Z"
"3683","EMP-B2C016","Anjali Reddy","Human Resources","September 2026 Payroll","2026-08-31T18:30:00.000Z","2026-09-29T18:30:00.000Z","78400.00","6080.00","72320.00","Generated","Computed","2026-09-05T19:41:07.054Z","2026-09-05T16:15:51.088Z"
"3681","EMP-40ADF9","Ananya Shah","Marketing & Sales","September 2026 Payroll","2026-08-31T18:30:00.000Z","2026-09-29T18:30:00.000Z","77600.00","6020.00","71580.00","Generated","Computed","2026-09-05T19:41:01.700Z","2026-09-05T16:15:50.332Z"
"3679","EMP-8B4D44","Sanjay Bose","Human Resources","September 2026 Payroll","2026-08-31T18:30:00.000Z","2026-09-29T18:30:00.000Z","76800.00","5960.00","70840.00","Generated","Computed","2026-09-05T19:40:34.230Z","2026-09-05T16:15:49.802Z"
"3677","EMP-ECD855","Naveen Bansal","Human Resources","September 2026 Payroll","2026-08-31T18:30:00.000Z","2026-09-29T18:30:00.000Z","76000.00","5900.00","70100.00","Generated","Computed","2026-09-05T19:40:28.718Z","2026-09-05T16:15:49.200Z"
"3675","EMP-12F541","Ananya Kaur","Human Resources","September 2026 Payroll","2026-08-31T18:30:00.000Z","2026-09-29T18:30:00.000Z","75200.00","5840.00","69360.00","Generated","Computed","2026-09-05T19:40:23.181Z","2026-09-05T16:15:48.592Z"
"3673","EMP-3BCB82","Neha Kulkarni","Engineering","September 2026 Payroll","2026-08-31T18:30:00.000Z","2026-09-29T18:30:00.000Z","74400.00","5780.00","68620.00","Generated","Computed","2026-09-05T19:39:56.058Z","2026-09-05T16:15:48.065Z"
"3672","EMP-237A46","Pooja Gupta","Marketing & Sales","September 2026 Payroll","2026-08-31T18:30:00.000Z","2026-09-29T18:30:00.000Z","73600.00","5720.00","67880.00","Generated","Computed","2026-09-05T19:39:50.527Z","2026-09-05T16:15:47.525Z"
"3670","EMP-007415","Siddharth Banerjee","Engineering","September 2026 Payroll","2026-08-31T18:30:00.000Z","2026-09-29T18:30:00.000Z","72800.00","5660.00","67140.00","Generated","Computed","2026-09-05T19:39:21.535Z","2026-09-05T16:15:46.919Z"
"3668","EMP-EBBBB3","Siddharth Joshi","Human Resources","September 2026 Payroll","2026-08-31T18:30:00.000Z","2026-09-29T18:30:00.000Z","72000.00","5600.00","66400.00","Generated","Computed","2026-09-05T19:39:13.036Z","2026-09-05T16:15:46.327Z"
"3666","EMP-B39B2F","Vivaan Chauhan","Marketing & Sales","September 2026 Payroll","2026-08-31T18:30:00.000Z","2026-09-29T18:30:00.000Z","71200.00","5540.00","65660.00","Generated","Computed","2026-09-05T19:39:05.470Z","2026-09-05T16:15:45.789Z"
"3664","EMP-2C41F3","Pooja Agarwal","Human Resources","September 2026 Payroll","2026-08-31T18:30:00.000Z","2026-09-29T18:30:00.000Z","70400.00","5480.00","64920.00","Generated","Computed","2026-09-05T19:38:59.041Z","2026-09-05T16:15:45.205Z"
"3662","EMP-352914","Varun Pillai","Marketing & Sales","September 2026 Payroll","2026-08-31T18:30:00.000Z","2026-09-29T18:30:00.000Z","69600.00","5420.00","64180.00","Generated","Computed","2026-09-05T19:38:53.692Z","2026-09-05T16:15:44.593Z"
"3660","EMP-07509A","Varun Shah","Human Resources","September 2026 Payroll","2026-08-31T18:30:00.000Z","2026-09-29T18:30:00.000Z","68800.00","5360.00","63440.00","Generated","Computed","2026-09-05T19:38:47.798Z","2026-09-05T16:15:43.969Z"
"3659","EMP-18B74E","Isha Sharma","Engineering","September 2026 Payroll","2026-08-31T18:30:00.000Z","2026-09-29T18:30:00.000Z","0.00","0.00","0.00","Draft","Draft","","2026-09-05T16:15:43.687Z"
"3657","EMP-A7011A","Meera Agarwal","Engineering","September 2026 Payroll","2026-08-31T18:30:00.000Z","2026-09-29T18:30:00.000Z","68000.00","5300.00","62700.00","Generated","Computed","2026-09-05T19:38:41.957Z","2026-09-05T16:15:43.443Z"
"3656","EMP-665750","Dev Yadav","Marketing & Sales","September 2026 Payroll","2026-08-31T18:30:00.000Z","2026-09-29T18:30:00.000Z","0.00","0.00","0.00","Draft","Draft","","2026-09-05T16:15:43.050Z"
"3654","EMP-18B74E","Isha Sharma","Engineering","September 2026 Payroll","2026-08-31T18:30:00.000Z","2026-09-29T18:30:00.000Z","0.00","0.00","0.00","Draft","Draft","","2026-09-05T16:15:43.049Z"
"3653","EMP-2B423B","Rohan Krishnan","Human Resources","September 2026 Payroll","2026-08-31T18:30:00.000Z","2026-09-29T18:30:00.000Z","67200.00","5240.00","61960.00","Generated","Computed","2026-09-05T19:38:14.809Z","2026-09-05T16:15:42.831Z"
"3651","EMP-03D313","Vivaan Chopra","Finance","September 2026 Payroll","2026-08-31T18:30:00.000Z","2026-09-29T18:30:00.000Z","0.00","0.00","0.00","Draft","Draft","","2026-09-05T16:15:42.446Z"
"3650","EMP-665750","Dev Yadav","Marketing & Sales","September 2026 Payroll","2026-08-31T18:30:00.000Z","2026-09-29T18:30:00.000Z","0.00","0.00","0.00","Draft","Draft","","2026-09-05T16:15:42.289Z"
"3649","EMP-A34F0C","Gaurav Chatterjee","Engineering","September 2026 Payroll","2026-08-31T18:30:00.000Z","2026-09-29T18:30:00.000Z","66400.00","5180.00","61220.00","Generated","Computed","2026-09-05T19:38:09.759Z","2026-09-05T16:15:42.104Z"
"3647","EMP-E0044B","Vivaan Bansal","Marketing & Sales","September 2026 Payroll","2026-08-31T18:30:00.000Z","2026-09-29T18:30:00.000Z","0.00","0.00","0.00","Draft","Draft","","2026-09-05T16:15:41.665Z"
"3646","EMP-03D313","Vivaan Chopra","Finance","September 2026 Payroll","2026-08-31T18:30:00.000Z","2026-09-29T18:30:00.000Z","0.00","0.00","0.00","Draft","Draft","","2026-09-05T16:15:41.347Z"
"3645","EMP-593F92","Ayaan Menon","Finance","September 2026 Payroll","2026-08-31T18:30:00.000Z","2026-09-29T18:30:00.000Z","65600.00","5120.00","60480.00","Generated","Computed","2026-09-05T19:38:04.634Z","2026-09-05T16:15:41.346Z"
"3643","EMP-EE0A11","Anjali Gupta","Marketing & Sales","September 2026 Payroll","2026-08-31T18:30:00.000Z","2026-09-29T18:30:00.000Z","0.00","0.00","0.00","Draft","Draft","","2026-09-05T16:15:40.891Z"
"3642","EMP-E0044B","Vivaan Bansal","Marketing & Sales","September 2026 Payroll","2026-08-31T18:30:00.000Z","2026-09-29T18:30:00.000Z","0.00","0.00","0.00","Draft","Draft","","2026-09-05T16:15:40.811Z"
"3641","EMP-33CA16","Rahul Sengupta","Human Resources","September 2026 Payroll","2026-08-31T18:30:00.000Z","2026-09-29T18:30:00.000Z","64800.00","5060.00","59740.00","Generated","Computed","2026-09-05T19:37:59.556Z","2026-09-05T16:15:40.678Z"
"3639","EMP-395314","Aarav Mishra","Engineering","September 2026 Payroll","2026-08-31T18:30:00.000Z","2026-09-29T18:30:00.000Z","0.00","0.00","0.00","Draft","Draft","","2026-09-05T16:15:40.262Z"
"3638","EMP-EE0A11","Anjali Gupta","Marketing & Sales","September 2026 Payroll","2026-08-31T18:30:00.000Z","2026-09-29T18:30:00.000Z","0.00","0.00","0.00","Draft","Draft","","2026-09-05T16:15:40.222Z"
"3637","EMP-63FFD0","Rahul Das","Finance","September 2026 Payroll","2026-08-31T18:30:00.000Z","2026-09-29T18:30:00.000Z","64000.00","5000.00","59000.00","Generated","Computed","2026-09-05T19:37:54.615Z","2026-09-05T16:15:40.077Z"
"3635","EMP-18B74E","Isha Sharma","Engineering","September 2026 Payroll","2026-08-31T18:30:00.000Z","2026-09-29T18:30:00.000Z","0.00","0.00","0.00","Draft","Draft","","2026-09-05T16:15:39.962Z"
"3634","EMP-C923B6","Reyansh Subramaniam","Marketing & Sales","September 2026 Payroll","2026-08-31T18:30:00.000Z","2026-09-29T18:30:00.000Z","0.00","0.00","0.00","Draft","Draft","","2026-09-05T16:15:39.710Z"
"3633","EMP-395314","Aarav Mishra","Engineering","September 2026 Payroll","2026-08-31T18:30:00.000Z","2026-09-29T18:30:00.000Z","0.00","0.00","0.00","Draft","Draft","","2026-09-05T16:15:39.703Z"
"3632","EMP-0C09F1","Reyansh Sharma","Human Resources","September 2026 Payroll","2026-08-31T18:30:00.000Z","2026-09-29T18:30:00.000Z","63200.00","4940.00","58260.00","Generated","Computed","2026-09-05T19:37:49.107Z","2026-09-05T16:15:39.545Z"
"3631","EMP-665750","Dev Yadav","Marketing & Sales","September 2026 Payroll","2026-08-31T18:30:00.000Z","2026-09-29T18:30:00.000Z","0.00","0.00","0.00","Draft","Draft","","2026-09-05T16:15:39.429Z"
"3629","EMP-AD155F","Karan Krishnan","Human Resources","September 2026 Payroll","2026-08-31T18:30:00.000Z","2026-09-29T18:30:00.000Z","0.00","0.00","0.00","Draft","Draft","","2026-09-05T16:15:39.088Z"
"3628","EMP-C923B6","Reyansh Subramaniam","Marketing & Sales","September 2026 Payroll","2026-08-31T18:30:00.000Z","2026-09-29T18:30:00.000Z","0.00","0.00","0.00","Draft","Draft","","2026-09-05T16:15:39.083Z"
"3627","EMP-E64FD0","Ananya Chopra","Human Resources","September 2026 Payroll","2026-08-31T18:30:00.000Z","2026-09-29T18:30:00.000Z","62400.00","4880.00","57520.00","Generated","Computed","2026-09-05T19:37:41.831Z","2026-09-05T16:15:38.956Z"
"3625","EMP-03D313","Vivaan Chopra","Finance","September 2026 Payroll","2026-08-31T18:30:00.000Z","2026-09-29T18:30:00.000Z","0.00","0.00","0.00","Draft","Draft","","2026-09-05T16:15:38.777Z"
"3624","EMP-3E483C","Divya Shah","Marketing & Sales","September 2026 Payroll","2026-08-31T18:30:00.000Z","2026-09-29T18:30:00.000Z","0.00","0.00","0.00","Draft","Draft","","2026-09-05T16:15:38.524Z"
"3623","EMP-AD155F","Karan Krishnan","Human Resources","September 2026 Payroll","2026-08-31T18:30:00.000Z","2026-09-29T18:30:00.000Z","0.00","0.00","0.00","Draft","Draft","","2026-09-05T16:15:38.518Z"
"3622","EMP-0DAABA","Neha Chatterjee","Finance","September 2026 Payroll","2026-08-31T18:30:00.000Z","2026-09-29T18:30:00.000Z","61600.00","4820.00","56780.00","Generated","Computed","2026-09-05T19:37:36.382Z","2026-09-05T16:15:38.415Z"
"3621","EMP-E0044B","Vivaan Bansal","Marketing & Sales","September 2026 Payroll","2026-08-31T18:30:00.000Z","2026-09-29T18:30:00.000Z","0.00","0.00","0.00","Draft","Draft","","2026-09-05T16:15:38.150Z"
"3619","EMP-86960E","Nisha Kapoor","Marketing & Sales","September 2026 Payroll","2026-08-31T18:30:00.000Z","2026-09-29T18:30:00.000Z","0.00","0.00","0.00","Draft","Draft","","2026-09-05T16:15:37.859Z"
"3618","EMP-3E483C","Divya Shah","Marketing & Sales","September 2026 Payroll","2026-08-31T18:30:00.000Z","2026-09-29T18:30:00.000Z","0.00","0.00","0.00","Draft","Draft","","2026-09-05T16:15:37.858Z"
"3617","EMP-769127","Simran Trivedi","Engineering","September 2026 Payroll","2026-08-31T18:30:00.000Z","2026-09-29T18:30:00.000Z","60800.00","4760.00","56040.00","Generated","Computed","2026-09-05T19:37:09.132Z","2026-09-05T16:15:37.839Z"
"3616","EMP-EE0A11","Anjali Gupta","Marketing & Sales","September 2026 Payroll","2026-08-31T18:30:00.000Z","2026-09-29T18:30:00.000Z","0.00","0.00","0.00","Draft","Draft","","2026-09-05T16:15:37.595Z"
"3614","EMP-86960E","Nisha Kapoor","Marketing & Sales","September 2026 Payroll","2026-08-31T18:30:00.000Z","2026-09-29T18:30:00.000Z","0.00","0.00","0.00","Draft","Draft","","2026-09-05T16:15:37.326Z"
"3613","EMP-28C386","Krishna Menon","Marketing & Sales","September 2026 Payroll","2026-08-31T18:30:00.000Z","2026-09-29T18:30:00.000Z","60000.00","4700.00","55300.00","Generated","Computed","2026-09-05T19:36:41.597Z","2026-09-05T16:15:37.325Z"
"3612","EMP-CAD3C8","Sanjay Subramaniam","Human Resources","September 2026 Payroll","2026-08-31T18:30:00.000Z","2026-09-29T18:30:00.000Z","0.00","0.00","0.00","Draft","Draft","","2026-09-05T16:15:37.183Z"
"3611","EMP-395314","Aarav Mishra","Engineering","September 2026 Payroll","2026-08-31T18:30:00.000Z","2026-09-29T18:30:00.000Z","0.00","0.00","0.00","Draft","Draft","","2026-09-05T16:15:37.028Z"
"3609","EMP-CAD3C8","Sanjay Subramaniam","Human Resources","September 2026 Payroll","2026-08-31T18:30:00.000Z","2026-09-29T18:30:00.000Z","0.00","0.00","0.00","Draft","Draft","","2026-09-05T16:15:36.766Z"
"3608","EMP-4230E9","Kavya Banerjee","Marketing & Sales","September 2026 Payroll","2026-08-31T18:30:00.000Z","2026-09-29T18:30:00.000Z","59200.00","4640.00","54560.00","Generated","Computed","2026-09-05T19:36:36.172Z","2026-09-05T16:15:36.765Z"
"3607","EMP-E8DBA7","Vihaan Trivedi","Marketing & Sales","September 2026 Payroll","2026-08-31T18:30:00.000Z","2026-09-29T18:30:00.000Z","0.00","0.00","0.00","Draft","Draft","","2026-09-05T16:15:36.504Z"
"3606","EMP-C923B6","Reyansh Subramaniam","Marketing & Sales","September 2026 Payroll","2026-08-31T18:30:00.000Z","2026-09-29T18:30:00.000Z","0.00","0.00","0.00","Draft","Draft","","2026-09-05T16:15:36.500Z"
"3604","EMP-E8DBA7","Vihaan Trivedi","Marketing & Sales","September 2026 Payroll","2026-08-31T18:30:00.000Z","2026-09-29T18:30:00.000Z","0.00","0.00","0.00","Draft","Draft","","2026-09-05T16:15:36.139Z"
"3603","EMP-18B74E","Isha Sharma","Engineering","September 2026 Payroll","2026-08-31T18:30:00.000Z","2026-09-29T18:30:00.000Z","0.00","0.00","0.00","Draft","Draft","","2026-09-05T16:15:36.106Z"
"3602","EMP-C7FBCE","Shreya Trivedi","Engineering","September 2026 Payroll","2026-08-31T18:30:00.000Z","2026-09-29T18:30:00.000Z","58400.00","4580.00","53820.00","Generated","Computed","2026-09-05T19:36:30.976Z","2026-09-05T16:15:36.103Z"
"3601","EMP-D8E3B9","Gaurav Rathore","Engineering","September 2026 Payroll","2026-08-31T18:30:00.000Z","2026-09-29T18:30:00.000Z","0.00","0.00","0.00","Draft","Draft","","2026-09-05T16:15:35.834Z"
"3600","EMP-AD155F","Karan Krishnan","Human Resources","September 2026 Payroll","2026-08-31T18:30:00.000Z","2026-09-29T18:30:00.000Z","0.00","0.00","0.00","Draft","Draft","","2026-09-05T16:15:35.771Z"
"3598","EMP-D8E3B9","Gaurav Rathore","Engineering","September 2026 Payroll","2026-08-31T18:30:00.000Z","2026-09-29T18:30:00.000Z","0.00","0.00","0.00","Draft","Draft","","2026-09-05T16:15:35.453Z"
"3597","EMP-665750","Dev Yadav","Marketing & Sales","September 2026 Payroll","2026-08-31T18:30:00.000Z","2026-09-29T18:30:00.000Z","0.00","0.00","0.00","Draft","Draft","","2026-09-05T16:15:35.451Z"
"3596","EMP-E5316F","Meera Joshi","Finance","September 2026 Payroll","2026-08-31T18:30:00.000Z","2026-09-29T18:30:00.000Z","57600.00","4520.00","53080.00","Generated","Computed","2026-09-05T19:36:03.501Z","2026-09-05T16:15:35.444Z"
"3595","EMP-5096E5","Ishaan Chopra","Marketing & Sales","September 2026 Payroll","2026-08-31T18:30:00.000Z","2026-09-29T18:30:00.000Z","0.00","0.00","0.00","Draft","Draft","","2026-09-05T16:15:35.278Z"
"3594","EMP-3E483C","Divya Shah","Marketing & Sales","September 2026 Payroll","2026-08-31T18:30:00.000Z","2026-09-29T18:30:00.000Z","0.00","0.00","0.00","Draft","Draft","","2026-09-05T16:15:35.193Z"
"3592","EMP-03D313","Vivaan Chopra","Finance","September 2026 Payroll","2026-08-31T18:30:00.000Z","2026-09-29T18:30:00.000Z","0.00","0.00","0.00","Draft","Draft","","2026-09-05T16:15:34.864Z"
"3591","EMP-5096E5","Ishaan Chopra","Marketing & Sales","September 2026 Payroll","2026-08-31T18:30:00.000Z","2026-09-29T18:30:00.000Z","0.00","0.00","0.00","Draft","Draft","","2026-09-05T16:15:34.862Z"
"3590","EMP-A771AB","Krishna Pandey","Marketing & Sales","September 2026 Payroll","2026-08-31T18:30:00.000Z","2026-09-29T18:30:00.000Z","56800.00","4460.00","52340.00","Generated","Computed","2026-09-05T19:35:36.022Z","2026-09-05T16:15:34.862Z"
"3589","EMP-7EF0F0","Shreya Das","Engineering","September 2026 Payroll","2026-08-31T18:30:00.000Z","2026-09-29T18:30:00.000Z","0.00","0.00","0.00","Draft","Draft","","2026-09-05T16:15:34.696Z"
"3588","EMP-86960E","Nisha Kapoor","Marketing & Sales","September 2026 Payroll","2026-08-31T18:30:00.000Z","2026-09-29T18:30:00.000Z","0.00","0.00","0.00","Draft","Draft","","2026-09-05T16:15:34.537Z"
"3586","EMP-E0044B","Vivaan Bansal","Marketing & Sales","September 2026 Payroll","2026-08-31T18:30:00.000Z","2026-09-29T18:30:00.000Z","0.00","0.00","0.00","Draft","Draft","","2026-09-05T16:15:34.277Z"
"3585","EMP-7EF0F0","Shreya Das","Engineering","September 2026 Payroll","2026-08-31T18:30:00.000Z","2026-09-29T18:30:00.000Z","0.00","0.00","0.00","Draft","Draft","","2026-09-05T16:15:34.276Z"
"3584","EMP-7E296F","Siddharth Kulkarni","Engineering","September 2026 Payroll","2026-08-31T18:30:00.000Z","2026-09-29T18:30:00.000Z","56000.00","4400.00","51600.00","Generated","Computed","2026-09-05T19:35:30.715Z","2026-09-05T16:15:34.276Z"
"3583","EMP-12A7C2","Siddharth Kaur","Finance","September 2026 Payroll","2026-08-31T18:30:00.000Z","2026-09-29T18:30:00.000Z","0.00","0.00","0.00","Draft","Draft","","2026-09-05T16:15:34.125Z"
"3582","EMP-CAD3C8","Sanjay Subramaniam","Human Resources","September 2026 Payroll","2026-08-31T18:30:00.000Z","2026-09-29T18:30:00.000Z","0.00","0.00","0.00","Draft","Draft","","2026-09-05T16:15:33.996Z"
"3581","EMP-EE0A11","Anjali Gupta","Marketing & Sales","September 2026 Payroll","2026-08-31T18:30:00.000Z","2026-09-29T18:30:00.000Z","0.00","0.00","0.00","Draft","Draft","","2026-09-05T16:15:33.615Z"
"3579","EMP-12A7C2","Siddharth Kaur","Finance","September 2026 Payroll","2026-08-31T18:30:00.000Z","2026-09-29T18:30:00.000Z","0.00","0.00","0.00","Draft","Draft","","2026-09-05T16:15:33.613Z"
"3578","EMP-6B6E3D","Krishna Sengupta","Finance","September 2026 Payroll","2026-08-31T18:30:00.000Z","2026-09-29T18:30:00.000Z","55200.00","4340.00","50860.00","Generated","Computed","2026-09-05T19:35:25.086Z","2026-09-05T16:15:33.612Z"
"3577","EMP-E8DBA7","Vihaan Trivedi","Marketing & Sales","September 2026 Payroll","2026-08-31T18:30:00.000Z","2026-09-29T18:30:00.000Z","0.00","0.00","0.00","Draft","Draft","","2026-09-05T16:15:33.303Z"
"3575","EMP-B16B1C","Divya Kumar","Engineering","September 2026 Payroll","2026-08-31T18:30:00.000Z","2026-09-29T18:30:00.000Z","0.00","0.00","0.00","Draft","Draft","","2026-09-05T16:15:32.895Z"
"3574","EMP-395314","Aarav Mishra","Engineering","September 2026 Payroll","2026-08-31T18:30:00.000Z","2026-09-29T18:30:00.000Z","0.00","0.00","0.00","Draft","Draft","","2026-09-05T16:15:32.895Z"
"3573","EMP-49902F","Anjali Sengupta","Finance","September 2026 Payroll","2026-08-31T18:30:00.000Z","2026-09-29T18:30:00.000Z","54400.00","4280.00","50120.00","Generated","Computed","2026-09-05T19:35:19.386Z","2026-09-05T16:15:32.893Z"
"3572","EMP-B16B1C","Divya Kumar","Engineering","September 2026 Payroll","2026-08-31T18:30:00.000Z","2026-09-29T18:30:00.000Z","0.00","0.00","0.00","Draft","Draft","","2026-09-05T16:15:32.599Z"
"3571","EMP-D8E3B9","Gaurav Rathore","Engineering","September 2026 Payroll","2026-08-31T18:30:00.000Z","2026-09-29T18:30:00.000Z","0.00","0.00","0.00","Draft","Draft","","2026-09-05T16:15:32.593Z"
"3570","EMP-C923B6","Reyansh Subramaniam","Marketing & Sales","September 2026 Payroll","2026-08-31T18:30:00.000Z","2026-09-29T18:30:00.000Z","0.00","0.00","0.00","Draft","Draft","","2026-09-05T16:15:32.122Z"
"3568","EMP-5AD2CA","Simran Chatterjee","Engineering","September 2026 Payroll","2026-08-31T18:30:00.000Z","2026-09-29T18:30:00.000Z","0.00","0.00","0.00","Draft","Draft","","2026-09-05T16:15:32.120Z"
"3567","EMP-04DC66","Deepak Bansal","Human Resources","September 2026 Payroll","2026-08-31T18:30:00.000Z","2026-09-29T18:30:00.000Z","53600.00","4220.00","49380.00","Generated","Computed","2026-09-05T19:35:13.679Z","2026-09-05T16:15:32.112Z"
"3566","EMP-5AD2CA","Simran Chatterjee","Engineering","September 2026 Payroll","2026-08-31T18:30:00.000Z","2026-09-29T18:30:00.000Z","0.00","0.00","0.00","Draft","Draft","","2026-09-05T16:15:31.865Z"
"3565","EMP-5096E5","Ishaan Chopra","Marketing & Sales","September 2026 Payroll","2026-08-31T18:30:00.000Z","2026-09-29T18:30:00.000Z","0.00","0.00","0.00","Draft","Draft","","2026-09-05T16:15:31.861Z"
"3563","EMP-AD155F","Karan Krishnan","Human Resources","September 2026 Payroll","2026-08-31T18:30:00.000Z","2026-09-29T18:30:00.000Z","0.00","0.00","0.00","Draft","Draft","","2026-09-05T16:15:31.535Z"
"3562","EMP-B465CB","Krishna Ghosh","Finance","September 2026 Payroll","2026-08-31T18:30:00.000Z","2026-09-29T18:30:00.000Z","0.00","0.00","0.00","Draft","Draft","","2026-09-05T16:15:31.535Z"
"3561","EMP-821759","Kavya Bansal","Marketing & Sales","September 2026 Payroll","2026-08-31T18:30:00.000Z","2026-09-29T18:30:00.000Z","52800.00","4160.00","48640.00","Generated","Computed","2026-09-05T19:35:07.618Z","2026-09-05T16:15:31.533Z"
"3560","EMP-B465CB","Krishna Ghosh","Finance","September 2026 Payroll","2026-08-31T18:30:00.000Z","2026-09-29T18:30:00.000Z","0.00","0.00","0.00","Draft","Draft","","2026-09-05T16:15:31.256Z"
"3559","EMP-7EF0F0","Shreya Das","Engineering","September 2026 Payroll","2026-08-31T18:30:00.000Z","2026-09-29T18:30:00.000Z","0.00","0.00","0.00","Draft","Draft","","2026-09-05T16:15:31.251Z"
"3557","EMP-8FE05D","Vihaan Chauhan","Engineering","September 2026 Payroll","2026-08-31T18:30:00.000Z","2026-09-29T18:30:00.000Z","0.00","0.00","0.00","Draft","Draft","","2026-09-05T16:15:30.806Z"
"3556","EMP-3E483C","Divya Shah","Marketing & Sales","September 2026 Payroll","2026-08-31T18:30:00.000Z","2026-09-29T18:30:00.000Z","0.00","0.00","0.00","Draft","Draft","","2026-09-05T16:15:30.805Z"
"3555","EMP-C9D423","Neha Gupta","Finance","September 2026 Payroll","2026-08-31T18:30:00.000Z","2026-09-29T18:30:00.000Z","52000.00","4100.00","47900.00","Generated","Computed","2026-09-05T19:34:40.317Z","2026-09-05T16:15:30.781Z"
"3554","EMP-8FE05D","Vihaan Chauhan","Engineering","September 2026 Payroll","2026-08-31T18:30:00.000Z","2026-09-29T18:30:00.000Z","0.00","0.00","0.00","Draft","Draft","","2026-09-05T16:15:30.541Z"
"3553","EMP-12A7C2","Siddharth Kaur","Finance","September 2026 Payroll","2026-08-31T18:30:00.000Z","2026-09-29T18:30:00.000Z","0.00","0.00","0.00","Draft","Draft","","2026-09-05T16:15:30.522Z"
"3552","EMP-86960E","Nisha Kapoor","Marketing & Sales","September 2026 Payroll","2026-08-31T18:30:00.000Z","2026-09-29T18:30:00.000Z","0.00","0.00","0.00","Draft","Draft","","2026-09-05T16:15:30.264Z"
"3550","EMP-56BC71","Ishaan Yadav","Marketing & Sales","September 2026 Payroll","2026-08-31T18:30:00.000Z","2026-09-29T18:30:00.000Z","0.00","0.00","0.00","Draft","Draft","","2026-09-05T16:15:30.262Z"
"3549","EMP-0032EB","Nikhil Chauhan","Finance","September 2026 Payroll","2026-08-31T18:30:00.000Z","2026-09-29T18:30:00.000Z","51200.00","4040.00","47160.00","Generated","Computed","2026-09-05T19:34:34.837Z","2026-09-05T16:15:30.252Z"
"3548","EMP-56BC71","Ishaan Yadav","Marketing & Sales","September 2026 Payroll","2026-08-31T18:30:00.000Z","2026-09-29T18:30:00.000Z","0.00","0.00","0.00","Draft","Draft","","2026-09-05T16:15:29.950Z"
"3547","EMP-B16B1C","Divya Kumar","Engineering","September 2026 Payroll","2026-08-31T18:30:00.000Z","2026-09-29T18:30:00.000Z","0.00","0.00","0.00","Draft","Draft","","2026-09-05T16:15:29.944Z"
"3546","EMP-CAD3C8","Sanjay Subramaniam","Human Resources","September 2026 Payroll","2026-08-31T18:30:00.000Z","2026-09-29T18:30:00.000Z","0.00","0.00","0.00","Draft","Draft","","2026-09-05T16:15:29.647Z"
"3544","EMP-3654EA","Kabir Verma","Human Resources","September 2026 Payroll","2026-08-31T18:30:00.000Z","2026-09-29T18:30:00.000Z","0.00","0.00","0.00","Draft","Draft","","2026-09-05T16:15:29.646Z"
"3543","EMP-633EC5","Naveen Iyer","Marketing & Sales","September 2026 Payroll","2026-08-31T18:30:00.000Z","2026-09-29T18:30:00.000Z","50400.00","3980.00","46420.00","Generated","Computed","2026-09-05T19:34:29.692Z","2026-09-05T16:15:29.644Z"
"3542","EMP-3654EA","Kabir Verma","Human Resources","September 2026 Payroll","2026-08-31T18:30:00.000Z","2026-09-29T18:30:00.000Z","0.00","0.00","0.00","Draft","Draft","","2026-09-05T16:15:29.330Z"
"3541","EMP-5AD2CA","Simran Chatterjee","Engineering","September 2026 Payroll","2026-08-31T18:30:00.000Z","2026-09-29T18:30:00.000Z","0.00","0.00","0.00","Draft","Draft","","2026-09-05T16:15:29.315Z"
"3539","EMP-E8DBA7","Vihaan Trivedi","Marketing & Sales","September 2026 Payroll","2026-08-31T18:30:00.000Z","2026-09-29T18:30:00.000Z","0.00","0.00","0.00","Draft","Draft","","2026-09-05T16:15:29.043Z"
"3538","EMP-B2C016","Anjali Reddy","Human Resources","September 2026 Payroll","2026-08-31T18:30:00.000Z","2026-09-29T18:30:00.000Z","0.00","0.00","0.00","Draft","Draft","","2026-09-05T16:15:29.043Z"
"3537","EMP-5FC753","Siddharth Reddy","Human Resources","September 2026 Payroll","2026-08-31T18:30:00.000Z","2026-09-29T18:30:00.000Z","49600.00","3920.00","45680.00","Generated","Computed","2026-09-05T19:34:02.701Z","2026-09-05T16:15:29.042Z"
"3536","EMP-B2C016","Anjali Reddy","Human Resources","September 2026 Payroll","2026-08-31T18:30:00.000Z","2026-09-29T18:30:00.000Z","0.00","0.00","0.00","Draft","Draft","","2026-09-05T16:15:28.717Z"
"3535","EMP-B465CB","Krishna Ghosh","Finance","September 2026 Payroll","2026-08-31T18:30:00.000Z","2026-09-29T18:30:00.000Z","0.00","0.00","0.00","Draft","Draft","","2026-09-05T16:15:28.711Z"
"3533","EMP-D8E3B9","Gaurav Rathore","Engineering","September 2026 Payroll","2026-08-31T18:30:00.000Z","2026-09-29T18:30:00.000Z","0.00","0.00","0.00","Draft","Draft","","2026-09-05T16:15:28.440Z"
"3532","EMP-40ADF9","Ananya Shah","Marketing & Sales","September 2026 Payroll","2026-08-31T18:30:00.000Z","2026-09-29T18:30:00.000Z","0.00","0.00","0.00","Draft","Draft","","2026-09-05T16:15:28.440Z"
"3531","EMP-D37FDD","Nikhil Mishra","Engineering","September 2026 Payroll","2026-08-31T18:30:00.000Z","2026-09-29T18:30:00.000Z","48800.00","3860.00","44940.00","Generated","Computed","2026-09-05T19:33:57.495Z","2026-09-05T16:15:28.416Z"
"3530","EMP-40ADF9","Ananya Shah","Marketing & Sales","September 2026 Payroll","2026-08-31T18:30:00.000Z","2026-09-29T18:30:00.000Z","0.00","0.00","0.00","Draft","Draft","","2026-09-05T16:15:28.175Z"
"3529","EMP-8FE05D","Vihaan Chauhan","Engineering","September 2026 Payroll","2026-08-31T18:30:00.000Z","2026-09-29T18:30:00.000Z","0.00","0.00","0.00","Draft","Draft","","2026-09-05T16:15:28.142Z"
"3527","EMP-5096E5","Ishaan Chopra","Marketing & Sales","September 2026 Payroll","2026-08-31T18:30:00.000Z","2026-09-29T18:30:00.000Z","0.00","0.00","0.00","Draft","Draft","","2026-09-05T16:15:27.907Z"
"3526","EMP-8B4D44","Sanjay Bose","Human Resources","September 2026 Payroll","2026-08-31T18:30:00.000Z","2026-09-29T18:30:00.000Z","0.00","0.00","0.00","Draft","Draft","","2026-09-05T16:15:27.906Z"
"3525","EMP-487FAF","Deepak Bhatia","Human Resources","September 2026 Payroll","2026-08-31T18:30:00.000Z","2026-09-29T18:30:00.000Z","48000.00","3800.00","44200.00","Generated","Computed","2026-09-05T19:33:52.016Z","2026-09-05T16:15:27.881Z"
"3524","EMP-8B4D44","Sanjay Bose","Human Resources","September 2026 Payroll","2026-08-31T18:30:00.000Z","2026-09-29T18:30:00.000Z","0.00","0.00","0.00","Draft","Draft","","2026-09-05T16:15:27.581Z"
"3523","EMP-56BC71","Ishaan Yadav","Marketing & Sales","September 2026 Payroll","2026-08-31T18:30:00.000Z","2026-09-29T18:30:00.000Z","0.00","0.00","0.00","Draft","Draft","","2026-09-05T16:15:27.576Z"
"3522","EMP-7EF0F0","Shreya Das","Engineering","September 2026 Payroll","2026-08-31T18:30:00.000Z","2026-09-29T18:30:00.000Z","0.00","0.00","0.00","Draft","Draft","","2026-09-05T16:15:27.288Z"
"3520","EMP-ECD855","Naveen Bansal","Human Resources","September 2026 Payroll","2026-08-31T18:30:00.000Z","2026-09-29T18:30:00.000Z","0.00","0.00","0.00","Draft","Draft","","2026-09-05T16:15:27.287Z"
"3519","EMP-CAB3DA","Kabir Verma","Engineering","September 2026 Payroll","2026-08-31T18:30:00.000Z","2026-09-29T18:30:00.000Z","47200.00","3740.00","43460.00","Generated","Computed","2026-09-05T19:33:46.533Z","2026-09-05T16:15:27.285Z"
"3518","EMP-ECD855","Naveen Bansal","Human Resources","September 2026 Payroll","2026-08-31T18:30:00.000Z","2026-09-29T18:30:00.000Z","0.00","0.00","0.00","Draft","Draft","","2026-09-05T16:15:27.023Z"
"3517","EMP-3654EA","Kabir Verma","Human Resources","September 2026 Payroll","2026-08-31T18:30:00.000Z","2026-09-29T18:30:00.000Z","0.00","0.00","0.00","Draft","Draft","","2026-09-05T16:15:27.019Z"
"3515","EMP-12A7C2","Siddharth Kaur","Finance","September 2026 Payroll","2026-08-31T18:30:00.000Z","2026-09-29T18:30:00.000Z","0.00","0.00","0.00","Draft","Draft","","2026-09-05T16:15:26.733Z"
"3514","EMP-12F541","Ananya Kaur","Human Resources","September 2026 Payroll","2026-08-31T18:30:00.000Z","2026-09-29T18:30:00.000Z","0.00","0.00","0.00","Draft","Draft","","2026-09-05T16:15:26.733Z"
"3513","EMP-FB4A53","Pooja Bansal","Finance","September 2026 Payroll","2026-08-31T18:30:00.000Z","2026-09-29T18:30:00.000Z","46400.00","3680.00","42720.00","Generated","Computed","2026-09-05T19:33:18.880Z","2026-09-05T16:15:26.732Z"
"3512","EMP-12F541","Ananya Kaur","Human Resources","September 2026 Payroll","2026-08-31T18:30:00.000Z","2026-09-29T18:30:00.000Z","0.00","0.00","0.00","Draft","Draft","","2026-09-05T16:15:26.452Z"
"3511","EMP-B2C016","Anjali Reddy","Human Resources","September 2026 Payroll","2026-08-31T18:30:00.000Z","2026-09-29T18:30:00.000Z","0.00","0.00","0.00","Draft","Draft","","2026-09-05T16:15:26.448Z"
"3509","EMP-B16B1C","Divya Kumar","Engineering","September 2026 Payroll","2026-08-31T18:30:00.000Z","2026-09-29T18:30:00.000Z","0.00","0.00","0.00","Draft","Draft","","2026-09-05T16:15:26.158Z"
"3508","EMP-3BCB82","Neha Kulkarni","Engineering","September 2026 Payroll","2026-08-31T18:30:00.000Z","2026-09-29T18:30:00.000Z","0.00","0.00","0.00","Draft","Draft","","2026-09-05T16:15:26.156Z"
"3507","EMP-1A3F5F","Shreya Deshmukh","Engineering","September 2026 Payroll","2026-08-31T18:30:00.000Z","2026-09-29T18:30:00.000Z","45600.00","3620.00","41980.00","Generated","Computed","2026-09-05T19:32:51.291Z","2026-09-05T16:15:26.155Z"
"3506","EMP-3BCB82","Neha Kulkarni","Engineering","September 2026 Payroll","2026-08-31T18:30:00.000Z","2026-09-29T18:30:00.000Z","0.00","0.00","0.00","Draft","Draft","","2026-09-05T16:15:25.863Z"
"3505","EMP-40ADF9","Ananya Shah","Marketing & Sales","September 2026 Payroll","2026-08-31T18:30:00.000Z","2026-09-29T18:30:00.000Z","0.00","0.00","0.00","Draft","Draft","","2026-09-05T16:15:25.833Z"
"3503","EMP-237A46","Pooja Gupta","Marketing & Sales","September 2026 Payroll","2026-08-31T18:30:00.000Z","2026-09-29T18:30:00.000Z","0.00","0.00","0.00","Draft","Draft","","2026-09-05T16:15:25.547Z"
"3502","EMP-5AD2CA","Simran Chatterjee","Engineering","September 2026 Payroll","2026-08-31T18:30:00.000Z","2026-09-29T18:30:00.000Z","0.00","0.00","0.00","Draft","Draft","","2026-09-05T16:15:25.546Z"
"3501","EMP-414629","Ishaan Shah","Finance","September 2026 Payroll","2026-08-31T18:30:00.000Z","2026-09-29T18:30:00.000Z","44800.00","3560.00","41240.00","Generated","Computed","2026-09-05T19:32:45.557Z","2026-09-05T16:15:25.542Z"
"3500","EMP-237A46","Pooja Gupta","Marketing & Sales","September 2026 Payroll","2026-08-31T18:30:00.000Z","2026-09-29T18:30:00.000Z","0.00","0.00","0.00","Draft","Draft","","2026-09-05T16:15:24.681Z"
"3499","EMP-8B4D44","Sanjay Bose","Human Resources","September 2026 Payroll","2026-08-31T18:30:00.000Z","2026-09-29T18:30:00.000Z","0.00","0.00","0.00","Draft","Draft","","2026-09-05T16:15:24.677Z"
"3498","EMP-B9CB81","Sai Mehta","Human Resources","September 2026 Payroll","2026-08-31T18:30:00.000Z","2026-09-29T18:30:00.000Z","44000.00","3500.00","40500.00","Generated","Computed","2026-09-05T19:32:18.224Z","2026-09-05T16:15:24.078Z"
"3497","EMP-B465CB","Krishna Ghosh","Finance","September 2026 Payroll","2026-08-31T18:30:00.000Z","2026-09-29T18:30:00.000Z","0.00","0.00","0.00","Draft","Draft","","2026-09-05T16:15:23.887Z"
"3495","EMP-007415","Siddharth Banerjee","Engineering","September 2026 Payroll","2026-08-31T18:30:00.000Z","2026-09-29T18:30:00.000Z","0.00","0.00","0.00","Draft","Draft","","2026-09-05T16:15:23.885Z"
"3494","EMP-ECD855","Naveen Bansal","Human Resources","September 2026 Payroll","2026-08-31T18:30:00.000Z","2026-09-29T18:30:00.000Z","0.00","0.00","0.00","Draft","Draft","","2026-09-05T16:15:23.830Z"
"3493","EMP-007415","Siddharth Banerjee","Engineering","September 2026 Payroll","2026-08-31T18:30:00.000Z","2026-09-29T18:30:00.000Z","0.00","0.00","0.00","Draft","Draft","","2026-09-05T16:15:23.631Z"
"3492","EMP-C290EE","Amit Verma","Engineering","September 2026 Payroll","2026-08-31T18:30:00.000Z","2026-09-29T18:30:00.000Z","80000.00","6200.00","73800.00","Generated","Computed","2026-09-05T19:32:12.887Z","2026-09-05T16:15:23.571Z"
"3490","EMP-8FE05D","Vihaan Chauhan","Engineering","September 2026 Payroll","2026-08-31T18:30:00.000Z","2026-09-29T18:30:00.000Z","0.00","0.00","0.00","Draft","Draft","","2026-09-05T16:15:23.358Z"
"3489","EMP-EBBBB3","Siddharth Joshi","Human Resources","September 2026 Payroll","2026-08-31T18:30:00.000Z","2026-09-29T18:30:00.000Z","0.00","0.00","0.00","Draft","Draft","","2026-09-05T16:15:23.359Z"
"3488","EMP-12F541","Ananya Kaur","Human Resources","September 2026 Payroll","2026-08-31T18:30:00.000Z","2026-09-29T18:30:00.000Z","0.00","0.00","0.00","Draft","Draft","","2026-09-05T16:15:23.190Z"
"3487","EMP-EBBBB3","Siddharth Joshi","Human Resources","September 2026 Payroll","2026-08-31T18:30:00.000Z","2026-09-29T18:30:00.000Z","0.00","0.00","0.00","Draft","Draft","","2026-09-05T16:15:23.077Z"
"3486","EMP-31A68C","Krishna Chatterjee","Finance","September 2026 Payroll","2026-08-31T18:30:00.000Z","2026-09-29T18:30:00.000Z","79200.00","6140.00","73060.00","Generated","Computed","2026-09-05T19:32:07.673Z","2026-09-05T16:15:22.931Z"
"3484","EMP-B39B2F","Vivaan Chauhan","Marketing & Sales","September 2026 Payroll","2026-08-31T18:30:00.000Z","2026-09-29T18:30:00.000Z","0.00","0.00","0.00","Draft","Draft","","2026-09-05T16:15:22.793Z"
"3483","EMP-56BC71","Ishaan Yadav","Marketing & Sales","September 2026 Payroll","2026-08-31T18:30:00.000Z","2026-09-29T18:30:00.000Z","0.00","0.00","0.00","Draft","Draft","","2026-09-05T16:15:22.793Z"
"3482","EMP-3BCB82","Neha Kulkarni","Engineering","September 2026 Payroll","2026-08-31T18:30:00.000Z","2026-09-29T18:30:00.000Z","0.00","0.00","0.00","Draft","Draft","","2026-09-05T16:15:22.677Z"
"3481","EMP-B39B2F","Vivaan Chauhan","Marketing & Sales","September 2026 Payroll","2026-08-31T18:30:00.000Z","2026-09-29T18:30:00.000Z","0.00","0.00","0.00","Draft","Draft","","2026-09-05T16:15:22.529Z"
"3480","EMP-BD481C","Sanjay Rao","Human Resources","September 2026 Payroll","2026-08-31T18:30:00.000Z","2026-09-29T18:30:00.000Z","78400.00","6080.00","72320.00","Generated","Computed","2026-09-05T19:31:40.411Z","2026-09-05T16:15:22.404Z"
"3478","EMP-2C41F3","Pooja Agarwal","Human Resources","September 2026 Payroll","2026-08-31T18:30:00.000Z","2026-09-29T18:30:00.000Z","0.00","0.00","0.00","Draft","Draft","","2026-09-05T16:15:22.244Z"
"3477","EMP-3654EA","Kabir Verma","Human Resources","September 2026 Payroll","2026-08-31T18:30:00.000Z","2026-09-29T18:30:00.000Z","0.00","0.00","0.00","Draft","Draft","","2026-09-05T16:15:22.244Z"
"3476","EMP-237A46","Pooja Gupta","Marketing & Sales","September 2026 Payroll","2026-08-31T18:30:00.000Z","2026-09-29T18:30:00.000Z","0.00","0.00","0.00","Draft","Draft","","2026-09-05T16:15:22.138Z"
"3475","EMP-2C41F3","Pooja Agarwal","Human Resources","September 2026 Payroll","2026-08-31T18:30:00.000Z","2026-09-29T18:30:00.000Z","0.00","0.00","0.00","Draft","Draft","","2026-09-05T16:15:21.943Z"
"3474","EMP-B55DE9","Naveen Trivedi","Engineering","September 2026 Payroll","2026-08-31T18:30:00.000Z","2026-09-29T18:30:00.000Z","77600.00","6020.00","71580.00","Generated","Computed","2026-09-05T19:31:35.145Z","2026-09-05T16:15:21.869Z"
"3472","EMP-352914","Varun Pillai","Marketing & Sales","September 2026 Payroll","2026-08-31T18:30:00.000Z","2026-09-29T18:30:00.000Z","0.00","0.00","0.00","Draft","Draft","","2026-09-05T16:15:21.627Z"
"3471","EMP-007415","Siddharth Banerjee","Engineering","September 2026 Payroll","2026-08-31T18:30:00.000Z","2026-09-29T18:30:00.000Z","0.00","0.00","0.00","Draft","Draft","","2026-09-05T16:15:21.613Z"
"3470","EMP-B2C016","Anjali Reddy","Human Resources","September 2026 Payroll","2026-08-31T18:30:00.000Z","2026-09-29T18:30:00.000Z","0.00","0.00","0.00","Draft","Draft","","2026-09-05T16:15:21.612Z"
"3469","EMP-352914","Varun Pillai","Marketing & Sales","September 2026 Payroll","2026-08-31T18:30:00.000Z","2026-09-29T18:30:00.000Z","0.00","0.00","0.00","Draft","Draft","","2026-09-05T16:15:21.361Z"
"3468","EMP-5C5A2C","Sai Agarwal","Marketing & Sales","September 2026 Payroll","2026-08-31T18:30:00.000Z","2026-09-29T18:30:00.000Z","76800.00","5960.00","70840.00","Generated","Computed","2026-09-05T19:31:29.691Z","2026-09-05T16:15:21.354Z"
"3467","EMP-EBBBB3","Siddharth Joshi","Human Resources","September 2026 Payroll","2026-08-31T18:30:00.000Z","2026-09-29T18:30:00.000Z","0.00","0.00","0.00","Draft","Draft","","2026-09-05T16:15:20.837Z"
"3466","EMP-40ADF9","Ananya Shah","Marketing & Sales","September 2026 Payroll","2026-08-31T18:30:00.000Z","2026-09-29T18:30:00.000Z","0.00","0.00","0.00","Draft","Draft","","2026-09-05T16:15:20.837Z"
"3464","EMP-07509A","Varun Shah","Human Resources","September 2026 Payroll","2026-08-31T18:30:00.000Z","2026-09-29T18:30:00.000Z","0.00","0.00","0.00","Draft","Draft","","2026-09-05T16:15:20.836Z"
"3463","EMP-EDD910","Naveen Agarwal","Marketing & Sales","September 2026 Payroll","2026-08-31T18:30:00.000Z","2026-09-29T18:30:00.000Z","76000.00","5900.00","70100.00","Generated","Computed","2026-09-05T19:31:02.628Z","2026-09-05T16:15:20.731Z"
"3462","EMP-07509A","Varun Shah","Human Resources","September 2026 Payroll","2026-08-31T18:30:00.000Z","2026-09-29T18:30:00.000Z","0.00","0.00","0.00","Draft","Draft","","2026-09-05T16:15:20.565Z"
"3461","EMP-B39B2F","Vivaan Chauhan","Marketing & Sales","September 2026 Payroll","2026-08-31T18:30:00.000Z","2026-09-29T18:30:00.000Z","0.00","0.00","0.00","Draft","Draft","","2026-09-05T16:15:20.299Z"
"3460","EMP-8B4D44","Sanjay Bose","Human Resources","September 2026 Payroll","2026-08-31T18:30:00.000Z","2026-09-29T18:30:00.000Z","0.00","0.00","0.00","Draft","Draft","","2026-09-05T16:15:20.298Z"
"3458","EMP-A7011A","Meera Agarwal","Engineering","September 2026 Payroll","2026-08-31T18:30:00.000Z","2026-09-29T18:30:00.000Z","0.00","0.00","0.00","Draft","Draft","","2026-09-05T16:15:20.297Z"
"3457","EMP-FDABCC","Isha Rathore","Engineering","September 2026 Payroll","2026-08-31T18:30:00.000Z","2026-09-29T18:30:00.000Z","75200.00","5840.00","69360.00","Generated","Computed","2026-09-05T19:30:35.141Z","2026-09-05T16:15:20.138Z"
"3456","EMP-A7011A","Meera Agarwal","Engineering","September 2026 Payroll","2026-08-31T18:30:00.000Z","2026-09-29T18:30:00.000Z","0.00","0.00","0.00","Draft","Draft","","2026-09-05T16:15:19.914Z"
"3455","EMP-2C41F3","Pooja Agarwal","Human Resources","September 2026 Payroll","2026-08-31T18:30:00.000Z","2026-09-29T18:30:00.000Z","0.00","0.00","0.00","Draft","Draft","","2026-09-05T16:15:19.609Z"
"3454","EMP-ECD855","Naveen Bansal","Human Resources","September 2026 Payroll","2026-08-31T18:30:00.000Z","2026-09-29T18:30:00.000Z","0.00","0.00","0.00","Draft","Draft","","2026-09-05T16:15:19.608Z"
"3452","EMP-2B423B","Rohan Krishnan","Human Resources","September 2026 Payroll","2026-08-31T18:30:00.000Z","2026-09-29T18:30:00.000Z","0.00","0.00","0.00","Draft","Draft","","2026-09-05T16:15:19.607Z"
"3451","EMP-ABFDB9","Aarav Reddy","Finance","September 2026 Payroll","2026-08-31T18:30:00.000Z","2026-09-29T18:30:00.000Z","74400.00","5780.00","68620.00","Generated","Computed","2026-09-05T19:30:29.510Z","2026-09-05T16:15:19.545Z"
"3450","EMP-2B423B","Rohan Krishnan","Human Resources","September 2026 Payroll","2026-08-31T18:30:00.000Z","2026-09-29T18:30:00.000Z","0.00","0.00","0.00","Draft","Draft","","2026-09-05T16:15:19.286Z"
"3449","EMP-A34F0C","Gaurav Chatterjee","Engineering","September 2026 Payroll","2026-08-31T18:30:00.000Z","2026-09-29T18:30:00.000Z","0.00","0.00","0.00","Draft","Draft","","2026-09-05T16:15:18.986Z"
"3447","EMP-352914","Varun Pillai","Marketing & Sales","September 2026 Payroll","2026-08-31T18:30:00.000Z","2026-09-29T18:30:00.000Z","0.00","0.00","0.00","Draft","Draft","","2026-09-05T16:15:18.985Z"
"3446","EMP-12F541","Ananya Kaur","Human Resources","September 2026 Payroll","2026-08-31T18:30:00.000Z","2026-09-29T18:30:00.000Z","0.00","0.00","0.00","Draft","Draft","","2026-09-05T16:15:18.985Z"
"3445","EMP-BDF979","Rahul Bose","Finance","September 2026 Payroll","2026-08-31T18:30:00.000Z","2026-09-29T18:30:00.000Z","73600.00","5720.00","67880.00","Generated","Computed","2026-09-05T19:30:23.795Z","2026-09-05T16:15:18.983Z"
"3444","EMP-A34F0C","Gaurav Chatterjee","Engineering","September 2026 Payroll","2026-08-31T18:30:00.000Z","2026-09-29T18:30:00.000Z","0.00","0.00","0.00","Draft","Draft","","2026-09-05T16:15:18.706Z"
"3443","EMP-07509A","Varun Shah","Human Resources","September 2026 Payroll","2026-08-31T18:30:00.000Z","2026-09-29T18:30:00.000Z","0.00","0.00","0.00","Draft","Draft","","2026-09-05T16:15:18.425Z"
"3441","EMP-3BCB82","Neha Kulkarni","Engineering","September 2026 Payroll","2026-08-31T18:30:00.000Z","2026-09-29T18:30:00.000Z","0.00","0.00","0.00","Draft","Draft","","2026-09-05T16:15:18.423Z"
"3440","EMP-593F92","Ayaan Menon","Finance","September 2026 Payroll","2026-08-31T18:30:00.000Z","2026-09-29T18:30:00.000Z","0.00","0.00","0.00","Draft","Draft","","2026-09-05T16:15:18.422Z"
"3439","EMP-010161","Isha Krishnan","Finance","September 2026 Payroll","2026-08-31T18:30:00.000Z","2026-09-29T18:30:00.000Z","72800.00","5660.00","67140.00","Generated","Computed","2026-09-05T19:30:18.128Z","2026-09-05T16:15:18.400Z"
"3438","EMP-593F92","Ayaan Menon","Finance","September 2026 Payroll","2026-08-31T18:30:00.000Z","2026-09-29T18:30:00.000Z","0.00","0.00","0.00","Draft","Draft","","2026-09-05T16:15:18.153Z"
"3436","EMP-A7011A","Meera Agarwal","Engineering","September 2026 Payroll","2026-08-31T18:30:00.000Z","2026-09-29T18:30:00.000Z","0.00","0.00","0.00","Draft","Draft","","2026-09-05T16:15:17.884Z"
"3435","EMP-237A46","Pooja Gupta","Marketing & Sales","September 2026 Payroll","2026-08-31T18:30:00.000Z","2026-09-29T18:30:00.000Z","0.00","0.00","0.00","Draft","Draft","","2026-09-05T16:15:17.883Z"
"3434","EMP-33CA16","Rahul Sengupta","Human Resources","September 2026 Payroll","2026-08-31T18:30:00.000Z","2026-09-29T18:30:00.000Z","0.00","0.00","0.00","Draft","Draft","","2026-09-05T16:15:17.882Z"
"3433","EMP-BEE951","Amit Kulkarni","Finance","September 2026 Payroll","2026-08-31T18:30:00.000Z","2026-09-29T18:30:00.000Z","72000.00","5600.00","66400.00","Generated","Computed","2026-09-05T19:29:50.594Z","2026-09-05T16:15:17.882Z"
"3432","EMP-33CA16","Rahul Sengupta","Human Resources","September 2026 Payroll","2026-08-31T18:30:00.000Z","2026-09-29T18:30:00.000Z","0.00","0.00","0.00","Draft","Draft","","2026-09-05T16:15:17.452Z"
"3431","EMP-2B423B","Rohan Krishnan","Human Resources","September 2026 Payroll","2026-08-31T18:30:00.000Z","2026-09-29T18:30:00.000Z","0.00","0.00","0.00","Draft","Draft","","2026-09-05T16:15:17.251Z"
"3430","EMP-63FFD0","Rahul Das","Finance","September 2026 Payroll","2026-08-31T18:30:00.000Z","2026-09-29T18:30:00.000Z","0.00","0.00","0.00","Draft","Draft","","2026-09-05T16:15:17.249Z"
"3428","EMP-007415","Siddharth Banerjee","Engineering","September 2026 Payroll","2026-08-31T18:30:00.000Z","2026-09-29T18:30:00.000Z","0.00","0.00","0.00","Draft","Draft","","2026-09-05T16:15:17.051Z"
"3427","EMP-D21DA7","Nikhil Reddy","Finance","September 2026 Payroll","2026-08-31T18:30:00.000Z","2026-09-29T18:30:00.000Z","71200.00","5540.00","65660.00","Generated","Computed","2026-09-05T19:29:45.175Z","2026-09-05T16:15:17.045Z"
"3426","EMP-63FFD0","Rahul Das","Finance","September 2026 Payroll","2026-08-31T18:30:00.000Z","2026-09-29T18:30:00.000Z","0.00","0.00","0.00","Draft","Draft","","2026-09-05T16:15:16.715Z"
"3425","EMP-A34F0C","Gaurav Chatterjee","Engineering","September 2026 Payroll","2026-08-31T18:30:00.000Z","2026-09-29T18:30:00.000Z","0.00","0.00","0.00","Draft","Draft","","2026-09-05T16:15:16.648Z"
"3424","EMP-0C09F1","Reyansh Sharma","Human Resources","September 2026 Payroll","2026-08-31T18:30:00.000Z","2026-09-29T18:30:00.000Z","0.00","0.00","0.00","Draft","Draft","","2026-09-05T16:15:16.648Z"
"3422","EMP-EBBBB3","Siddharth Joshi","Human Resources","September 2026 Payroll","2026-08-31T18:30:00.000Z","2026-09-29T18:30:00.000Z","0.00","0.00","0.00","Draft","Draft","","2026-09-05T16:15:16.529Z"
"3421","EMP-304B6F","Ishaan Iyer","Marketing & Sales","September 2026 Payroll","2026-08-31T18:30:00.000Z","2026-09-29T18:30:00.000Z","70400.00","5480.00","64920.00","Generated","Computed","2026-09-05T19:29:39.396Z","2026-09-05T16:15:16.526Z"
"3420","EMP-0C09F1","Reyansh Sharma","Human Resources","September 2026 Payroll","2026-08-31T18:30:00.000Z","2026-09-29T18:30:00.000Z","0.00","0.00","0.00","Draft","Draft","","2026-09-05T16:15:16.092Z"
"3419","EMP-593F92","Ayaan Menon","Finance","September 2026 Payroll","2026-08-31T18:30:00.000Z","2026-09-29T18:30:00.000Z","0.00","0.00","0.00","Draft","Draft","","2026-09-05T16:15:16.076Z"
"3418","EMP-E64FD0","Ananya Chopra","Human Resources","September 2026 Payroll","2026-08-31T18:30:00.000Z","2026-09-29T18:30:00.000Z","0.00","0.00","0.00","Draft","Draft","","2026-09-05T16:15:16.075Z"
"3416","EMP-B39B2F","Vivaan Chauhan","Marketing & Sales","September 2026 Payroll","2026-08-31T18:30:00.000Z","2026-09-29T18:30:00.000Z","0.00","0.00","0.00","Draft","Draft","","2026-09-05T16:15:15.914Z"
"3415","EMP-465F89","Siddharth Rathore","Finance","September 2026 Payroll","2026-08-31T18:30:00.000Z","2026-09-29T18:30:00.000Z","69600.00","5420.00","64180.00","Generated","Computed","2026-09-05T19:27:28.301Z","2026-09-05T16:15:15.912Z"
"3414","EMP-0DAABA","Neha Chatterjee","Finance","September 2026 Payroll","2026-08-31T18:30:00.000Z","2026-09-29T18:30:00.000Z","0.00","0.00","0.00","Draft","Draft","","2026-09-05T16:15:15.495Z"
"3413","EMP-E64FD0","Ananya Chopra","Human Resources","September 2026 Payroll","2026-08-31T18:30:00.000Z","2026-09-29T18:30:00.000Z","0.00","0.00","0.00","Draft","Draft","","2026-09-05T16:15:15.487Z"
"3412","EMP-33CA16","Rahul Sengupta","Human Resources","September 2026 Payroll","2026-08-31T18:30:00.000Z","2026-09-29T18:30:00.000Z","0.00","0.00","0.00","Draft","Draft","","2026-09-05T16:15:15.483Z"
"3411","EMP-2C41F3","Pooja Agarwal","Human Resources","September 2026 Payroll","2026-08-31T18:30:00.000Z","2026-09-29T18:30:00.000Z","0.00","0.00","0.00","Draft","Draft","","2026-09-05T16:15:15.144Z"
"3409","EMP-9F4A66","Nisha Chopra","Engineering","September 2026 Payroll","2026-08-31T18:30:00.000Z","2026-09-29T18:30:00.000Z","68800.00","5360.00","63440.00","Generated","Computed","2026-09-05T19:27:01.209Z","2026-09-05T16:15:15.140Z"
"3408","EMP-63FFD0","Rahul Das","Finance","September 2026 Payroll","2026-08-31T18:30:00.000Z","2026-09-29T18:30:00.000Z","0.00","0.00","0.00","Draft","Draft","","2026-09-05T16:15:14.737Z"
"3407","EMP-0DAABA","Neha Chatterjee","Finance","September 2026 Payroll","2026-08-31T18:30:00.000Z","2026-09-29T18:30:00.000Z","0.00","0.00","0.00","Draft","Draft","","2026-09-05T16:15:14.627Z"
"3406","EMP-769127","Simran Trivedi","Engineering","September 2026 Payroll","2026-08-31T18:30:00.000Z","2026-09-29T18:30:00.000Z","0.00","0.00","0.00","Draft","Draft","","2026-09-05T16:15:14.627Z"
"3405","EMP-352914","Varun Pillai","Marketing & Sales","September 2026 Payroll","2026-08-31T18:30:00.000Z","2026-09-29T18:30:00.000Z","0.00","0.00","0.00","Draft","Draft","","2026-09-05T16:15:14.270Z"
"3404","EMP-C362EF","Nikhil Pandey","Engineering","September 2026 Payroll","2026-08-31T18:30:00.000Z","2026-09-29T18:30:00.000Z","68000.00","5300.00","62700.00","Generated","Computed","2026-09-05T19:26:33.907Z","2026-09-05T16:15:14.239Z"
"3402","EMP-0C09F1","Reyansh Sharma","Human Resources","September 2026 Payroll","2026-08-31T18:30:00.000Z","2026-09-29T18:30:00.000Z","0.00","0.00","0.00","Draft","Draft","","2026-09-05T16:15:13.978Z"
"3401","EMP-769127","Simran Trivedi","Engineering","September 2026 Payroll","2026-08-31T18:30:00.000Z","2026-09-29T18:30:00.000Z","0.00","0.00","0.00","Draft","Draft","","2026-09-05T16:15:13.765Z"
"3400","EMP-28C386","Krishna Menon","Marketing & Sales","September 2026 Payroll","2026-08-31T18:30:00.000Z","2026-09-29T18:30:00.000Z","0.00","0.00","0.00","Draft","Draft","","2026-09-05T16:15:13.749Z"
"3399","EMP-07509A","Varun Shah","Human Resources","September 2026 Payroll","2026-08-31T18:30:00.000Z","2026-09-29T18:30:00.000Z","0.00","0.00","0.00","Draft","Draft","","2026-09-05T16:15:13.659Z"
"3398","EMP-DF76DB","Ananya Menon","Human Resources","September 2026 Payroll","2026-08-31T18:30:00.000Z","2026-09-29T18:30:00.000Z","67200.00","5240.00","61960.00","Generated","Computed","2026-09-05T19:26:05.506Z","2026-09-05T16:15:13.657Z"
"3396","EMP-E64FD0","Ananya Chopra","Human Resources","September 2026 Payroll","2026-08-31T18:30:00.000Z","2026-09-29T18:30:00.000Z","0.00","0.00","0.00","Draft","Draft","","2026-09-05T16:15:13.363Z"
"3395","EMP-28C386","Krishna Menon","Marketing & Sales","September 2026 Payroll","2026-08-31T18:30:00.000Z","2026-09-29T18:30:00.000Z","0.00","0.00","0.00","Draft","Draft","","2026-09-05T16:15:13.175Z"
"3394","EMP-4230E9","Kavya Banerjee","Marketing & Sales","September 2026 Payroll","2026-08-31T18:30:00.000Z","2026-09-29T18:30:00.000Z","0.00","0.00","0.00","Draft","Draft","","2026-09-05T16:15:13.163Z"
"3393","EMP-A7011A","Meera Agarwal","Engineering","September 2026 Payroll","2026-08-31T18:30:00.000Z","2026-09-29T18:30:00.000Z","0.00","0.00","0.00","Draft","Draft","","2026-09-05T16:15:13.086Z"
"3392","EMP-AFEE5B","Nisha Chatterjee","Finance","September 2026 Payroll","2026-08-31T18:30:00.000Z","2026-09-29T18:30:00.000Z","66400.00","5180.00","61220.00","Generated","Computed","2026-09-05T19:25:37.963Z","2026-09-05T16:15:13.084Z"
"3391","EMP-0DAABA","Neha Chatterjee","Finance","September 2026 Payroll","2026-08-31T18:30:00.000Z","2026-09-29T18:30:00.000Z","0.00","0.00","0.00","Draft","Draft","","2026-09-05T16:15:12.828Z"
"3389","EMP-4230E9","Kavya Banerjee","Marketing & Sales","September 2026 Payroll","2026-08-31T18:30:00.000Z","2026-09-29T18:30:00.000Z","0.00","0.00","0.00","Draft","Draft","","2026-09-05T16:15:12.540Z"
"3388","EMP-2B423B","Rohan Krishnan","Human Resources","September 2026 Payroll","2026-08-31T18:30:00.000Z","2026-09-29T18:30:00.000Z","0.00","0.00","0.00","Draft","Draft","","2026-09-05T16:15:12.536Z"
"3387","EMP-C7FBCE","Shreya Trivedi","Engineering","September 2026 Payroll","2026-08-31T18:30:00.000Z","2026-09-29T18:30:00.000Z","0.00","0.00","0.00","Draft","Draft","","2026-09-05T16:15:12.534Z"
"3386","EMP-9DE65A","Sai Pandey","Human Resources","September 2026 Payroll","2026-08-31T18:30:00.000Z","2026-09-29T18:30:00.000Z","65600.00","5120.00","60480.00","Generated","Computed","2026-09-05T19:25:10.368Z","2026-09-05T16:15:12.520Z"
"3384","EMP-769127","Simran Trivedi","Engineering","September 2026 Payroll","2026-08-31T18:30:00.000Z","2026-09-29T18:30:00.000Z","0.00","0.00","0.00","Draft","Draft","","2026-09-05T16:15:12.236Z"
"3383","EMP-C7FBCE","Shreya Trivedi","Engineering","September 2026 Payroll","2026-08-31T18:30:00.000Z","2026-09-29T18:30:00.000Z","0.00","0.00","0.00","Draft","Draft","","2026-09-05T16:15:11.944Z"
"3382","EMP-A34F0C","Gaurav Chatterjee","Engineering","September 2026 Payroll","2026-08-31T18:30:00.000Z","2026-09-29T18:30:00.000Z","0.00","0.00","0.00","Draft","Draft","","2026-09-05T16:15:11.938Z"
"3381","EMP-E5316F","Meera Joshi","Finance","September 2026 Payroll","2026-08-31T18:30:00.000Z","2026-09-29T18:30:00.000Z","0.00","0.00","0.00","Draft","Draft","","2026-09-05T16:15:11.936Z"
"3380","EMP-373BCD","Vivaan Ghosh","Marketing & Sales","September 2026 Payroll","2026-08-31T18:30:00.000Z","2026-09-29T18:30:00.000Z","64800.00","5060.00","59740.00","Generated","Computed","2026-09-05T19:24:43.836Z","2026-09-05T16:15:11.924Z"
"3378","EMP-28C386","Krishna Menon","Marketing & Sales","September 2026 Payroll","2026-08-31T18:30:00.000Z","2026-09-29T18:30:00.000Z","0.00","0.00","0.00","Draft","Draft","","2026-09-05T16:15:11.630Z"
"3377","EMP-E5316F","Meera Joshi","Finance","September 2026 Payroll","2026-08-31T18:30:00.000Z","2026-09-29T18:30:00.000Z","0.00","0.00","0.00","Draft","Draft","","2026-09-05T16:15:11.319Z"
"3376","EMP-593F92","Ayaan Menon","Finance","September 2026 Payroll","2026-08-31T18:30:00.000Z","2026-09-29T18:30:00.000Z","0.00","0.00","0.00","Draft","Draft","","2026-09-05T16:15:11.314Z"
"3375","EMP-A771AB","Krishna Pandey","Marketing & Sales","September 2026 Payroll","2026-08-31T18:30:00.000Z","2026-09-29T18:30:00.000Z","0.00","0.00","0.00","Draft","Draft","","2026-09-05T16:15:11.312Z"
"3374","EMP-63B1D1","Riya Krishnan","Finance","September 2026 Payroll","2026-08-31T18:30:00.000Z","2026-09-29T18:30:00.000Z","64000.00","5000.00","59000.00","Generated","Computed","2026-09-05T19:24:16.239Z","2026-09-05T16:15:11.311Z"
"3373","EMP-4230E9","Kavya Banerjee","Marketing & Sales","September 2026 Payroll","2026-08-31T18:30:00.000Z","2026-09-29T18:30:00.000Z","0.00","0.00","0.00","Draft","Draft","","2026-09-05T16:15:11.007Z"
"3371","EMP-A771AB","Krishna Pandey","Marketing & Sales","September 2026 Payroll","2026-08-31T18:30:00.000Z","2026-09-29T18:30:00.000Z","0.00","0.00","0.00","Draft","Draft","","2026-09-05T16:15:10.734Z"
"3370","EMP-33CA16","Rahul Sengupta","Human Resources","September 2026 Payroll","2026-08-31T18:30:00.000Z","2026-09-29T18:30:00.000Z","0.00","0.00","0.00","Draft","Draft","","2026-09-05T16:15:10.732Z"
"3369","EMP-7E296F","Siddharth Kulkarni","Engineering","September 2026 Payroll","2026-08-31T18:30:00.000Z","2026-09-29T18:30:00.000Z","0.00","0.00","0.00","Draft","Draft","","2026-09-05T16:15:10.730Z"
"3368","EMP-A9E145","Neha Kapoor","Human Resources","September 2026 Payroll","2026-08-31T18:30:00.000Z","2026-09-29T18:30:00.000Z","63200.00","4940.00","58260.00","Generated","Computed","2026-09-05T19:23:48.787Z","2026-09-05T16:15:10.729Z"
"3366","EMP-C7FBCE","Shreya Trivedi","Engineering","September 2026 Payroll","2026-08-31T18:30:00.000Z","2026-09-29T18:30:00.000Z","0.00","0.00","0.00","Draft","Draft","","2026-09-05T16:15:10.452Z"
"3365","EMP-6B6E3D","Krishna Sengupta","Finance","September 2026 Payroll","2026-08-31T18:30:00.000Z","2026-09-29T18:30:00.000Z","0.00","0.00","0.00","Draft","Draft","","2026-09-05T16:15:10.167Z"
"3364","EMP-63FFD0","Rahul Das","Finance","September 2026 Payroll","2026-08-31T18:30:00.000Z","2026-09-29T18:30:00.000Z","0.00","0.00","0.00","Draft","Draft","","2026-09-05T16:15:10.166Z"
"3363","EMP-8D4B72","Aditya Shah","Marketing & Sales","September 2026 Payroll","2026-08-31T18:30:00.000Z","2026-09-29T18:30:00.000Z","62400.00","4880.00","57520.00","Generated","Computed","2026-09-05T19:23:21.922Z","2026-09-05T16:15:10.164Z"
"3362","EMP-7E296F","Siddharth Kulkarni","Engineering","September 2026 Payroll","2026-08-31T18:30:00.000Z","2026-09-29T18:30:00.000Z","0.00","0.00","0.00","Draft","Draft","","2026-09-05T16:15:10.032Z"
"3360","EMP-E5316F","Meera Joshi","Finance","September 2026 Payroll","2026-08-31T18:30:00.000Z","2026-09-29T18:30:00.000Z","0.00","0.00","0.00","Draft","Draft","","2026-09-05T16:15:09.882Z"
"3359","EMP-0C09F1","Reyansh Sharma","Human Resources","September 2026 Payroll","2026-08-31T18:30:00.000Z","2026-09-29T18:30:00.000Z","0.00","0.00","0.00","Draft","Draft","","2026-09-05T16:15:09.620Z"
"3358","EMP-49902F","Anjali Sengupta","Finance","September 2026 Payroll","2026-08-31T18:30:00.000Z","2026-09-29T18:30:00.000Z","0.00","0.00","0.00","Draft","Draft","","2026-09-05T16:15:09.619Z"
"3357","EMP-27173F","Sanjay Agarwal","Human Resources","September 2026 Payroll","2026-08-31T18:30:00.000Z","2026-09-29T18:30:00.000Z","61600.00","4820.00","56780.00","Generated","Computed","2026-09-05T19:23:16.414Z","2026-09-05T16:15:09.617Z"
"3356","EMP-6B6E3D","Krishna Sengupta","Finance","September 2026 Payroll","2026-08-31T18:30:00.000Z","2026-09-29T18:30:00.000Z","0.00","0.00","0.00","Draft","Draft","","2026-09-05T16:15:09.476Z"
"3354","EMP-A771AB","Krishna Pandey","Marketing & Sales","September 2026 Payroll","2026-08-31T18:30:00.000Z","2026-09-29T18:30:00.000Z","0.00","0.00","0.00","Draft","Draft","","2026-09-05T16:15:09.343Z"
"3353","EMP-E64FD0","Ananya Chopra","Human Resources","September 2026 Payroll","2026-08-31T18:30:00.000Z","2026-09-29T18:30:00.000Z","0.00","0.00","0.00","Draft","Draft","","2026-09-05T16:15:09.059Z"
"3352","EMP-04DC66","Deepak Bansal","Human Resources","September 2026 Payroll","2026-08-31T18:30:00.000Z","2026-09-29T18:30:00.000Z","0.00","0.00","0.00","Draft","Draft","","2026-09-05T16:15:09.059Z"
"3351","EMP-DECF50","Nisha Joshi","Marketing & Sales","September 2026 Payroll","2026-08-31T18:30:00.000Z","2026-09-29T18:30:00.000Z","60800.00","4760.00","56040.00","Generated","Computed","2026-09-05T19:22:49.168Z","2026-09-05T16:15:09.058Z"
"3350","EMP-49902F","Anjali Sengupta","Finance","September 2026 Payroll","2026-08-31T18:30:00.000Z","2026-09-29T18:30:00.000Z","0.00","0.00","0.00","Draft","Draft","","2026-09-05T16:15:08.821Z"
"3348","EMP-7E296F","Siddharth Kulkarni","Engineering","September 2026 Payroll","2026-08-31T18:30:00.000Z","2026-09-29T18:30:00.000Z","0.00","0.00","0.00","Draft","Draft","","2026-09-05T16:15:08.781Z"
"3347","EMP-0DAABA","Neha Chatterjee","Finance","September 2026 Payroll","2026-08-31T18:30:00.000Z","2026-09-29T18:30:00.000Z","0.00","0.00","0.00","Draft","Draft","","2026-09-05T16:15:08.425Z"
"3346","EMP-821759","Kavya Bansal","Marketing & Sales","September 2026 Payroll","2026-08-31T18:30:00.000Z","2026-09-29T18:30:00.000Z","0.00","0.00","0.00","Draft","Draft","","2026-09-05T16:15:08.422Z"
"3345","EMP-334E8F","Aarav Ghosh","Human Resources","September 2026 Payroll","2026-08-31T18:30:00.000Z","2026-09-29T18:30:00.000Z","60000.00","4700.00","55300.00","Generated","Computed","2026-09-05T19:22:43.688Z","2026-09-05T16:15:08.422Z"
"3344","EMP-04DC66","Deepak Bansal","Human Resources","September 2026 Payroll","2026-08-31T18:30:00.000Z","2026-09-29T18:30:00.000Z","0.00","0.00","0.00","Draft","Draft","","2026-09-05T16:15:08.150Z"
"3343","EMP-6B6E3D","Krishna Sengupta","Finance","September 2026 Payroll","2026-08-31T18:30:00.000Z","2026-09-29T18:30:00.000Z","0.00","0.00","0.00","Draft","Draft","","2026-09-05T16:15:08.147Z"
"3341","EMP-C9D423","Neha Gupta","Finance","September 2026 Payroll","2026-08-31T18:30:00.000Z","2026-09-29T18:30:00.000Z","0.00","0.00","0.00","Draft","Draft","","2026-09-05T16:15:07.275Z"
"3340","EMP-769127","Simran Trivedi","Engineering","September 2026 Payroll","2026-08-31T18:30:00.000Z","2026-09-29T18:30:00.000Z","0.00","0.00","0.00","Draft","Draft","","2026-09-05T16:15:07.210Z"
"3339","EMP-43F6C1","Ishaan Malhotra","Human Resources","September 2026 Payroll","2026-08-31T18:30:00.000Z","2026-09-29T18:30:00.000Z","59200.00","4640.00","54560.00","Generated","Computed","2026-09-05T19:22:36.006Z","2026-09-05T16:15:07.207Z"
"3338","EMP-821759","Kavya Bansal","Marketing & Sales","September 2026 Payroll","2026-08-31T18:30:00.000Z","2026-09-29T18:30:00.000Z","0.00","0.00","0.00","Draft","Draft","","2026-09-05T16:15:06.993Z"
"3336","EMP-49902F","Anjali Sengupta","Finance","September 2026 Payroll","2026-08-31T18:30:00.000Z","2026-09-29T18:30:00.000Z","0.00","0.00","0.00","Draft","Draft","","2026-09-05T16:15:06.918Z"
"3335","EMP-0032EB","Nikhil Chauhan","Finance","September 2026 Payroll","2026-08-31T18:30:00.000Z","2026-09-29T18:30:00.000Z","0.00","0.00","0.00","Draft","Draft","","2026-09-05T16:15:06.711Z"
"3334","EMP-28C386","Krishna Menon","Marketing & Sales","September 2026 Payroll","2026-08-31T18:30:00.000Z","2026-09-29T18:30:00.000Z","0.00","0.00","0.00","Draft","Draft","","2026-09-05T16:15:06.625Z"
"3333","EMP-85224C","Kavya Reddy","Marketing & Sales","September 2026 Payroll","2026-08-31T18:30:00.000Z","2026-09-29T18:30:00.000Z","58400.00","4580.00","53820.00","Generated","Computed","2026-09-05T19:22:08.195Z","2026-09-05T16:15:06.619Z"
"3332","EMP-C9D423","Neha Gupta","Finance","September 2026 Payroll","2026-08-31T18:30:00.000Z","2026-09-29T18:30:00.000Z","0.00","0.00","0.00","Draft","Draft","","2026-09-05T16:15:06.456Z"
"3330","EMP-04DC66","Deepak Bansal","Human Resources","September 2026 Payroll","2026-08-31T18:30:00.000Z","2026-09-29T18:30:00.000Z","0.00","0.00","0.00","Draft","Draft","","2026-09-05T16:15:06.361Z"
"3329","EMP-633EC5","Naveen Iyer","Marketing & Sales","September 2026 Payroll","2026-08-31T18:30:00.000Z","2026-09-29T18:30:00.000Z","0.00","0.00","0.00","Draft","Draft","","2026-09-05T16:15:06.170Z"
"3328","EMP-4230E9","Kavya Banerjee","Marketing & Sales","September 2026 Payroll","2026-08-31T18:30:00.000Z","2026-09-29T18:30:00.000Z","0.00","0.00","0.00","Draft","Draft","","2026-09-05T16:15:06.098Z"
"3327","EMP-14F1B9","Neha Verma","Marketing & Sales","September 2026 Payroll","2026-08-31T18:30:00.000Z","2026-09-29T18:30:00.000Z","57600.00","4520.00","53080.00","Generated","Computed","2026-09-05T19:22:02.999Z","2026-09-05T16:15:06.068Z"
"3326","EMP-0032EB","Nikhil Chauhan","Finance","September 2026 Payroll","2026-08-31T18:30:00.000Z","2026-09-29T18:30:00.000Z","0.00","0.00","0.00","Draft","Draft","","2026-09-05T16:15:05.851Z"
"3324","EMP-821759","Kavya Bansal","Marketing & Sales","September 2026 Payroll","2026-08-31T18:30:00.000Z","2026-09-29T18:30:00.000Z","0.00","0.00","0.00","Draft","Draft","","2026-09-05T16:15:05.797Z"
"3323","EMP-5FC753","Siddharth Reddy","Human Resources","September 2026 Payroll","2026-08-31T18:30:00.000Z","2026-09-29T18:30:00.000Z","0.00","0.00","0.00","Draft","Draft","","2026-09-05T16:15:05.550Z"
"3322","EMP-C7FBCE","Shreya Trivedi","Engineering","September 2026 Payroll","2026-08-31T18:30:00.000Z","2026-09-29T18:30:00.000Z","0.00","0.00","0.00","Draft","Draft","","2026-09-05T16:15:05.539Z"
"3321","EMP-29137D","Nisha Saxena","Finance","September 2026 Payroll","2026-08-31T18:30:00.000Z","2026-09-29T18:30:00.000Z","56800.00","4460.00","52340.00","Generated","Computed","2026-09-05T19:21:35.837Z","2026-09-05T16:15:05.535Z"
"3320","EMP-633EC5","Naveen Iyer","Marketing & Sales","September 2026 Payroll","2026-08-31T18:30:00.000Z","2026-09-29T18:30:00.000Z","0.00","0.00","0.00","Draft","Draft","","2026-09-05T16:15:05.285Z"
"3318","EMP-C9D423","Neha Gupta","Finance","September 2026 Payroll","2026-08-31T18:30:00.000Z","2026-09-29T18:30:00.000Z","0.00","0.00","0.00","Draft","Draft","","2026-09-05T16:15:05.280Z"
"3317","EMP-E5316F","Meera Joshi","Finance","September 2026 Payroll","2026-08-31T18:30:00.000Z","2026-09-29T18:30:00.000Z","0.00","0.00","0.00","Draft","Draft","","2026-09-05T16:15:04.971Z"
"3316","EMP-D37FDD","Nikhil Mishra","Engineering","September 2026 Payroll","2026-08-31T18:30:00.000Z","2026-09-29T18:30:00.000Z","0.00","0.00","0.00","Draft","Draft","","2026-09-05T16:15:04.970Z"
"3315","EMP-46D710","Naveen Rao","Engineering","September 2026 Payroll","2026-08-31T18:30:00.000Z","2026-09-29T18:30:00.000Z","56000.00","4400.00","51600.00","Generated","Computed","2026-09-05T19:21:30.170Z","2026-09-05T16:15:04.968Z"
"3314","EMP-5FC753","Siddharth Reddy","Human Resources","September 2026 Payroll","2026-08-31T18:30:00.000Z","2026-09-29T18:30:00.000Z","0.00","0.00","0.00","Draft","Draft","","2026-09-05T16:15:04.695Z"
"3312","EMP-0032EB","Nikhil Chauhan","Finance","September 2026 Payroll","2026-08-31T18:30:00.000Z","2026-09-29T18:30:00.000Z","0.00","0.00","0.00","Draft","Draft","","2026-09-05T16:15:04.692Z"
"3311","EMP-A771AB","Krishna Pandey","Marketing & Sales","September 2026 Payroll","2026-08-31T18:30:00.000Z","2026-09-29T18:30:00.000Z","0.00","0.00","0.00","Draft","Draft","","2026-09-05T16:15:04.422Z"
"3310","EMP-487FAF","Deepak Bhatia","Human Resources","September 2026 Payroll","2026-08-31T18:30:00.000Z","2026-09-29T18:30:00.000Z","0.00","0.00","0.00","Draft","Draft","","2026-09-05T16:15:04.420Z"
"3309","EMP-9753BA","Aditya Pandey","Finance","September 2026 Payroll","2026-08-31T18:30:00.000Z","2026-09-29T18:30:00.000Z","55200.00","4340.00","50860.00","Generated","Computed","2026-09-05T19:21:02.497Z","2026-09-05T16:15:04.419Z"
"3308","EMP-D37FDD","Nikhil Mishra","Engineering","September 2026 Payroll","2026-08-31T18:30:00.000Z","2026-09-29T18:30:00.000Z","0.00","0.00","0.00","Draft","Draft","","2026-09-05T16:15:04.151Z"
"3306","EMP-633EC5","Naveen Iyer","Marketing & Sales","September 2026 Payroll","2026-08-31T18:30:00.000Z","2026-09-29T18:30:00.000Z","0.00","0.00","0.00","Draft","Draft","","2026-09-05T16:15:04.141Z"
"3305","EMP-7E296F","Siddharth Kulkarni","Engineering","September 2026 Payroll","2026-08-31T18:30:00.000Z","2026-09-29T18:30:00.000Z","0.00","0.00","0.00","Draft","Draft","","2026-09-05T16:15:03.841Z"
"3304","EMP-CAB3DA","Kabir Verma","Engineering","September 2026 Payroll","2026-08-31T18:30:00.000Z","2026-09-29T18:30:00.000Z","0.00","0.00","0.00","Draft","Draft","","2026-09-05T16:15:03.839Z"
"3303","EMP-B030CD","Shreya Deshmukh","Finance","September 2026 Payroll","2026-08-31T18:30:00.000Z","2026-09-29T18:30:00.000Z","54400.00","4280.00","50120.00","Generated","Computed","2026-09-05T19:20:56.822Z","2026-09-05T16:15:03.837Z"
"3302","EMP-487FAF","Deepak Bhatia","Human Resources","September 2026 Payroll","2026-08-31T18:30:00.000Z","2026-09-29T18:30:00.000Z","0.00","0.00","0.00","Draft","Draft","","2026-09-05T16:15:03.532Z"
"3301","EMP-5FC753","Siddharth Reddy","Human Resources","September 2026 Payroll","2026-08-31T18:30:00.000Z","2026-09-29T18:30:00.000Z","0.00","0.00","0.00","Draft","Draft","","2026-09-05T16:15:03.529Z"
"3299","EMP-6B6E3D","Krishna Sengupta","Finance","September 2026 Payroll","2026-08-31T18:30:00.000Z","2026-09-29T18:30:00.000Z","0.00","0.00","0.00","Draft","Draft","","2026-09-05T16:15:03.227Z"
"3298","EMP-FB4A53","Pooja Bansal","Finance","September 2026 Payroll","2026-08-31T18:30:00.000Z","2026-09-29T18:30:00.000Z","0.00","0.00","0.00","Draft","Draft","","2026-09-05T16:15:03.226Z"
"3297","EMP-54A415","Kabir Pandey","Marketing & Sales","September 2026 Payroll","2026-08-31T18:30:00.000Z","2026-09-29T18:30:00.000Z","53600.00","4220.00","49380.00","Generated","Computed","2026-09-05T19:20:51.169Z","2026-09-05T16:15:03.224Z"
"3296","EMP-CAB3DA","Kabir Verma","Engineering","September 2026 Payroll","2026-08-31T18:30:00.000Z","2026-09-29T18:30:00.000Z","0.00","0.00","0.00","Draft","Draft","","2026-09-05T16:15:02.959Z"
"3294","EMP-D37FDD","Nikhil Mishra","Engineering","September 2026 Payroll","2026-08-31T18:30:00.000Z","2026-09-29T18:30:00.000Z","0.00","0.00","0.00","Draft","Draft","","2026-09-05T16:15:02.954Z"
"3293","EMP-49902F","Anjali Sengupta","Finance","September 2026 Payroll","2026-08-31T18:30:00.000Z","2026-09-29T18:30:00.000Z","0.00","0.00","0.00","Draft","Draft","","2026-09-05T16:15:02.689Z"
"3292","EMP-1A3F5F","Shreya Deshmukh","Engineering","September 2026 Payroll","2026-08-31T18:30:00.000Z","2026-09-29T18:30:00.000Z","0.00","0.00","0.00","Draft","Draft","","2026-09-05T16:15:02.687Z"
"3291","EMP-B0A6B8","Kavya Bose","Finance","September 2026 Payroll","2026-08-31T18:30:00.000Z","2026-09-29T18:30:00.000Z","52800.00","4160.00","48640.00","Generated","Computed","2026-09-05T19:20:45.059Z","2026-09-05T16:15:02.686Z"
"3290","EMP-FB4A53","Pooja Bansal","Finance","September 2026 Payroll","2026-08-31T18:30:00.000Z","2026-09-29T18:30:00.000Z","0.00","0.00","0.00","Draft","Draft","","2026-09-05T16:15:02.417Z"
"3289","EMP-487FAF","Deepak Bhatia","Human Resources","September 2026 Payroll","2026-08-31T18:30:00.000Z","2026-09-29T18:30:00.000Z","0.00","0.00","0.00","Draft","Draft","","2026-09-05T16:15:02.414Z"
"3287","EMP-04DC66","Deepak Bansal","Human Resources","September 2026 Payroll","2026-08-31T18:30:00.000Z","2026-09-29T18:30:00.000Z","0.00","0.00","0.00","Draft","Draft","","2026-09-05T16:15:02.105Z"
"3286","EMP-363EFE","Nisha Kapoor","Human Resources","September 2026 Payroll","2026-08-31T18:30:00.000Z","2026-09-29T18:30:00.000Z","52000.00","4100.00","47900.00","Generated","Computed","2026-09-05T19:20:39.881Z","2026-09-05T16:15:02.072Z"
"3285","EMP-414629","Ishaan Shah","Finance","September 2026 Payroll","2026-08-31T18:30:00.000Z","2026-09-29T18:30:00.000Z","0.00","0.00","0.00","Draft","Draft","","2026-09-05T16:15:02.070Z"
"3284","EMP-CAB3DA","Kabir Verma","Engineering","September 2026 Payroll","2026-08-31T18:30:00.000Z","2026-09-29T18:30:00.000Z","0.00","0.00","0.00","Draft","Draft","","2026-09-05T16:15:01.833Z"
"3283","EMP-1A3F5F","Shreya Deshmukh","Engineering","September 2026 Payroll","2026-08-31T18:30:00.000Z","2026-09-29T18:30:00.000Z","0.00","0.00","0.00","Draft","Draft","","2026-09-05T16:15:01.788Z"
"3281","EMP-821759","Kavya Bansal","Marketing & Sales","September 2026 Payroll","2026-08-31T18:30:00.000Z","2026-09-29T18:30:00.000Z","0.00","0.00","0.00","Draft","Draft","","2026-09-05T16:15:01.563Z"
"3280","EMP-190639","Meera Malhotra","Engineering","September 2026 Payroll","2026-08-31T18:30:00.000Z","2026-09-29T18:30:00.000Z","51200.00","4040.00","47160.00","Generated","Computed","2026-09-05T19:20:12.429Z","2026-09-05T16:15:01.560Z"
"3279","EMP-B9CB81","Sai Mehta","Human Resources","September 2026 Payroll","2026-08-31T18:30:00.000Z","2026-09-29T18:30:00.000Z","0.00","0.00","0.00","Draft","Draft","","2026-09-05T16:15:01.377Z"
"3278","EMP-FB4A53","Pooja Bansal","Finance","September 2026 Payroll","2026-08-31T18:30:00.000Z","2026-09-29T18:30:00.000Z","0.00","0.00","0.00","Draft","Draft","","2026-09-05T16:15:01.289Z"
"3277","EMP-414629","Ishaan Shah","Finance","September 2026 Payroll","2026-08-31T18:30:00.000Z","2026-09-29T18:30:00.000Z","0.00","0.00","0.00","Draft","Draft","","2026-09-05T16:15:01.071Z"
"3275","EMP-C9D423","Neha Gupta","Finance","September 2026 Payroll","2026-08-31T18:30:00.000Z","2026-09-29T18:30:00.000Z","0.00","0.00","0.00","Draft","Draft","","2026-09-05T16:15:00.966Z"
"3274","EMP-3CA43C","Deepak Das","Marketing & Sales","September 2026 Payroll","2026-08-31T18:30:00.000Z","2026-09-29T18:30:00.000Z","50400.00","3980.00","46420.00","Generated","Computed","2026-09-05T19:19:45.350Z","2026-09-05T16:15:00.963Z"
"3273","EMP-C290EE","Amit Verma","Engineering","September 2026 Payroll","2026-08-31T18:30:00.000Z","2026-09-29T18:30:00.000Z","0.00","0.00","0.00","Draft","Draft","","2026-09-05T16:15:00.773Z"
"3272","EMP-1A3F5F","Shreya Deshmukh","Engineering","September 2026 Payroll","2026-08-31T18:30:00.000Z","2026-09-29T18:30:00.000Z","0.00","0.00","0.00","Draft","Draft","","2026-09-05T16:15:00.669Z"
"3271","EMP-B9CB81","Sai Mehta","Human Resources","September 2026 Payroll","2026-08-31T18:30:00.000Z","2026-09-29T18:30:00.000Z","0.00","0.00","0.00","Draft","Draft","","2026-09-05T16:15:00.471Z"
"3269","EMP-0032EB","Nikhil Chauhan","Finance","September 2026 Payroll","2026-08-31T18:30:00.000Z","2026-09-29T18:30:00.000Z","0.00","0.00","0.00","Draft","Draft","","2026-09-05T16:15:00.406Z"
"3268","EMP-B87E01","Shreya Mehta","Marketing & Sales","September 2026 Payroll","2026-08-31T18:30:00.000Z","2026-09-29T18:30:00.000Z","49600.00","3920.00","45680.00","Generated","Computed","2026-09-05T19:19:39.821Z","2026-09-05T16:15:00.404Z"
"3267","EMP-31A68C","Krishna Chatterjee","Finance","September 2026 Payroll","2026-08-31T18:30:00.000Z","2026-09-29T18:30:00.000Z","0.00","0.00","0.00","Draft","Draft","","2026-09-05T16:15:00.181Z"
"3266","EMP-414629","Ishaan Shah","Finance","September 2026 Payroll","2026-08-31T18:30:00.000Z","2026-09-29T18:30:00.000Z","0.00","0.00","0.00","Draft","Draft","","2026-09-05T16:15:00.128Z"
"3265","EMP-C290EE","Amit Verma","Engineering","September 2026 Payroll","2026-08-31T18:30:00.000Z","2026-09-29T18:30:00.000Z","0.00","0.00","0.00","Draft","Draft","","2026-09-05T16:14:59.915Z"
"3263","EMP-633EC5","Naveen Iyer","Marketing & Sales","September 2026 Payroll","2026-08-31T18:30:00.000Z","2026-09-29T18:30:00.000Z","0.00","0.00","0.00","Draft","Draft","","2026-09-05T16:14:59.835Z"
"3262","EMP-B70E93","Arjun Gupta","Engineering","September 2026 Payroll","2026-08-31T18:30:00.000Z","2026-09-29T18:30:00.000Z","48800.00","3860.00","44940.00","Generated","Computed","2026-09-05T19:19:34.853Z","2026-09-05T16:14:59.833Z"
"3261","EMP-BD481C","Sanjay Rao","Human Resources","September 2026 Payroll","2026-08-31T18:30:00.000Z","2026-09-29T18:30:00.000Z","0.00","0.00","0.00","Draft","Draft","","2026-09-05T16:14:59.642Z"
"3260","EMP-B9CB81","Sai Mehta","Human Resources","September 2026 Payroll","2026-08-31T18:30:00.000Z","2026-09-29T18:30:00.000Z","0.00","0.00","0.00","Draft","Draft","","2026-09-05T16:14:59.523Z"
"3259","EMP-31A68C","Krishna Chatterjee","Finance","September 2026 Payroll","2026-08-31T18:30:00.000Z","2026-09-29T18:30:00.000Z","0.00","0.00","0.00","Draft","Draft","","2026-09-05T16:14:59.361Z"
"3257","EMP-5FC753","Siddharth Reddy","Human Resources","September 2026 Payroll","2026-08-31T18:30:00.000Z","2026-09-29T18:30:00.000Z","0.00","0.00","0.00","Draft","Draft","","2026-09-05T16:14:59.234Z"
"3256","EMP-A2063B","Simran Desai","Human Resources","September 2026 Payroll","2026-08-31T18:30:00.000Z","2026-09-29T18:30:00.000Z","48000.00","3800.00","44200.00","Generated","Computed","2026-09-05T19:19:07.307Z","2026-09-05T16:14:59.204Z"
"3255","EMP-B55DE9","Naveen Trivedi","Engineering","September 2026 Payroll","2026-08-31T18:30:00.000Z","2026-09-29T18:30:00.000Z","0.00","0.00","0.00","Draft","Draft","","2026-09-05T16:14:59.047Z"
"3254","EMP-C290EE","Amit Verma","Engineering","September 2026 Payroll","2026-08-31T18:30:00.000Z","2026-09-29T18:30:00.000Z","0.00","0.00","0.00","Draft","Draft","","2026-09-05T16:14:58.848Z"
"3253","EMP-BD481C","Sanjay Rao","Human Resources","September 2026 Payroll","2026-08-31T18:30:00.000Z","2026-09-29T18:30:00.000Z","0.00","0.00","0.00","Draft","Draft","","2026-09-05T16:14:58.779Z"
"3251","EMP-D37FDD","Nikhil Mishra","Engineering","September 2026 Payroll","2026-08-31T18:30:00.000Z","2026-09-29T18:30:00.000Z","0.00","0.00","0.00","Draft","Draft","","2026-09-05T16:14:58.586Z"
"3250","EMP-B11947","Reyansh Deshmukh","Marketing & Sales","September 2026 Payroll","2026-08-31T18:30:00.000Z","2026-09-29T18:30:00.000Z","47200.00","3740.00","43460.00","Generated","Computed","2026-09-05T19:18:39.249Z","2026-09-05T16:14:58.583Z"
"3249","EMP-5C5A2C","Sai Agarwal","Marketing & Sales","September 2026 Payroll","2026-08-31T18:30:00.000Z","2026-09-29T18:30:00.000Z","0.00","0.00","0.00","Draft","Draft","","2026-09-05T16:14:58.327Z"
"3248","EMP-31A68C","Krishna Chatterjee","Finance","September 2026 Payroll","2026-08-31T18:30:00.000Z","2026-09-29T18:30:00.000Z","0.00","0.00","0.00","Draft","Draft","","2026-09-05T16:14:58.313Z"
"3247","EMP-B55DE9","Naveen Trivedi","Engineering","September 2026 Payroll","2026-08-31T18:30:00.000Z","2026-09-29T18:30:00.000Z","0.00","0.00","0.00","Draft","Draft","","2026-09-05T16:14:58.229Z"
"3245","EMP-487FAF","Deepak Bhatia","Human Resources","September 2026 Payroll","2026-08-31T18:30:00.000Z","2026-09-29T18:30:00.000Z","0.00","0.00","0.00","Draft","Draft","","2026-09-05T16:14:58.049Z"
"3244","EMP-196CAC","Ayaan Rao","Engineering","September 2026 Payroll","2026-08-31T18:30:00.000Z","2026-09-29T18:30:00.000Z","46400.00","3680.00","42720.00","Generated","Computed","2026-09-05T19:18:11.908Z","2026-09-05T16:14:58.047Z"
"3243","EMP-EDD910","Naveen Agarwal","Marketing & Sales","September 2026 Payroll","2026-08-31T18:30:00.000Z","2026-09-29T18:30:00.000Z","0.00","0.00","0.00","Draft","Draft","","2026-09-05T16:14:57.775Z"
"3242","EMP-BD481C","Sanjay Rao","Human Resources","September 2026 Payroll","2026-08-31T18:30:00.000Z","2026-09-29T18:30:00.000Z","0.00","0.00","0.00","Draft","Draft","","2026-09-05T16:14:57.773Z"
"3241","EMP-5C5A2C","Sai Agarwal","Marketing & Sales","September 2026 Payroll","2026-08-31T18:30:00.000Z","2026-09-29T18:30:00.000Z","0.00","0.00","0.00","Draft","Draft","","2026-09-05T16:14:57.692Z"
"3239","EMP-CAB3DA","Kabir Verma","Engineering","September 2026 Payroll","2026-08-31T18:30:00.000Z","2026-09-29T18:30:00.000Z","0.00","0.00","0.00","Draft","Draft","","2026-09-05T16:14:57.482Z"
"3238","EMP-185D9A","Manish Gupta","Finance","September 2026 Payroll","2026-08-31T18:30:00.000Z","2026-09-29T18:30:00.000Z","45600.00","3620.00","41980.00","Generated","Computed","2026-09-05T19:17:44.770Z","2026-09-05T16:14:57.481Z"
"3237","EMP-FDABCC","Isha Rathore","Engineering","September 2026 Payroll","2026-08-31T18:30:00.000Z","2026-09-29T18:30:00.000Z","0.00","0.00","0.00","Draft","Draft","","2026-09-05T16:14:57.242Z"
"3236","EMP-B55DE9","Naveen Trivedi","Engineering","September 2026 Payroll","2026-08-31T18:30:00.000Z","2026-09-29T18:30:00.000Z","0.00","0.00","0.00","Draft","Draft","","2026-09-05T16:14:57.205Z"
"3235","EMP-EDD910","Naveen Agarwal","Marketing & Sales","September 2026 Payroll","2026-08-31T18:30:00.000Z","2026-09-29T18:30:00.000Z","0.00","0.00","0.00","Draft","Draft","","2026-09-05T16:14:57.115Z"
"3233","EMP-4B7CD5","Kavya Shah","Human Resources","September 2026 Payroll","2026-08-31T18:30:00.000Z","2026-09-29T18:30:00.000Z","44800.00","3560.00","41240.00","Generated","Computed","2026-09-05T19:17:16.467Z","2026-09-05T16:14:56.942Z"
"3232","EMP-FB4A53","Pooja Bansal","Finance","September 2026 Payroll","2026-08-31T18:30:00.000Z","2026-09-29T18:30:00.000Z","0.00","0.00","0.00","Draft","Draft","","2026-09-05T16:14:56.868Z"
"3231","EMP-ABFDB9","Aarav Reddy","Finance","September 2026 Payroll","2026-08-31T18:30:00.000Z","2026-09-29T18:30:00.000Z","0.00","0.00","0.00","Draft","Draft","","2026-09-05T16:14:56.709Z"
"3230","EMP-5C5A2C","Sai Agarwal","Marketing & Sales","September 2026 Payroll","2026-08-31T18:30:00.000Z","2026-09-29T18:30:00.000Z","0.00","0.00","0.00","Draft","Draft","","2026-09-05T16:14:56.694Z"
"3229","EMP-FDABCC","Isha Rathore","Engineering","September 2026 Payroll","2026-08-31T18:30:00.000Z","2026-09-29T18:30:00.000Z","0.00","0.00","0.00","Draft","Draft","","2026-09-05T16:14:56.575Z"
"3227","EMP-C405C7","Arjun Sengupta","Marketing & Sales","September 2026 Payroll","2026-08-31T18:30:00.000Z","2026-09-29T18:30:00.000Z","44000.00","3500.00","40500.00","Generated","Computed","2026-09-05T19:16:49.528Z","2026-09-05T16:14:56.435Z"
"3226","EMP-1A3F5F","Shreya Deshmukh","Engineering","September 2026 Payroll","2026-08-31T18:30:00.000Z","2026-09-29T18:30:00.000Z","0.00","0.00","0.00","Draft","Draft","","2026-09-05T16:14:56.341Z"
"3225","EMP-EDD910","Naveen Agarwal","Marketing & Sales","September 2026 Payroll","2026-08-31T18:30:00.000Z","2026-09-29T18:30:00.000Z","0.00","0.00","0.00","Draft","Draft","","2026-09-05T16:14:56.164Z"
"3224","EMP-BDF979","Rahul Bose","Finance","September 2026 Payroll","2026-08-31T18:30:00.000Z","2026-09-29T18:30:00.000Z","0.00","0.00","0.00","Draft","Draft","","2026-09-05T16:14:56.163Z"
"3223","EMP-ABFDB9","Aarav Reddy","Finance","September 2026 Payroll","2026-08-31T18:30:00.000Z","2026-09-29T18:30:00.000Z","0.00","0.00","0.00","Draft","Draft","","2026-09-05T16:14:55.951Z"
"3221","EMP-2CDEBE","Krishna Menon","Engineering","September 2026 Payroll","2026-08-31T18:30:00.000Z","2026-09-29T18:30:00.000Z","80000.00","6200.00","73800.00","Generated","Computed","2026-09-05T19:16:22.402Z","2026-09-05T16:14:55.873Z"
"3220","EMP-414629","Ishaan Shah","Finance","September 2026 Payroll","2026-08-31T18:30:00.000Z","2026-09-29T18:30:00.000Z","0.00","0.00","0.00","Draft","Draft","","2026-09-05T16:14:55.770Z"
"3219","EMP-FDABCC","Isha Rathore","Engineering","September 2026 Payroll","2026-08-31T18:30:00.000Z","2026-09-29T18:30:00.000Z","0.00","0.00","0.00","Draft","Draft","","2026-09-05T16:14:55.619Z"
"3218","EMP-010161","Isha Krishnan","Finance","September 2026 Payroll","2026-08-31T18:30:00.000Z","2026-09-29T18:30:00.000Z","0.00","0.00","0.00","Draft","Draft","","2026-09-05T16:14:55.617Z"
"3217","EMP-BDF979","Rahul Bose","Finance","September 2026 Payroll","2026-08-31T18:30:00.000Z","2026-09-29T18:30:00.000Z","0.00","0.00","0.00","Draft","Draft","","2026-09-05T16:14:55.376Z"
"3215","EMP-F998DD","Nisha Tiwari","Human Resources","September 2026 Payroll","2026-08-31T18:30:00.000Z","2026-09-29T18:30:00.000Z","79200.00","6140.00","73060.00","Generated","Computed","2026-09-05T19:15:54.836Z","2026-09-05T16:14:55.314Z"
"3214","EMP-B9CB81","Sai Mehta","Human Resources","September 2026 Payroll","2026-08-31T18:30:00.000Z","2026-09-29T18:30:00.000Z","0.00","0.00","0.00","Draft","Draft","","2026-09-05T16:14:55.201Z"
"3213","EMP-ABFDB9","Aarav Reddy","Finance","September 2026 Payroll","2026-08-31T18:30:00.000Z","2026-09-29T18:30:00.000Z","0.00","0.00","0.00","Draft","Draft","","2026-09-05T16:14:55.058Z"
"3212","EMP-BEE951","Amit Kulkarni","Finance","September 2026 Payroll","2026-08-31T18:30:00.000Z","2026-09-29T18:30:00.000Z","0.00","0.00","0.00","Draft","Draft","","2026-09-05T16:14:55.056Z"
"3211","EMP-010161","Isha Krishnan","Finance","September 2026 Payroll","2026-08-31T18:30:00.000Z","2026-09-29T18:30:00.000Z","0.00","0.00","0.00","Draft","Draft","","2026-09-05T16:14:54.824Z"
"3210","EMP-B2ABBD","Pooja Sengupta","Human Resources","September 2026 Payroll","2026-08-31T18:30:00.000Z","2026-09-29T18:30:00.000Z","78400.00","6080.00","72320.00","Generated","Computed","2026-09-05T19:15:27.175Z","2026-09-05T16:14:54.766Z"
"3208","EMP-C290EE","Amit Verma","Engineering","September 2026 Payroll","2026-08-31T18:30:00.000Z","2026-09-29T18:30:00.000Z","0.00","0.00","0.00","Draft","Draft","","2026-09-05T16:14:54.626Z"
"3207","EMP-BDF979","Rahul Bose","Finance","September 2026 Payroll","2026-08-31T18:30:00.000Z","2026-09-29T18:30:00.000Z","0.00","0.00","0.00","Draft","Draft","","2026-09-05T16:14:54.486Z"
"3206","EMP-D21DA7","Nikhil Reddy","Finance","September 2026 Payroll","2026-08-31T18:30:00.000Z","2026-09-29T18:30:00.000Z","0.00","0.00","0.00","Draft","Draft","","2026-09-05T16:14:54.392Z"
"3205","EMP-BEE951","Amit Kulkarni","Finance","September 2026 Payroll","2026-08-31T18:30:00.000Z","2026-09-29T18:30:00.000Z","0.00","0.00","0.00","Draft","Draft","","2026-09-05T16:14:54.260Z"
"3204","EMP-7F2E45","Riya Bose","Engineering","September 2026 Payroll","2026-08-31T18:30:00.000Z","2026-09-29T18:30:00.000Z","77600.00","6020.00","71580.00","Generated","Computed","2026-09-05T19:14:59.453Z","2026-09-05T16:14:54.190Z"
"3202","EMP-31A68C","Krishna Chatterjee","Finance","September 2026 Payroll","2026-08-31T18:30:00.000Z","2026-09-29T18:30:00.000Z","0.00","0.00","0.00","Draft","Draft","","2026-09-05T16:14:54.040Z"
"3201","EMP-010161","Isha Krishnan","Finance","September 2026 Payroll","2026-08-31T18:30:00.000Z","2026-09-29T18:30:00.000Z","0.00","0.00","0.00","Draft","Draft","","2026-09-05T16:14:53.931Z"
"3200","EMP-304B6F","Ishaan Iyer","Marketing & Sales","September 2026 Payroll","2026-08-31T18:30:00.000Z","2026-09-29T18:30:00.000Z","0.00","0.00","0.00","Draft","Draft","","2026-09-05T16:14:53.804Z"
"3199","EMP-D21DA7","Nikhil Reddy","Finance","September 2026 Payroll","2026-08-31T18:30:00.000Z","2026-09-29T18:30:00.000Z","0.00","0.00","0.00","Draft","Draft","","2026-09-05T16:14:53.684Z"
"3198","EMP-884FC9","Reyansh Chopra","Engineering","September 2026 Payroll","2026-08-31T18:30:00.000Z","2026-09-29T18:30:00.000Z","76800.00","5960.00","70840.00","Generated","Computed","2026-09-05T19:14:53.577Z","2026-09-05T16:14:53.672Z"
"3196","EMP-BD481C","Sanjay Rao","Human Resources","September 2026 Payroll","2026-08-31T18:30:00.000Z","2026-09-29T18:30:00.000Z","0.00","0.00","0.00","Draft","Draft","","2026-09-05T16:14:53.494Z"
"3195","EMP-BEE951","Amit Kulkarni","Finance","September 2026 Payroll","2026-08-31T18:30:00.000Z","2026-09-29T18:30:00.000Z","0.00","0.00","0.00","Draft","Draft","","2026-09-05T16:14:53.382Z"
"3194","EMP-465F89","Siddharth Rathore","Finance","September 2026 Payroll","2026-08-31T18:30:00.000Z","2026-09-29T18:30:00.000Z","0.00","0.00","0.00","Draft","Draft","","2026-09-05T16:14:53.263Z"
"3193","EMP-304B6F","Ishaan Iyer","Marketing & Sales","September 2026 Payroll","2026-08-31T18:30:00.000Z","2026-09-29T18:30:00.000Z","0.00","0.00","0.00","Draft","Draft","","2026-09-05T16:14:53.135Z"
"3192","EMP-3EB8C2","Sanjay Yadav","Human Resources","September 2026 Payroll","2026-08-31T18:30:00.000Z","2026-09-29T18:30:00.000Z","76000.00","5900.00","70100.00","Generated","Computed","2026-09-05T19:14:25.671Z","2026-09-05T16:14:53.123Z"
"3191","EMP-B55DE9","Naveen Trivedi","Engineering","September 2026 Payroll","2026-08-31T18:30:00.000Z","2026-09-29T18:30:00.000Z","0.00","0.00","0.00","Draft","Draft","","2026-09-05T16:14:52.971Z"
"3189","EMP-D21DA7","Nikhil Reddy","Finance","September 2026 Payroll","2026-08-31T18:30:00.000Z","2026-09-29T18:30:00.000Z","0.00","0.00","0.00","Draft","Draft","","2026-09-05T16:14:52.868Z"
"3188","EMP-9F4A66","Nisha Chopra","Engineering","September 2026 Payroll","2026-08-31T18:30:00.000Z","2026-09-29T18:30:00.000Z","0.00","0.00","0.00","Draft","Draft","","2026-09-05T16:14:52.662Z"
"3187","EMP-D4B583","Shreya Iyer","Finance","September 2026 Payroll","2026-08-31T18:30:00.000Z","2026-09-29T18:30:00.000Z","75200.00","5840.00","69360.00","Generated","Computed","2026-09-05T19:13:58.425Z","2026-09-05T16:14:52.610Z"
"3186","EMP-465F89","Siddharth Rathore","Finance","September 2026 Payroll","2026-08-31T18:30:00.000Z","2026-09-29T18:30:00.000Z","0.00","0.00","0.00","Draft","Draft","","2026-09-05T16:14:52.574Z"
"3184","EMP-304B6F","Ishaan Iyer","Marketing & Sales","September 2026 Payroll","2026-08-31T18:30:00.000Z","2026-09-29T18:30:00.000Z","0.00","0.00","0.00","Draft","Draft","","2026-09-05T16:14:52.350Z"
"3183","EMP-5C5A2C","Sai Agarwal","Marketing & Sales","September 2026 Payroll","2026-08-31T18:30:00.000Z","2026-09-29T18:30:00.000Z","0.00","0.00","0.00","Draft","Draft","","2026-09-05T16:14:52.350Z"
"3182","EMP-C362EF","Nikhil Pandey","Engineering","September 2026 Payroll","2026-08-31T18:30:00.000Z","2026-09-29T18:30:00.000Z","0.00","0.00","0.00","Draft","Draft","","2026-09-05T16:14:52.078Z"
"3181","EMP-F00A1D","Kabir Desai","Marketing & Sales","September 2026 Payroll","2026-08-31T18:30:00.000Z","2026-09-29T18:30:00.000Z","74400.00","5780.00","68620.00","Generated","Computed","2026-09-05T19:13:30.568Z","2026-09-05T16:14:52.062Z"
"3180","EMP-9F4A66","Nisha Chopra","Engineering","September 2026 Payroll","2026-08-31T18:30:00.000Z","2026-09-29T18:30:00.000Z","0.00","0.00","0.00","Draft","Draft","","2026-09-05T16:14:51.980Z"
"3179","EMP-465F89","Siddharth Rathore","Finance","September 2026 Payroll","2026-08-31T18:30:00.000Z","2026-09-29T18:30:00.000Z","0.00","0.00","0.00","Draft","Draft","","2026-09-05T16:14:51.819Z"
"3177","EMP-EDD910","Naveen Agarwal","Marketing & Sales","September 2026 Payroll","2026-08-31T18:30:00.000Z","2026-09-29T18:30:00.000Z","0.00","0.00","0.00","Draft","Draft","","2026-09-05T16:14:51.818Z"
"3176","EMP-DF76DB","Ananya Menon","Human Resources","September 2026 Payroll","2026-08-31T18:30:00.000Z","2026-09-29T18:30:00.000Z","0.00","0.00","0.00","Draft","Draft","","2026-09-05T16:14:51.536Z"
"3175","EMP-E14561","Nikhil Chauhan","Marketing & Sales","September 2026 Payroll","2026-08-31T18:30:00.000Z","2026-09-29T18:30:00.000Z","73600.00","5720.00","67880.00","Generated","Computed","2026-09-05T19:13:02.796Z","2026-09-05T16:14:51.535Z"
"3174","EMP-C362EF","Nikhil Pandey","Engineering","September 2026 Payroll","2026-08-31T18:30:00.000Z","2026-09-29T18:30:00.000Z","0.00","0.00","0.00","Draft","Draft","","2026-09-05T16:14:51.433Z"
"3172","EMP-9F4A66","Nisha Chopra","Engineering","September 2026 Payroll","2026-08-31T18:30:00.000Z","2026-09-29T18:30:00.000Z","0.00","0.00","0.00","Draft","Draft","","2026-09-05T16:14:51.243Z"
"3171","EMP-FDABCC","Isha Rathore","Engineering","September 2026 Payroll","2026-08-31T18:30:00.000Z","2026-09-29T18:30:00.000Z","0.00","0.00","0.00","Draft","Draft","","2026-09-05T16:14:51.243Z"
"3170","EMP-AFEE5B","Nisha Chatterjee","Finance","September 2026 Payroll","2026-08-31T18:30:00.000Z","2026-09-29T18:30:00.000Z","0.00","0.00","0.00","Draft","Draft","","2026-09-05T16:14:50.976Z"
"3169","EMP-C077C9","Aarav Bhatia","Marketing & Sales","September 2026 Payroll","2026-08-31T18:30:00.000Z","2026-09-29T18:30:00.000Z","72800.00","5660.00","67140.00","Generated","Computed","2026-09-05T19:12:57.321Z","2026-09-05T16:14:50.975Z"
"3168","EMP-DF76DB","Ananya Menon","Human Resources","September 2026 Payroll","2026-08-31T18:30:00.000Z","2026-09-29T18:30:00.000Z","0.00","0.00","0.00","Draft","Draft","","2026-09-05T16:14:50.837Z"
"3166","EMP-C362EF","Nikhil Pandey","Engineering","September 2026 Payroll","2026-08-31T18:30:00.000Z","2026-09-29T18:30:00.000Z","0.00","0.00","0.00","Draft","Draft","","2026-09-05T16:14:50.707Z"
"3165","EMP-ABFDB9","Aarav Reddy","Finance","September 2026 Payroll","2026-08-31T18:30:00.000Z","2026-09-29T18:30:00.000Z","0.00","0.00","0.00","Draft","Draft","","2026-09-05T16:14:50.707Z"
"3164","EMP-9DE65A","Sai Pandey","Human Resources","September 2026 Payroll","2026-08-31T18:30:00.000Z","2026-09-29T18:30:00.000Z","0.00","0.00","0.00","Draft","Draft","","2026-09-05T16:14:50.434Z"
"3163","EMP-729B37","Shreya Pandey","Finance","September 2026 Payroll","2026-08-31T18:30:00.000Z","2026-09-29T18:30:00.000Z","72000.00","5600.00","66400.00","Generated","Computed","2026-09-05T19:12:32.915Z","2026-09-05T16:14:50.431Z"
"3162","EMP-AFEE5B","Nisha Chatterjee","Finance","September 2026 Payroll","2026-08-31T18:30:00.000Z","2026-09-29T18:30:00.000Z","0.00","0.00","0.00","Draft","Draft","","2026-09-05T16:14:50.292Z"
"3160","EMP-BDF979","Rahul Bose","Finance","September 2026 Payroll","2026-08-31T18:30:00.000Z","2026-09-29T18:30:00.000Z","0.00","0.00","0.00","Draft","Draft","","2026-09-05T16:14:50.162Z"
"3159","EMP-DF76DB","Ananya Menon","Human Resources","September 2026 Payroll","2026-08-31T18:30:00.000Z","2026-09-29T18:30:00.000Z","0.00","0.00","0.00","Draft","Draft","","2026-09-05T16:14:50.162Z"
"3158","EMP-373BCD","Vivaan Ghosh","Marketing & Sales","September 2026 Payroll","2026-08-31T18:30:00.000Z","2026-09-29T18:30:00.000Z","0.00","0.00","0.00","Draft","Draft","","2026-09-05T16:14:49.874Z"
"3157","EMP-C9DB6F","Nisha Bhatt","Human Resources","September 2026 Payroll","2026-08-31T18:30:00.000Z","2026-09-29T18:30:00.000Z","71200.00","5540.00","65660.00","Generated","Computed","2026-09-05T19:12:30.694Z","2026-09-05T16:14:49.873Z"
"3156","EMP-9DE65A","Sai Pandey","Human Resources","September 2026 Payroll","2026-08-31T18:30:00.000Z","2026-09-29T18:30:00.000Z","0.00","0.00","0.00","Draft","Draft","","2026-09-05T16:14:49.681Z"
"3154","EMP-AFEE5B","Nisha Chatterjee","Finance","September 2026 Payroll","2026-08-31T18:30:00.000Z","2026-09-29T18:30:00.000Z","0.00","0.00","0.00","Draft","Draft","","2026-09-05T16:14:49.614Z"
"3153","EMP-010161","Isha Krishnan","Finance","September 2026 Payroll","2026-08-31T18:30:00.000Z","2026-09-29T18:30:00.000Z","0.00","0.00","0.00","Draft","Draft","","2026-09-05T16:14:49.614Z"
"3152","EMP-C12C94","Ananya Yadav","Engineering","September 2026 Payroll","2026-08-31T18:30:00.000Z","2026-09-29T18:30:00.000Z","70400.00","5480.00","64920.00","Generated","Computed","2026-09-05T19:12:27.337Z","2026-09-05T16:14:49.346Z"
"3151","EMP-63B1D1","Riya Krishnan","Finance","September 2026 Payroll","2026-08-31T18:30:00.000Z","2026-09-29T18:30:00.000Z","0.00","0.00","0.00","Draft","Draft","","2026-09-05T16:14:49.300Z"
"3150","EMP-373BCD","Vivaan Ghosh","Marketing & Sales","September 2026 Payroll","2026-08-31T18:30:00.000Z","2026-09-29T18:30:00.000Z","0.00","0.00","0.00","Draft","Draft","","2026-09-05T16:14:49.103Z"
"3149","EMP-9DE65A","Sai Pandey","Human Resources","September 2026 Payroll","2026-08-31T18:30:00.000Z","2026-09-29T18:30:00.000Z","0.00","0.00","0.00","Draft","Draft","","2026-09-05T16:14:49.030Z"
"3148","EMP-BEE951","Amit Kulkarni","Finance","September 2026 Payroll","2026-08-31T18:30:00.000Z","2026-09-29T18:30:00.000Z","0.00","0.00","0.00","Draft","Draft","","2026-09-05T16:14:49.029Z"
"3146","EMP-F9A332","Meera Ghosh","Finance","September 2026 Payroll","2026-08-31T18:30:00.000Z","2026-09-29T18:30:00.000Z","69600.00","5420.00","64180.00","Generated","Computed","2026-09-05T19:12:02.862Z","2026-09-05T16:14:48.825Z"
"3145","EMP-A9E145","Neha Kapoor","Human Resources","September 2026 Payroll","2026-08-31T18:30:00.000Z","2026-09-29T18:30:00.000Z","0.00","0.00","0.00","Draft","Draft","","2026-09-05T16:14:48.759Z"
"3144","EMP-63B1D1","Riya Krishnan","Finance","September 2026 Payroll","2026-08-31T18:30:00.000Z","2026-09-29T18:30:00.000Z","0.00","0.00","0.00","Draft","Draft","","2026-09-05T16:14:48.570Z"
"3142","EMP-D21DA7","Nikhil Reddy","Finance","September 2026 Payroll","2026-08-31T18:30:00.000Z","2026-09-29T18:30:00.000Z","0.00","0.00","0.00","Draft","Draft","","2026-09-05T16:14:48.462Z"
"3141","EMP-373BCD","Vivaan Ghosh","Marketing & Sales","September 2026 Payroll","2026-08-31T18:30:00.000Z","2026-09-29T18:30:00.000Z","0.00","0.00","0.00","Draft","Draft","","2026-09-05T16:14:48.461Z"
"3140","EMP-DA36F1","Vihaan Desai","Finance","September 2026 Payroll","2026-08-31T18:30:00.000Z","2026-09-29T18:30:00.000Z","68800.00","5360.00","63440.00","Generated","Computed","2026-09-05T19:29:33.596Z","2026-09-05T16:14:48.289Z"
"3139","EMP-8D4B72","Aditya Shah","Marketing & Sales","September 2026 Payroll","2026-08-31T18:30:00.000Z","2026-09-29T18:30:00.000Z","0.00","0.00","0.00","Draft","Draft","","2026-09-05T16:14:48.170Z"
"3138","EMP-A9E145","Neha Kapoor","Human Resources","September 2026 Payroll","2026-08-31T18:30:00.000Z","2026-09-29T18:30:00.000Z","0.00","0.00","0.00","Draft","Draft","","2026-09-05T16:14:47.973Z"
"3136","EMP-63B1D1","Riya Krishnan","Finance","September 2026 Payroll","2026-08-31T18:30:00.000Z","2026-09-29T18:30:00.000Z","0.00","0.00","0.00","Draft","Draft","","2026-09-05T16:14:47.890Z"
"3135","EMP-304B6F","Ishaan Iyer","Marketing & Sales","September 2026 Payroll","2026-08-31T18:30:00.000Z","2026-09-29T18:30:00.000Z","0.00","0.00","0.00","Draft","Draft","","2026-09-05T16:14:47.890Z"
"3134","EMP-CD10FE","Kavya Yadav","Finance","September 2026 Payroll","2026-08-31T18:30:00.000Z","2026-09-29T18:30:00.000Z","68000.00","5300.00","62700.00","Generated","Computed","2026-09-05T19:29:28.548Z","2026-09-05T16:14:47.756Z"
"3133","EMP-27173F","Sanjay Agarwal","Human Resources","September 2026 Payroll","2026-08-31T18:30:00.000Z","2026-09-29T18:30:00.000Z","0.00","0.00","0.00","Draft","Draft","","2026-09-05T16:14:47.625Z"
"3132","EMP-8D4B72","Aditya Shah","Marketing & Sales","September 2026 Payroll","2026-08-31T18:30:00.000Z","2026-09-29T18:30:00.000Z","0.00","0.00","0.00","Draft","Draft","","2026-09-05T16:14:47.351Z"
"3130","EMP-A9E145","Neha Kapoor","Human Resources","September 2026 Payroll","2026-08-31T18:30:00.000Z","2026-09-29T18:30:00.000Z","0.00","0.00","0.00","Draft","Draft","","2026-09-05T16:14:47.339Z"
"3129","EMP-465F89","Siddharth Rathore","Finance","September 2026 Payroll","2026-08-31T18:30:00.000Z","2026-09-29T18:30:00.000Z","0.00","0.00","0.00","Draft","Draft","","2026-09-05T16:14:47.338Z"
"3128","EMP-219061","Anjali Yadav","Marketing & Sales","September 2026 Payroll","2026-08-31T18:30:00.000Z","2026-09-29T18:30:00.000Z","67200.00","5240.00","61960.00","Generated","Computed","2026-09-05T19:29:23.336Z","2026-09-05T16:14:47.170Z"
"3127","EMP-DECF50","Nisha Joshi","Marketing & Sales","September 2026 Payroll","2026-08-31T18:30:00.000Z","2026-09-29T18:30:00.000Z","0.00","0.00","0.00","Draft","Draft","","2026-09-05T16:14:47.055Z"
"3126","EMP-27173F","Sanjay Agarwal","Human Resources","September 2026 Payroll","2026-08-31T18:30:00.000Z","2026-09-29T18:30:00.000Z","0.00","0.00","0.00","Draft","Draft","","2026-09-05T16:14:46.802Z"
"3125","EMP-8D4B72","Aditya Shah","Marketing & Sales","September 2026 Payroll","2026-08-31T18:30:00.000Z","2026-09-29T18:30:00.000Z","0.00","0.00","0.00","Draft","Draft","","2026-09-05T16:14:46.798Z"
"3123","EMP-9F4A66","Nisha Chopra","Engineering","September 2026 Payroll","2026-08-31T18:30:00.000Z","2026-09-29T18:30:00.000Z","0.00","0.00","0.00","Draft","Draft","","2026-09-05T16:14:46.797Z"
"3122","EMP-2DB9E9","Sneha Chatterjee","Finance","September 2026 Payroll","2026-08-31T18:30:00.000Z","2026-09-29T18:30:00.000Z","66400.00","5180.00","61220.00","Generated","Computed","2026-09-05T19:29:16.335Z","2026-09-05T16:14:46.660Z"
"3121","EMP-334E8F","Aarav Ghosh","Human Resources","September 2026 Payroll","2026-08-31T18:30:00.000Z","2026-09-29T18:30:00.000Z","0.00","0.00","0.00","Draft","Draft","","2026-09-05T16:14:46.489Z"
"3120","EMP-DECF50","Nisha Joshi","Marketing & Sales","September 2026 Payroll","2026-08-31T18:30:00.000Z","2026-09-29T18:30:00.000Z","0.00","0.00","0.00","Draft","Draft","","2026-09-05T16:14:46.221Z"
"3118","EMP-C362EF","Nikhil Pandey","Engineering","September 2026 Payroll","2026-08-31T18:30:00.000Z","2026-09-29T18:30:00.000Z","0.00","0.00","0.00","Draft","Draft","","2026-09-05T16:14:46.215Z"
"3117","EMP-27173F","Sanjay Agarwal","Human Resources","September 2026 Payroll","2026-08-31T18:30:00.000Z","2026-09-29T18:30:00.000Z","0.00","0.00","0.00","Draft","Draft","","2026-09-05T16:14:46.214Z"
"3116","EMP-3868B5","Sneha Kaur","Marketing & Sales","September 2026 Payroll","2026-08-31T18:30:00.000Z","2026-09-29T18:30:00.000Z","65600.00","5120.00","60480.00","Generated","Computed","2026-09-05T19:29:11.405Z","2026-09-05T16:14:46.122Z"
"3115","EMP-43F6C1","Ishaan Malhotra","Human Resources","September 2026 Payroll","2026-08-31T18:30:00.000Z","2026-09-29T18:30:00.000Z","0.00","0.00","0.00","Draft","Draft","","2026-09-05T16:14:45.939Z"
"3114","EMP-334E8F","Aarav Ghosh","Human Resources","September 2026 Payroll","2026-08-31T18:30:00.000Z","2026-09-29T18:30:00.000Z","0.00","0.00","0.00","Draft","Draft","","2026-09-05T16:14:45.613Z"
"3112","EMP-DECF50","Nisha Joshi","Marketing & Sales","September 2026 Payroll","2026-08-31T18:30:00.000Z","2026-09-29T18:30:00.000Z","0.00","0.00","0.00","Draft","Draft","","2026-09-05T16:14:45.610Z"
"3111","EMP-DF76DB","Ananya Menon","Human Resources","September 2026 Payroll","2026-08-31T18:30:00.000Z","2026-09-29T18:30:00.000Z","0.00","0.00","0.00","Draft","Draft","","2026-09-05T16:14:45.606Z"
"3110","EMP-4014FF","Vivaan Bhatia","Human Resources","September 2026 Payroll","2026-08-31T18:30:00.000Z","2026-09-29T18:30:00.000Z","64800.00","5060.00","59740.00","Generated","Computed","2026-09-05T19:29:06.279Z","2026-09-05T16:14:45.590Z"
"3109","EMP-85224C","Kavya Reddy","Marketing & Sales","September 2026 Payroll","2026-08-31T18:30:00.000Z","2026-09-29T18:30:00.000Z","0.00","0.00","0.00","Draft","Draft","","2026-09-05T16:14:45.313Z"
"3108","EMP-AFEE5B","Nisha Chatterjee","Finance","September 2026 Payroll","2026-08-31T18:30:00.000Z","2026-09-29T18:30:00.000Z","0.00","0.00","0.00","Draft","Draft","","2026-09-05T16:14:45.006Z"
"3107","EMP-334E8F","Aarav Ghosh","Human Resources","September 2026 Payroll","2026-08-31T18:30:00.000Z","2026-09-29T18:30:00.000Z","0.00","0.00","0.00","Draft","Draft","","2026-09-05T16:14:45.006Z"
"3105","EMP-43F6C1","Ishaan Malhotra","Human Resources","September 2026 Payroll","2026-08-31T18:30:00.000Z","2026-09-29T18:30:00.000Z","0.00","0.00","0.00","Draft","Draft","","2026-09-05T16:14:45.005Z"
"3104","EMP-3AC246","Deepak Rathore","Finance","September 2026 Payroll","2026-08-31T18:30:00.000Z","2026-09-29T18:30:00.000Z","64000.00","5000.00","59000.00","Generated","Computed","2026-09-05T19:29:00.776Z","2026-09-05T16:14:44.932Z"
"3103","EMP-14F1B9","Neha Verma","Marketing & Sales","September 2026 Payroll","2026-08-31T18:30:00.000Z","2026-09-29T18:30:00.000Z","0.00","0.00","0.00","Draft","Draft","","2026-09-05T16:14:44.668Z"
"3102","EMP-85224C","Kavya Reddy","Marketing & Sales","September 2026 Payroll","2026-08-31T18:30:00.000Z","2026-09-29T18:30:00.000Z","0.00","0.00","0.00","Draft","Draft","","2026-09-05T16:14:44.276Z"
"3100","EMP-43F6C1","Ishaan Malhotra","Human Resources","September 2026 Payroll","2026-08-31T18:30:00.000Z","2026-09-29T18:30:00.000Z","0.00","0.00","0.00","Draft","Draft","","2026-09-05T16:14:44.165Z"
"3099","EMP-9DE65A","Sai Pandey","Human Resources","September 2026 Payroll","2026-08-31T18:30:00.000Z","2026-09-29T18:30:00.000Z","0.00","0.00","0.00","Draft","Draft","","2026-09-05T16:14:44.164Z"
"3098","EMP-FCCC73","Kabir Pandey","Marketing & Sales","September 2026 Payroll","2026-08-31T18:30:00.000Z","2026-09-29T18:30:00.000Z","63200.00","4940.00","58260.00","Generated","Computed","2026-09-05T19:28:33.329Z","2026-09-05T16:14:44.164Z"
"3097","EMP-29137D","Nisha Saxena","Finance","September 2026 Payroll","2026-08-31T18:30:00.000Z","2026-09-29T18:30:00.000Z","0.00","0.00","0.00","Draft","Draft","","2026-09-05T16:14:43.875Z"
"3096","EMP-14F1B9","Neha Verma","Marketing & Sales","September 2026 Payroll","2026-08-31T18:30:00.000Z","2026-09-29T18:30:00.000Z","0.00","0.00","0.00","Draft","Draft","","2026-09-05T16:14:43.630Z"
"3094","EMP-85224C","Kavya Reddy","Marketing & Sales","September 2026 Payroll","2026-08-31T18:30:00.000Z","2026-09-29T18:30:00.000Z","0.00","0.00","0.00","Draft","Draft","","2026-09-05T16:14:43.572Z"
"3093","EMP-373BCD","Vivaan Ghosh","Marketing & Sales","September 2026 Payroll","2026-08-31T18:30:00.000Z","2026-09-29T18:30:00.000Z","0.00","0.00","0.00","Draft","Draft","","2026-09-05T16:14:43.572Z"
"3092","EMP-2BB817","Riya Pandey","Finance","September 2026 Payroll","2026-08-31T18:30:00.000Z","2026-09-29T18:30:00.000Z","62400.00","4880.00","57520.00","Generated","Computed","2026-09-05T19:28:05.982Z","2026-09-05T16:14:43.570Z"
"3091","EMP-46D710","Naveen Rao","Engineering","September 2026 Payroll","2026-08-31T18:30:00.000Z","2026-09-29T18:30:00.000Z","0.00","0.00","0.00","Draft","Draft","","2026-09-05T16:14:43.311Z"
"3090","EMP-29137D","Nisha Saxena","Finance","September 2026 Payroll","2026-08-31T18:30:00.000Z","2026-09-29T18:30:00.000Z","0.00","0.00","0.00","Draft","Draft","","2026-09-05T16:14:43.007Z"
"3088","EMP-63B1D1","Riya Krishnan","Finance","September 2026 Payroll","2026-08-31T18:30:00.000Z","2026-09-29T18:30:00.000Z","0.00","0.00","0.00","Draft","Draft","","2026-09-05T16:14:43.002Z"
"3087","EMP-14F1B9","Neha Verma","Marketing & Sales","September 2026 Payroll","2026-08-31T18:30:00.000Z","2026-09-29T18:30:00.000Z","0.00","0.00","0.00","Draft","Draft","","2026-09-05T16:14:43.001Z"
"3086","EMP-4BB327","Reyansh Desai","Finance","September 2026 Payroll","2026-08-31T18:30:00.000Z","2026-09-29T18:30:00.000Z","61600.00","4820.00","56780.00","Generated","Computed","2026-09-05T19:28:00.621Z","2026-09-05T16:14:42.990Z"
"3085","EMP-9753BA","Aditya Pandey","Finance","September 2026 Payroll","2026-08-31T18:30:00.000Z","2026-09-29T18:30:00.000Z","0.00","0.00","0.00","Draft","Draft","","2026-09-05T16:14:42.273Z"
"3084","EMP-46D710","Naveen Rao","Engineering","September 2026 Payroll","2026-08-31T18:30:00.000Z","2026-09-29T18:30:00.000Z","0.00","0.00","0.00","Draft","Draft","","2026-09-05T16:14:42.009Z"
"3083","EMP-29137D","Nisha Saxena","Finance","September 2026 Payroll","2026-08-31T18:30:00.000Z","2026-09-29T18:30:00.000Z","0.00","0.00","0.00","Draft","Draft","","2026-09-05T16:14:42.005Z"
"3081","EMP-A9E145","Neha Kapoor","Human Resources","September 2026 Payroll","2026-08-31T18:30:00.000Z","2026-09-29T18:30:00.000Z","0.00","0.00","0.00","Draft","Draft","","2026-09-05T16:14:42.004Z"
"3080","EMP-4CC9C8","Amit Chatterjee","Engineering","September 2026 Payroll","2026-08-31T18:30:00.000Z","2026-09-29T18:30:00.000Z","60800.00","4760.00","56040.00","Generated","Computed","2026-09-05T19:27:33.501Z","2026-09-05T16:14:42.002Z"
"3079","EMP-B030CD","Shreya Deshmukh","Finance","September 2026 Payroll","2026-08-31T18:30:00.000Z","2026-09-29T18:30:00.000Z","0.00","0.00","0.00","Draft","Draft","","2026-09-05T16:14:41.585Z"
"3078","EMP-9753BA","Aditya Pandey","Finance","September 2026 Payroll","2026-08-31T18:30:00.000Z","2026-09-29T18:30:00.000Z","0.00","0.00","0.00","Draft","Draft","","2026-09-05T16:14:41.316Z"
"3076","EMP-46D710","Naveen Rao","Engineering","September 2026 Payroll","2026-08-31T18:30:00.000Z","2026-09-29T18:30:00.000Z","0.00","0.00","0.00","Draft","Draft","","2026-09-05T16:14:41.310Z"
"3075","EMP-8D4B72","Aditya Shah","Marketing & Sales","September 2026 Payroll","2026-08-31T18:30:00.000Z","2026-09-29T18:30:00.000Z","0.00","0.00","0.00","Draft","Draft","","2026-09-05T16:14:41.310Z"
"3074","EMP-728205","Neha Desai","Finance","September 2026 Payroll","2026-08-31T18:30:00.000Z","2026-09-29T18:30:00.000Z","60000.00","4700.00","55300.00","Generated","Computed","2026-09-05T19:12:00.573Z","2026-09-05T16:14:41.308Z"
"3073","EMP-54A415","Kabir Pandey","Marketing & Sales","September 2026 Payroll","2026-08-31T18:30:00.000Z","2026-09-29T18:30:00.000Z","0.00","0.00","0.00","Draft","Draft","","2026-09-05T16:14:40.970Z"
"3072","EMP-B030CD","Shreya Deshmukh","Finance","September 2026 Payroll","2026-08-31T18:30:00.000Z","2026-09-29T18:30:00.000Z","0.00","0.00","0.00","Draft","Draft","","2026-09-05T16:14:40.670Z"
"3071","EMP-9753BA","Aditya Pandey","Finance","September 2026 Payroll","2026-08-31T18:30:00.000Z","2026-09-29T18:30:00.000Z","0.00","0.00","0.00","Draft","Draft","","2026-09-05T16:14:40.666Z"
"3069","EMP-27173F","Sanjay Agarwal","Human Resources","September 2026 Payroll","2026-08-31T18:30:00.000Z","2026-09-29T18:30:00.000Z","0.00","0.00","0.00","Draft","Draft","","2026-09-05T16:14:40.665Z"
"3068","EMP-D12354","Gaurav Bhatt","Finance","September 2026 Payroll","2026-08-31T18:30:00.000Z","2026-09-29T18:30:00.000Z","59200.00","4640.00","54560.00","Generated","Computed","2026-09-05T19:11:57.480Z","2026-09-05T16:14:40.663Z"
"3067","EMP-B0A6B8","Kavya Bose","Finance","September 2026 Payroll","2026-08-31T18:30:00.000Z","2026-09-29T18:30:00.000Z","0.00","0.00","0.00","Draft","Draft","","2026-09-05T16:14:40.385Z"
"3066","EMP-54A415","Kabir Pandey","Marketing & Sales","September 2026 Payroll","2026-08-31T18:30:00.000Z","2026-09-29T18:30:00.000Z","0.00","0.00","0.00","Draft","Draft","","2026-09-05T16:14:40.109Z"
"3064","EMP-B030CD","Shreya Deshmukh","Finance","September 2026 Payroll","2026-08-31T18:30:00.000Z","2026-09-29T18:30:00.000Z","0.00","0.00","0.00","Draft","Draft","","2026-09-05T16:14:40.099Z"
"3063","EMP-DECF50","Nisha Joshi","Marketing & Sales","September 2026 Payroll","2026-08-31T18:30:00.000Z","2026-09-29T18:30:00.000Z","0.00","0.00","0.00","Draft","Draft","","2026-09-05T16:14:40.098Z"
"3062","EMP-896B0D","Riya Bansal","Marketing & Sales","September 2026 Payroll","2026-08-31T18:30:00.000Z","2026-09-29T18:30:00.000Z","58400.00","4580.00","53820.00","Generated","Computed","2026-09-05T19:11:32.903Z","2026-09-05T16:14:40.095Z"
"3061","EMP-363EFE","Nisha Kapoor","Human Resources","September 2026 Payroll","2026-08-31T18:30:00.000Z","2026-09-29T18:30:00.000Z","0.00","0.00","0.00","Draft","Draft","","2026-09-05T16:14:39.779Z"
"3060","EMP-B0A6B8","Kavya Bose","Finance","September 2026 Payroll","2026-08-31T18:30:00.000Z","2026-09-29T18:30:00.000Z","0.00","0.00","0.00","Draft","Draft","","2026-09-05T16:14:39.472Z"
"3059","EMP-334E8F","Aarav Ghosh","Human Resources","September 2026 Payroll","2026-08-31T18:30:00.000Z","2026-09-29T18:30:00.000Z","0.00","0.00","0.00","Draft","Draft","","2026-09-05T16:14:39.468Z"
"3058","EMP-54A415","Kabir Pandey","Marketing & Sales","September 2026 Payroll","2026-08-31T18:30:00.000Z","2026-09-29T18:30:00.000Z","0.00","0.00","0.00","Draft","Draft","","2026-09-05T16:14:39.468Z"
"3056","EMP-7B0395","Ayaan Ghosh","Finance","September 2026 Payroll","2026-08-31T18:30:00.000Z","2026-09-29T18:30:00.000Z","57600.00","4520.00","53080.00","Generated","Computed","2026-09-05T19:11:30.176Z","2026-09-05T16:14:39.460Z"
"3055","EMP-190639","Meera Malhotra","Engineering","September 2026 Payroll","2026-08-31T18:30:00.000Z","2026-09-29T18:30:00.000Z","0.00","0.00","0.00","Draft","Draft","","2026-09-05T16:14:39.050Z"
"3053","EMP-363EFE","Nisha Kapoor","Human Resources","September 2026 Payroll","2026-08-31T18:30:00.000Z","2026-09-29T18:30:00.000Z","0.00","0.00","0.00","Draft","Draft","","2026-09-05T16:14:38.741Z"
"3052","EMP-B0A6B8","Kavya Bose","Finance","September 2026 Payroll","2026-08-31T18:30:00.000Z","2026-09-29T18:30:00.000Z","0.00","0.00","0.00","Draft","Draft","","2026-09-05T16:14:38.737Z"
"3051","EMP-43F6C1","Ishaan Malhotra","Human Resources","September 2026 Payroll","2026-08-31T18:30:00.000Z","2026-09-29T18:30:00.000Z","0.00","0.00","0.00","Draft","Draft","","2026-09-05T16:14:38.737Z"
"3050","EMP-BD3339","Aryan Kapoor","Engineering","September 2026 Payroll","2026-08-31T18:30:00.000Z","2026-09-29T18:30:00.000Z","56800.00","4460.00","52340.00","Generated","Computed","2026-09-05T19:11:04.799Z","2026-09-05T16:14:38.735Z"
"3049","EMP-3CA43C","Deepak Das","Marketing & Sales","September 2026 Payroll","2026-08-31T18:30:00.000Z","2026-09-29T18:30:00.000Z","0.00","0.00","0.00","Draft","Draft","","2026-09-05T16:14:38.399Z"
"3047","EMP-363EFE","Nisha Kapoor","Human Resources","September 2026 Payroll","2026-08-31T18:30:00.000Z","2026-09-29T18:30:00.000Z","0.00","0.00","0.00","Draft","Draft","","2026-09-05T16:14:38.075Z"
"3046","EMP-85224C","Kavya Reddy","Marketing & Sales","September 2026 Payroll","2026-08-31T18:30:00.000Z","2026-09-29T18:30:00.000Z","0.00","0.00","0.00","Draft","Draft","","2026-09-05T16:14:38.075Z"
"3045","EMP-FED9BF","Ayaan Das","Marketing & Sales","September 2026 Payroll","2026-08-31T18:30:00.000Z","2026-09-29T18:30:00.000Z","56000.00","4400.00","51600.00","Generated","Computed","2026-09-05T19:10:39.972Z","2026-09-05T16:14:38.073Z"
"3044","EMP-190639","Meera Malhotra","Engineering","September 2026 Payroll","2026-08-31T18:30:00.000Z","2026-09-29T18:30:00.000Z","0.00","0.00","0.00","Draft","Draft","","2026-09-05T16:14:38.045Z"
"3043","EMP-B87E01","Shreya Mehta","Marketing & Sales","September 2026 Payroll","2026-08-31T18:30:00.000Z","2026-09-29T18:30:00.000Z","0.00","0.00","0.00","Draft","Draft","","2026-09-05T16:14:37.810Z"
"3041","EMP-14F1B9","Neha Verma","Marketing & Sales","September 2026 Payroll","2026-08-31T18:30:00.000Z","2026-09-29T18:30:00.000Z","0.00","0.00","0.00","Draft","Draft","","2026-09-05T16:14:37.533Z"
"3040","EMP-190639","Meera Malhotra","Engineering","September 2026 Payroll","2026-08-31T18:30:00.000Z","2026-09-29T18:30:00.000Z","0.00","0.00","0.00","Draft","Draft","","2026-09-05T16:14:37.532Z"
"3039","EMP-3AC409","Tanvi Sharma","Engineering","September 2026 Payroll","2026-08-31T18:30:00.000Z","2026-09-29T18:30:00.000Z","55200.00","4340.00","50860.00","Generated","Computed","2026-09-05T19:10:16.175Z","2026-09-05T16:14:37.528Z"
"3038","EMP-3CA43C","Deepak Das","Marketing & Sales","September 2026 Payroll","2026-08-31T18:30:00.000Z","2026-09-29T18:30:00.000Z","0.00","0.00","0.00","Draft","Draft","","2026-09-05T16:14:37.427Z"
"3037","EMP-B70E93","Arjun Gupta","Engineering","September 2026 Payroll","2026-08-31T18:30:00.000Z","2026-09-29T18:30:00.000Z","0.00","0.00","0.00","Draft","Draft","","2026-09-05T16:14:37.261Z"
"3035","EMP-3CA43C","Deepak Das","Marketing & Sales","September 2026 Payroll","2026-08-31T18:30:00.000Z","2026-09-29T18:30:00.000Z","0.00","0.00","0.00","Draft","Draft","","2026-09-05T16:14:36.892Z"
"3034","EMP-29137D","Nisha Saxena","Finance","September 2026 Payroll","2026-08-31T18:30:00.000Z","2026-09-29T18:30:00.000Z","0.00","0.00","0.00","Draft","Draft","","2026-09-05T16:14:36.891Z"
"3033","EMP-58445B","Rahul Shah","Engineering","September 2026 Payroll","2026-08-31T18:30:00.000Z","2026-09-29T18:30:00.000Z","54400.00","4280.00","50120.00","Generated","Computed","2026-09-05T19:10:12.875Z","2026-09-05T16:14:36.890Z"
"3032","EMP-B87E01","Shreya Mehta","Marketing & Sales","September 2026 Payroll","2026-08-31T18:30:00.000Z","2026-09-29T18:30:00.000Z","0.00","0.00","0.00","Draft","Draft","","2026-09-05T16:14:36.639Z"
"3031","EMP-A2063B","Simran Desai","Human Resources","September 2026 Payroll","2026-08-31T18:30:00.000Z","2026-09-29T18:30:00.000Z","0.00","0.00","0.00","Draft","Draft","","2026-09-05T16:14:36.623Z"
"3029","EMP-46D710","Naveen Rao","Engineering","September 2026 Payroll","2026-08-31T18:30:00.000Z","2026-09-29T18:30:00.000Z","0.00","0.00","0.00","Draft","Draft","","2026-09-05T16:14:36.359Z"
"3028","EMP-B87E01","Shreya Mehta","Marketing & Sales","September 2026 Payroll","2026-08-31T18:30:00.000Z","2026-09-29T18:30:00.000Z","0.00","0.00","0.00","Draft","Draft","","2026-09-05T16:14:36.358Z"
"3027","EMP-6F7C5C","Aditya Ghosh","Human Resources","September 2026 Payroll","2026-08-31T18:30:00.000Z","2026-09-29T18:30:00.000Z","53600.00","4220.00","49380.00","Generated","Computed","2026-09-05T19:09:47.579Z","2026-09-05T16:14:36.301Z"
"3026","EMP-B70E93","Arjun Gupta","Engineering","September 2026 Payroll","2026-08-31T18:30:00.000Z","2026-09-29T18:30:00.000Z","0.00","0.00","0.00","Draft","Draft","","2026-09-05T16:14:36.069Z"
"3025","EMP-B11947","Reyansh Deshmukh","Marketing & Sales","September 2026 Payroll","2026-08-31T18:30:00.000Z","2026-09-29T18:30:00.000Z","0.00","0.00","0.00","Draft","Draft","","2026-09-05T16:14:36.054Z"
"3024","EMP-9753BA","Aditya Pandey","Finance","September 2026 Payroll","2026-08-31T18:30:00.000Z","2026-09-29T18:30:00.000Z","0.00","0.00","0.00","Draft","Draft","","2026-09-05T16:14:35.789Z"
"3023","EMP-B70E93","Arjun Gupta","Engineering","September 2026 Payroll","2026-08-31T18:30:00.000Z","2026-09-29T18:30:00.000Z","0.00","0.00","0.00","Draft","Draft","","2026-09-05T16:14:35.789Z"
"3021","EMP-977362","Dev Deshmukh","Engineering","September 2026 Payroll","2026-08-31T18:30:00.000Z","2026-09-29T18:30:00.000Z","52800.00","4160.00","48640.00","Generated","Computed","2026-09-05T19:09:21.842Z","2026-09-05T16:14:35.786Z"
"3020","EMP-A2063B","Simran Desai","Human Resources","September 2026 Payroll","2026-08-31T18:30:00.000Z","2026-09-29T18:30:00.000Z","0.00","0.00","0.00","Draft","Draft","","2026-09-05T16:14:35.522Z"
"3019","EMP-196CAC","Ayaan Rao","Engineering","September 2026 Payroll","2026-08-31T18:30:00.000Z","2026-09-29T18:30:00.000Z","0.00","0.00","0.00","Draft","Draft","","2026-09-05T16:14:35.480Z"
"3017","EMP-B030CD","Shreya Deshmukh","Finance","September 2026 Payroll","2026-08-31T18:30:00.000Z","2026-09-29T18:30:00.000Z","0.00","0.00","0.00","Draft","Draft","","2026-09-05T16:14:35.220Z"
"3016","EMP-A2063B","Simran Desai","Human Resources","September 2026 Payroll","2026-08-31T18:30:00.000Z","2026-09-29T18:30:00.000Z","0.00","0.00","0.00","Draft","Draft","","2026-09-05T16:14:35.218Z"
"3015","EMP-779822","Divya Tiwari","Human Resources","September 2026 Payroll","2026-08-31T18:30:00.000Z","2026-09-29T18:30:00.000Z","52000.00","4100.00","47900.00","Generated","Computed","2026-09-05T19:09:15.903Z","2026-09-05T16:14:35.187Z"
"3014","EMP-B11947","Reyansh Deshmukh","Marketing & Sales","September 2026 Payroll","2026-08-31T18:30:00.000Z","2026-09-29T18:30:00.000Z","0.00","0.00","0.00","Draft","Draft","","2026-09-05T16:14:34.988Z"
"3013","EMP-185D9A","Manish Gupta","Finance","September 2026 Payroll","2026-08-31T18:30:00.000Z","2026-09-29T18:30:00.000Z","0.00","0.00","0.00","Draft","Draft","","2026-09-05T16:14:34.959Z"
"3011","EMP-B11947","Reyansh Deshmukh","Marketing & Sales","September 2026 Payroll","2026-08-31T18:30:00.000Z","2026-09-29T18:30:00.000Z","0.00","0.00","0.00","Draft","Draft","","2026-09-05T16:14:34.689Z"
"3010","EMP-54A415","Kabir Pandey","Marketing & Sales","September 2026 Payroll","2026-08-31T18:30:00.000Z","2026-09-29T18:30:00.000Z","0.00","0.00","0.00","Draft","Draft","","2026-09-05T16:14:34.688Z"
"3009","EMP-299D2B","Krishna Deshmukh","Finance","September 2026 Payroll","2026-08-31T18:30:00.000Z","2026-09-29T18:30:00.000Z","51200.00","4040.00","47160.00","Generated","Computed","2026-09-05T19:08:48.768Z","2026-09-05T16:14:34.680Z"
"3008","EMP-196CAC","Ayaan Rao","Engineering","September 2026 Payroll","2026-08-31T18:30:00.000Z","2026-09-29T18:30:00.000Z","0.00","0.00","0.00","Draft","Draft","","2026-09-05T16:14:34.423Z"
"3007","EMP-4B7CD5","Kavya Shah","Human Resources","September 2026 Payroll","2026-08-31T18:30:00.000Z","2026-09-29T18:30:00.000Z","0.00","0.00","0.00","Draft","Draft","","2026-09-05T16:14:34.417Z"
"3005","EMP-196CAC","Ayaan Rao","Engineering","September 2026 Payroll","2026-08-31T18:30:00.000Z","2026-09-29T18:30:00.000Z","0.00","0.00","0.00","Draft","Draft","","2026-09-05T16:14:33.913Z"
"3004","EMP-B0A6B8","Kavya Bose","Finance","September 2026 Payroll","2026-08-31T18:30:00.000Z","2026-09-29T18:30:00.000Z","0.00","0.00","0.00","Draft","Draft","","2026-09-05T16:14:33.912Z"
"3003","EMP-754829","Pooja Chatterjee","Finance","September 2026 Payroll","2026-08-31T18:30:00.000Z","2026-09-29T18:30:00.000Z","50400.00","3980.00","46420.00","Generated","Computed","2026-09-05T19:08:43.547Z","2026-09-05T16:14:33.911Z"
"3002","EMP-185D9A","Manish Gupta","Finance","September 2026 Payroll","2026-08-31T18:30:00.000Z","2026-09-29T18:30:00.000Z","0.00","0.00","0.00","Draft","Draft","","2026-09-05T16:14:33.654Z"
"3001","EMP-C405C7","Arjun Sengupta","Marketing & Sales","September 2026 Payroll","2026-08-31T18:30:00.000Z","2026-09-29T18:30:00.000Z","0.00","0.00","0.00","Draft","Draft","","2026-09-05T16:14:33.649Z"
"2999","EMP-363EFE","Nisha Kapoor","Human Resources","September 2026 Payroll","2026-08-31T18:30:00.000Z","2026-09-29T18:30:00.000Z","0.00","0.00","0.00","Draft","Draft","","2026-09-05T16:14:33.295Z"
"2998","EMP-185D9A","Manish Gupta","Finance","September 2026 Payroll","2026-08-31T18:30:00.000Z","2026-09-29T18:30:00.000Z","0.00","0.00","0.00","Draft","Draft","","2026-09-05T16:14:33.294Z"
"2997","EMP-23D32C","Sanjay Yadav","Human Resources","September 2026 Payroll","2026-08-31T18:30:00.000Z","2026-09-29T18:30:00.000Z","49600.00","3920.00","45680.00","Generated","Computed","2026-09-05T19:08:38.469Z","2026-09-05T16:14:33.291Z"
"2996","EMP-4B7CD5","Kavya Shah","Human Resources","September 2026 Payroll","2026-08-31T18:30:00.000Z","2026-09-29T18:30:00.000Z","0.00","0.00","0.00","Draft","Draft","","2026-09-05T16:14:33.013Z"
"2995","EMP-2CDEBE","Krishna Menon","Engineering","September 2026 Payroll","2026-08-31T18:30:00.000Z","2026-09-29T18:30:00.000Z","0.00","0.00","0.00","Draft","Draft","","2026-09-05T16:14:33.007Z"
"2993","EMP-4B7CD5","Kavya Shah","Human Resources","September 2026 Payroll","2026-08-31T18:30:00.000Z","2026-09-29T18:30:00.000Z","0.00","0.00","0.00","Draft","Draft","","2026-09-05T16:14:32.703Z"
"2992","EMP-190639","Meera Malhotra","Engineering","September 2026 Payroll","2026-08-31T18:30:00.000Z","2026-09-29T18:30:00.000Z","0.00","0.00","0.00","Draft","Draft","","2026-09-05T16:14:32.703Z"
"2991","EMP-B1E1C4","Nikhil Gupta","Human Resources","September 2026 Payroll","2026-08-31T18:30:00.000Z","2026-09-29T18:30:00.000Z","48800.00","3860.00","44940.00","Generated","Computed","2026-09-05T19:08:33.071Z","2026-09-05T16:14:32.701Z"
"2990","EMP-C405C7","Arjun Sengupta","Marketing & Sales","September 2026 Payroll","2026-08-31T18:30:00.000Z","2026-09-29T18:30:00.000Z","0.00","0.00","0.00","Draft","Draft","","2026-09-05T16:14:32.423Z"
"2989","EMP-F998DD","Nisha Tiwari","Human Resources","September 2026 Payroll","2026-08-31T18:30:00.000Z","2026-09-29T18:30:00.000Z","0.00","0.00","0.00","Draft","Draft","","2026-09-05T16:14:32.421Z"
"2988","EMP-8F2F80","Aryan Pandey","Human Resources","September 2026 Payroll","2026-08-31T18:30:00.000Z","2026-09-29T18:30:00.000Z","48000.00","3800.00","44200.00","Generated","Computed","2026-09-05T19:08:28.110Z","2026-09-05T16:14:32.123Z"
"2986","EMP-C405C7","Arjun Sengupta","Marketing & Sales","September 2026 Payroll","2026-08-31T18:30:00.000Z","2026-09-29T18:30:00.000Z","0.00","0.00","0.00","Draft","Draft","","2026-09-05T16:14:32.000Z"
"2985","EMP-3CA43C","Deepak Das","Marketing & Sales","September 2026 Payroll","2026-08-31T18:30:00.000Z","2026-09-29T18:30:00.000Z","0.00","0.00","0.00","Draft","Draft","","2026-09-05T16:14:31.999Z"
"2984","EMP-2CDEBE","Krishna Menon","Engineering","September 2026 Payroll","2026-08-31T18:30:00.000Z","2026-09-29T18:30:00.000Z","0.00","0.00","0.00","Draft","Draft","","2026-09-05T16:14:31.769Z"
"2983","EMP-B2ABBD","Pooja Sengupta","Human Resources","September 2026 Payroll","2026-08-31T18:30:00.000Z","2026-09-29T18:30:00.000Z","0.00","0.00","0.00","Draft","Draft","","2026-09-05T16:14:31.716Z"
"2982","EMP-186813","Karan Ghosh","Engineering","September 2026 Payroll","2026-08-31T18:30:00.000Z","2026-09-29T18:30:00.000Z","47200.00","3740.00","43460.00","Generated","Computed","2026-09-05T19:08:01.023Z","2026-09-05T16:14:31.592Z"
"2980","EMP-2CDEBE","Krishna Menon","Engineering","September 2026 Payroll","2026-08-31T18:30:00.000Z","2026-09-29T18:30:00.000Z","0.00","0.00","0.00","Draft","Draft","","2026-09-05T16:14:31.412Z"
"2979","EMP-B87E01","Shreya Mehta","Marketing & Sales","September 2026 Payroll","2026-08-31T18:30:00.000Z","2026-09-29T18:30:00.000Z","0.00","0.00","0.00","Draft","Draft","","2026-09-05T16:14:31.412Z"
"2978","EMP-F998DD","Nisha Tiwari","Human Resources","September 2026 Payroll","2026-08-31T18:30:00.000Z","2026-09-29T18:30:00.000Z","0.00","0.00","0.00","Draft","Draft","","2026-09-05T16:14:31.153Z"
"2977","EMP-7F2E45","Riya Bose","Engineering","September 2026 Payroll","2026-08-31T18:30:00.000Z","2026-09-29T18:30:00.000Z","0.00","0.00","0.00","Draft","Draft","","2026-09-05T16:14:31.142Z"
"2976","EMP-0B3DD7","Sneha Pillai","Engineering","September 2026 Payroll","2026-08-31T18:30:00.000Z","2026-09-29T18:30:00.000Z","46400.00","3680.00","42720.00","Generated","Computed","2026-09-05T19:07:55.141Z","2026-09-05T16:14:31.074Z"
"2974","EMP-B70E93","Arjun Gupta","Engineering","September 2026 Payroll","2026-08-31T18:30:00.000Z","2026-09-29T18:30:00.000Z","0.00","0.00","0.00","Draft","Draft","","2026-09-05T16:14:30.884Z"
"2973","EMP-F998DD","Nisha Tiwari","Human Resources","September 2026 Payroll","2026-08-31T18:30:00.000Z","2026-09-29T18:30:00.000Z","0.00","0.00","0.00","Draft","Draft","","2026-09-05T16:14:30.883Z"
"2972","EMP-B2ABBD","Pooja Sengupta","Human Resources","September 2026 Payroll","2026-08-31T18:30:00.000Z","2026-09-29T18:30:00.000Z","0.00","0.00","0.00","Draft","Draft","","2026-09-05T16:14:30.568Z"
"2971","EMP-884FC9","Reyansh Chopra","Engineering","September 2026 Payroll","2026-08-31T18:30:00.000Z","2026-09-29T18:30:00.000Z","0.00","0.00","0.00","Draft","Draft","","2026-09-05T16:14:30.560Z"
"2970","EMP-79A6BD","Divya Pillai","Finance","September 2026 Payroll","2026-08-31T18:30:00.000Z","2026-09-29T18:30:00.000Z","45600.00","3620.00","41980.00","Generated","Computed","2026-09-05T19:07:27.338Z","2026-09-05T16:14:30.532Z"
"2968","EMP-B2ABBD","Pooja Sengupta","Human Resources","September 2026 Payroll","2026-08-31T18:30:00.000Z","2026-09-29T18:30:00.000Z","0.00","0.00","0.00","Draft","Draft","","2026-09-05T16:14:30.232Z"
"2967","EMP-A2063B","Simran Desai","Human Resources","September 2026 Payroll","2026-08-31T18:30:00.000Z","2026-09-29T18:30:00.000Z","0.00","0.00","0.00","Draft","Draft","","2026-09-05T16:14:30.231Z"
"2966","EMP-7F2E45","Riya Bose","Engineering","September 2026 Payroll","2026-08-31T18:30:00.000Z","2026-09-29T18:30:00.000Z","0.00","0.00","0.00","Draft","Draft","","2026-09-05T16:14:29.966Z"
"2965","EMP-3EB8C2","Sanjay Yadav","Human Resources","September 2026 Payroll","2026-08-31T18:30:00.000Z","2026-09-29T18:30:00.000Z","0.00","0.00","0.00","Draft","Draft","","2026-09-05T16:14:29.947Z"
"2964","EMP-CEB2D1","Rahul Das","Finance","September 2026 Payroll","2026-08-31T18:30:00.000Z","2026-09-29T18:30:00.000Z","44800.00","3560.00","41240.00","Generated","Computed","2026-09-05T19:07:00.384Z","2026-09-05T16:14:29.944Z"
"2962","EMP-7F2E45","Riya Bose","Engineering","September 2026 Payroll","2026-08-31T18:30:00.000Z","2026-09-29T18:30:00.000Z","0.00","0.00","0.00","Draft","Draft","","2026-09-05T16:14:29.654Z"
"2961","EMP-B11947","Reyansh Deshmukh","Marketing & Sales","September 2026 Payroll","2026-08-31T18:30:00.000Z","2026-09-29T18:30:00.000Z","0.00","0.00","0.00","Draft","Draft","","2026-09-05T16:14:29.653Z"
"2960","EMP-884FC9","Reyansh Chopra","Engineering","September 2026 Payroll","2026-08-31T18:30:00.000Z","2026-09-29T18:30:00.000Z","0.00","0.00","0.00","Draft","Draft","","2026-09-05T16:14:29.410Z"
"2959","EMP-D4B583","Shreya Iyer","Finance","September 2026 Payroll","2026-08-31T18:30:00.000Z","2026-09-29T18:30:00.000Z","0.00","0.00","0.00","Draft","Draft","","2026-09-05T16:14:29.392Z"
"2958","EMP-C35DF4","Ayaan Reddy","Finance","September 2026 Payroll","2026-08-31T18:30:00.000Z","2026-09-29T18:30:00.000Z","44000.00","3500.00","40500.00","Generated","Computed","2026-09-05T19:06:32.841Z","2026-09-05T16:14:29.388Z"
"2956","EMP-884FC9","Reyansh Chopra","Engineering","September 2026 Payroll","2026-08-31T18:30:00.000Z","2026-09-29T18:30:00.000Z","0.00","0.00","0.00","Draft","Draft","","2026-09-05T16:14:29.124Z"
"2955","EMP-196CAC","Ayaan Rao","Engineering","September 2026 Payroll","2026-08-31T18:30:00.000Z","2026-09-29T18:30:00.000Z","0.00","0.00","0.00","Draft","Draft","","2026-09-05T16:14:29.123Z"
"2954","EMP-3EB8C2","Sanjay Yadav","Human Resources","September 2026 Payroll","2026-08-31T18:30:00.000Z","2026-09-29T18:30:00.000Z","0.00","0.00","0.00","Draft","Draft","","2026-09-05T16:14:28.823Z"
"2953","EMP-F00A1D","Kabir Desai","Marketing & Sales","September 2026 Payroll","2026-08-31T18:30:00.000Z","2026-09-29T18:30:00.000Z","0.00","0.00","0.00","Draft","Draft","","2026-09-05T16:14:28.818Z"
"2952","EMP-554886","Arjun Banerjee","Engineering","September 2026 Payroll","2026-08-31T18:30:00.000Z","2026-09-29T18:30:00.000Z","80000.00","6200.00","73800.00","Generated","Computed","2026-09-05T19:06:27.345Z","2026-09-05T16:14:28.817Z"
"2950","EMP-185D9A","Manish Gupta","Finance","September 2026 Payroll","2026-08-31T18:30:00.000Z","2026-09-29T18:30:00.000Z","0.00","0.00","0.00","Draft","Draft","","2026-09-05T16:14:28.490Z"
"2949","EMP-3EB8C2","Sanjay Yadav","Human Resources","September 2026 Payroll","2026-08-31T18:30:00.000Z","2026-09-29T18:30:00.000Z","0.00","0.00","0.00","Draft","Draft","","2026-09-05T16:14:28.490Z"
"2948","EMP-0ADF2E","Divya Bhatia","Human Resources","September 2026 Payroll","2026-08-31T18:30:00.000Z","2026-09-29T18:30:00.000Z","79200.00","6140.00","73060.00","Generated","Computed","2026-09-05T19:05:59.696Z","2026-09-05T16:14:28.269Z"
"2947","EMP-E14561","Nikhil Chauhan","Marketing & Sales","September 2026 Payroll","2026-08-31T18:30:00.000Z","2026-09-29T18:30:00.000Z","0.00","0.00","0.00","Draft","Draft","","2026-09-05T16:14:28.256Z"
"2946","EMP-D4B583","Shreya Iyer","Finance","September 2026 Payroll","2026-08-31T18:30:00.000Z","2026-09-29T18:30:00.000Z","0.00","0.00","0.00","Draft","Draft","","2026-09-05T16:14:28.217Z"
"2945","EMP-D4B583","Shreya Iyer","Finance","September 2026 Payroll","2026-08-31T18:30:00.000Z","2026-09-29T18:30:00.000Z","0.00","0.00","0.00","Draft","Draft","","2026-09-05T16:14:27.804Z"
"2943","EMP-4B7CD5","Kavya Shah","Human Resources","September 2026 Payroll","2026-08-31T18:30:00.000Z","2026-09-29T18:30:00.000Z","0.00","0.00","0.00","Draft","Draft","","2026-09-05T16:14:27.803Z"
"2942","EMP-DD5A61","Reyansh Shah","Human Resources","September 2026 Payroll","2026-08-31T18:30:00.000Z","2026-09-29T18:30:00.000Z","78400.00","6080.00","72320.00","Generated","Computed","2026-09-05T19:05:32.258Z","2026-09-05T16:14:27.725Z"
"2941","EMP-C077C9","Aarav Bhatia","Marketing & Sales","September 2026 Payroll","2026-08-31T18:30:00.000Z","2026-09-29T18:30:00.000Z","0.00","0.00","0.00","Draft","Draft","","2026-09-05T16:14:27.689Z"
"2940","EMP-F00A1D","Kabir Desai","Marketing & Sales","September 2026 Payroll","2026-08-31T18:30:00.000Z","2026-09-29T18:30:00.000Z","0.00","0.00","0.00","Draft","Draft","","2026-09-05T16:14:27.517Z"
"2939","EMP-F00A1D","Kabir Desai","Marketing & Sales","September 2026 Payroll","2026-08-31T18:30:00.000Z","2026-09-29T18:30:00.000Z","0.00","0.00","0.00","Draft","Draft","","2026-09-05T16:14:27.234Z"
"2938","EMP-C405C7","Arjun Sengupta","Marketing & Sales","September 2026 Payroll","2026-08-31T18:30:00.000Z","2026-09-29T18:30:00.000Z","0.00","0.00","0.00","Draft","Draft","","2026-09-05T16:14:27.233Z"
"2936","EMP-9B6E89","Manish Agarwal","Finance","September 2026 Payroll","2026-08-31T18:30:00.000Z","2026-09-29T18:30:00.000Z","77600.00","6020.00","71580.00","Generated","Computed","2026-09-05T19:05:26.614Z","2026-09-05T16:14:27.203Z"
"2935","EMP-729B37","Shreya Pandey","Finance","September 2026 Payroll","2026-08-31T18:30:00.000Z","2026-09-29T18:30:00.000Z","0.00","0.00","0.00","Draft","Draft","","2026-09-05T16:14:27.150Z"
"2934","EMP-E14561","Nikhil Chauhan","Marketing & Sales","September 2026 Payroll","2026-08-31T18:30:00.000Z","2026-09-29T18:30:00.000Z","0.00","0.00","0.00","Draft","Draft","","2026-09-05T16:14:26.945Z"
"2933","EMP-2CDEBE","Krishna Menon","Engineering","September 2026 Payroll","2026-08-31T18:30:00.000Z","2026-09-29T18:30:00.000Z","0.00","0.00","0.00","Draft","Draft","","2026-09-05T16:14:26.698Z"
"2932","EMP-E14561","Nikhil Chauhan","Marketing & Sales","September 2026 Payroll","2026-08-31T18:30:00.000Z","2026-09-29T18:30:00.000Z","0.00","0.00","0.00","Draft","Draft","","2026-09-05T16:14:26.697Z"
"2930","EMP-5EF5E5","Varun Ghosh","Engineering","September 2026 Payroll","2026-08-31T18:30:00.000Z","2026-09-29T18:30:00.000Z","76800.00","5960.00","70840.00","Generated","Computed","2026-09-05T19:05:20.778Z","2026-09-05T16:14:26.624Z"
"2929","EMP-C9DB6F","Nisha Bhatt","Human Resources","September 2026 Payroll","2026-08-31T18:30:00.000Z","2026-09-29T18:30:00.000Z","0.00","0.00","0.00","Draft","Draft","","2026-09-05T16:14:26.549Z"
"2928","EMP-C077C9","Aarav Bhatia","Marketing & Sales","September 2026 Payroll","2026-08-31T18:30:00.000Z","2026-09-29T18:30:00.000Z","0.00","0.00","0.00","Draft","Draft","","2026-09-05T16:14:26.363Z"
"2927","EMP-F998DD","Nisha Tiwari","Human Resources","September 2026 Payroll","2026-08-31T18:30:00.000Z","2026-09-29T18:30:00.000Z","0.00","0.00","0.00","Draft","Draft","","2026-09-05T16:14:26.146Z"
"2926","EMP-C077C9","Aarav Bhatia","Marketing & Sales","September 2026 Payroll","2026-08-31T18:30:00.000Z","2026-09-29T18:30:00.000Z","0.00","0.00","0.00","Draft","Draft","","2026-09-05T16:14:26.146Z"
"2925","EMP-7A2A04","Karan Menon","Engineering","September 2026 Payroll","2026-08-31T18:30:00.000Z","2026-09-29T18:30:00.000Z","76000.00","5900.00","70100.00","Generated","Computed","2026-09-05T19:05:15.779Z","2026-09-05T16:14:26.081Z"
"2923","EMP-C12C94","Ananya Yadav","Engineering","September 2026 Payroll","2026-08-31T18:30:00.000Z","2026-09-29T18:30:00.000Z","0.00","0.00","0.00","Draft","Draft","","2026-09-05T16:14:25.926Z"
"2922","EMP-729B37","Shreya Pandey","Finance","September 2026 Payroll","2026-08-31T18:30:00.000Z","2026-09-29T18:30:00.000Z","0.00","0.00","0.00","Draft","Draft","","2026-09-05T16:14:25.745Z"
"2921","EMP-729B37","Shreya Pandey","Finance","September 2026 Payroll","2026-08-31T18:30:00.000Z","2026-09-29T18:30:00.000Z","0.00","0.00","0.00","Draft","Draft","","2026-09-05T16:14:25.574Z"
"2920","EMP-B2ABBD","Pooja Sengupta","Human Resources","September 2026 Payroll","2026-08-31T18:30:00.000Z","2026-09-29T18:30:00.000Z","0.00","0.00","0.00","Draft","Draft","","2026-09-05T16:14:25.573Z"
"2919","EMP-47BB8E","Naveen Shah","Finance","September 2026 Payroll","2026-08-31T18:30:00.000Z","2026-09-29T18:30:00.000Z","75200.00","5840.00","69360.00","Generated","Computed","2026-09-05T19:04:47.248Z","2026-09-05T16:14:25.572Z"
"2917","EMP-F9A332","Meera Ghosh","Finance","September 2026 Payroll","2026-08-31T18:30:00.000Z","2026-09-29T18:30:00.000Z","0.00","0.00","0.00","Draft","Draft","","2026-09-05T16:14:25.313Z"
"2916","EMP-C9DB6F","Nisha Bhatt","Human Resources","September 2026 Payroll","2026-08-31T18:30:00.000Z","2026-09-29T18:30:00.000Z","0.00","0.00","0.00","Draft","Draft","","2026-09-05T16:14:25.109Z"
"2915","EMP-7F2E45","Riya Bose","Engineering","September 2026 Payroll","2026-08-31T18:30:00.000Z","2026-09-29T18:30:00.000Z","0.00","0.00","0.00","Draft","Draft","","2026-09-05T16:14:25.055Z"
"2914","EMP-C9DB6F","Nisha Bhatt","Human Resources","September 2026 Payroll","2026-08-31T18:30:00.000Z","2026-09-29T18:30:00.000Z","0.00","0.00","0.00","Draft","Draft","","2026-09-05T16:14:25.033Z"
"2913","EMP-4A7545","Varun Kaur","Finance","September 2026 Payroll","2026-08-31T18:30:00.000Z","2026-09-29T18:30:00.000Z","74400.00","5780.00","68620.00","Generated","Computed","2026-09-05T19:04:19.574Z","2026-09-05T16:14:25.030Z"
"2911","EMP-DA36F1","Vihaan Desai","Finance","September 2026 Payroll","2026-08-31T18:30:00.000Z","2026-09-29T18:30:00.000Z","0.00","0.00","0.00","Draft","Draft","","2026-09-05T16:14:24.787Z"
"2910","EMP-C12C94","Ananya Yadav","Engineering","September 2026 Payroll","2026-08-31T18:30:00.000Z","2026-09-29T18:30:00.000Z","0.00","0.00","0.00","Draft","Draft","","2026-09-05T16:14:24.563Z"
"2909","EMP-884FC9","Reyansh Chopra","Engineering","September 2026 Payroll","2026-08-31T18:30:00.000Z","2026-09-29T18:30:00.000Z","0.00","0.00","0.00","Draft","Draft","","2026-09-05T16:14:24.518Z"
"2908","EMP-C12C94","Ananya Yadav","Engineering","September 2026 Payroll","2026-08-31T18:30:00.000Z","2026-09-29T18:30:00.000Z","0.00","0.00","0.00","Draft","Draft","","2026-09-05T16:14:24.513Z"
"2907","EMP-4629FD","Priya Menon","Engineering","September 2026 Payroll","2026-08-31T18:30:00.000Z","2026-09-29T18:30:00.000Z","73600.00","5720.00","67880.00","Generated","Computed","2026-09-05T19:04:13.783Z","2026-09-05T16:14:24.510Z"
"2905","EMP-CD10FE","Kavya Yadav","Finance","September 2026 Payroll","2026-08-31T18:30:00.000Z","2026-09-29T18:30:00.000Z","0.00","0.00","0.00","Draft","Draft","","2026-09-05T16:14:24.257Z"
"2904","EMP-F9A332","Meera Ghosh","Finance","September 2026 Payroll","2026-08-31T18:30:00.000Z","2026-09-29T18:30:00.000Z","0.00","0.00","0.00","Draft","Draft","","2026-09-05T16:14:23.986Z"
"2903","EMP-3EB8C2","Sanjay Yadav","Human Resources","September 2026 Payroll","2026-08-31T18:30:00.000Z","2026-09-29T18:30:00.000Z","0.00","0.00","0.00","Draft","Draft","","2026-09-05T16:14:23.975Z"
"2902","EMP-F9A332","Meera Ghosh","Finance","September 2026 Payroll","2026-08-31T18:30:00.000Z","2026-09-29T18:30:00.000Z","0.00","0.00","0.00","Draft","Draft","","2026-09-05T16:14:23.976Z"
"2901","EMP-46A33D","Tanvi Pandey","Marketing & Sales","September 2026 Payroll","2026-08-31T18:30:00.000Z","2026-09-29T18:30:00.000Z","72800.00","5660.00","67140.00","Generated","Computed","2026-09-05T19:03:46.008Z","2026-09-05T16:14:23.973Z"
"2899","EMP-219061","Anjali Yadav","Marketing & Sales","September 2026 Payroll","2026-08-31T18:30:00.000Z","2026-09-29T18:30:00.000Z","0.00","0.00","0.00","Draft","Draft","","2026-09-05T16:14:23.666Z"
"2898","EMP-DA36F1","Vihaan Desai","Finance","September 2026 Payroll","2026-08-31T18:30:00.000Z","2026-09-29T18:30:00.000Z","0.00","0.00","0.00","Draft","Draft","","2026-09-05T16:14:23.368Z"
"2897","EMP-DA36F1","Vihaan Desai","Finance","September 2026 Payroll","2026-08-31T18:30:00.000Z","2026-09-29T18:30:00.000Z","0.00","0.00","0.00","Draft","Draft","","2026-09-05T16:14:23.364Z"
"2896","EMP-D4B583","Shreya Iyer","Finance","September 2026 Payroll","2026-08-31T18:30:00.000Z","2026-09-29T18:30:00.000Z","0.00","0.00","0.00","Draft","Draft","","2026-09-05T16:14:23.363Z"
"2895","EMP-9C1299","Aarav Bhatia","Human Resources","September 2026 Payroll","2026-08-31T18:30:00.000Z","2026-09-29T18:30:00.000Z","72000.00","5600.00","66400.00","Generated","Computed","2026-09-05T19:03:18.615Z","2026-09-05T16:14:23.359Z"
"2893","EMP-2DB9E9","Sneha Chatterjee","Finance","September 2026 Payroll","2026-08-31T18:30:00.000Z","2026-09-29T18:30:00.000Z","0.00","0.00","0.00","Draft","Draft","","2026-09-05T16:14:23.051Z"
"2892","EMP-CD10FE","Kavya Yadav","Finance","September 2026 Payroll","2026-08-31T18:30:00.000Z","2026-09-29T18:30:00.000Z","0.00","0.00","0.00","Draft","Draft","","2026-09-05T16:14:22.262Z"
"2891","EMP-F00A1D","Kabir Desai","Marketing & Sales","September 2026 Payroll","2026-08-31T18:30:00.000Z","2026-09-29T18:30:00.000Z","0.00","0.00","0.00","Draft","Draft","","2026-09-05T16:14:22.258Z"
"2890","EMP-CD10FE","Kavya Yadav","Finance","September 2026 Payroll","2026-08-31T18:30:00.000Z","2026-09-29T18:30:00.000Z","0.00","0.00","0.00","Draft","Draft","","2026-09-05T16:14:22.173Z"
"2889","EMP-68D7E7","Meera Ghosh","Human Resources","September 2026 Payroll","2026-08-31T18:30:00.000Z","2026-09-29T18:30:00.000Z","71200.00","5540.00","65660.00","Generated","Computed","2026-09-05T19:02:51.431Z","2026-09-05T16:14:22.172Z"
"2887","EMP-3868B5","Sneha Kaur","Marketing & Sales","September 2026 Payroll","2026-08-31T18:30:00.000Z","2026-09-29T18:30:00.000Z","0.00","0.00","0.00","Draft","Draft","","2026-09-05T16:14:21.920Z"
"2886","EMP-219061","Anjali Yadav","Marketing & Sales","September 2026 Payroll","2026-08-31T18:30:00.000Z","2026-09-29T18:30:00.000Z","0.00","0.00","0.00","Draft","Draft","","2026-09-05T16:14:21.663Z"
"2885","EMP-E14561","Nikhil Chauhan","Marketing & Sales","September 2026 Payroll","2026-08-31T18:30:00.000Z","2026-09-29T18:30:00.000Z","0.00","0.00","0.00","Draft","Draft","","2026-09-05T16:14:21.659Z"
"2884","EMP-219061","Anjali Yadav","Marketing & Sales","September 2026 Payroll","2026-08-31T18:30:00.000Z","2026-09-29T18:30:00.000Z","0.00","0.00","0.00","Draft","Draft","","2026-09-05T16:14:21.646Z"
"2883","EMP-87001D","Anjali Krishnan","Marketing & Sales","September 2026 Payroll","2026-08-31T18:30:00.000Z","2026-09-29T18:30:00.000Z","70400.00","5480.00","64920.00","Generated","Computed","2026-09-05T19:02:23.573Z","2026-09-05T16:14:21.643Z"
"2881","EMP-4014FF","Vivaan Bhatia","Human Resources","September 2026 Payroll","2026-08-31T18:30:00.000Z","2026-09-29T18:30:00.000Z","0.00","0.00","0.00","Draft","Draft","","2026-09-05T16:14:21.388Z"
"2880","EMP-2DB9E9","Sneha Chatterjee","Finance","September 2026 Payroll","2026-08-31T18:30:00.000Z","2026-09-29T18:30:00.000Z","0.00","0.00","0.00","Draft","Draft","","2026-09-05T16:14:21.107Z"
"2879","EMP-2DB9E9","Sneha Chatterjee","Finance","September 2026 Payroll","2026-08-31T18:30:00.000Z","2026-09-29T18:30:00.000Z","0.00","0.00","0.00","Draft","Draft","","2026-09-05T16:14:21.099Z"
"2878","EMP-C077C9","Aarav Bhatia","Marketing & Sales","September 2026 Payroll","2026-08-31T18:30:00.000Z","2026-09-29T18:30:00.000Z","0.00","0.00","0.00","Draft","Draft","","2026-09-05T16:14:21.098Z"
"2877","EMP-6DC9C3","Divya Sengupta","Marketing & Sales","September 2026 Payroll","2026-08-31T18:30:00.000Z","2026-09-29T18:30:00.000Z","69600.00","5420.00","64180.00","Generated","Computed","2026-09-05T19:02:17.851Z","2026-09-05T16:14:21.063Z"
"2875","EMP-3AC246","Deepak Rathore","Finance","September 2026 Payroll","2026-08-31T18:30:00.000Z","2026-09-29T18:30:00.000Z","0.00","0.00","0.00","Draft","Draft","","2026-09-05T16:14:20.839Z"
"2874","EMP-3868B5","Sneha Kaur","Marketing & Sales","September 2026 Payroll","2026-08-31T18:30:00.000Z","2026-09-29T18:30:00.000Z","0.00","0.00","0.00","Draft","Draft","","2026-09-05T16:14:20.552Z"
"2873","EMP-3868B5","Sneha Kaur","Marketing & Sales","September 2026 Payroll","2026-08-31T18:30:00.000Z","2026-09-29T18:30:00.000Z","0.00","0.00","0.00","Draft","Draft","","2026-09-05T16:14:20.549Z"
"2872","EMP-729B37","Shreya Pandey","Finance","September 2026 Payroll","2026-08-31T18:30:00.000Z","2026-09-29T18:30:00.000Z","0.00","0.00","0.00","Draft","Draft","","2026-09-05T16:14:20.549Z"
"2871","EMP-20B9DC","Isha Kumar","Human Resources","September 2026 Payroll","2026-08-31T18:30:00.000Z","2026-09-29T18:30:00.000Z","68800.00","5360.00","63440.00","Generated","Computed","2026-09-05T19:02:12.826Z","2026-09-05T16:14:20.547Z"
"2869","EMP-FCCC73","Kabir Pandey","Marketing & Sales","September 2026 Payroll","2026-08-31T18:30:00.000Z","2026-09-29T18:30:00.000Z","0.00","0.00","0.00","Draft","Draft","","2026-09-05T16:14:20.281Z"
"2868","EMP-4014FF","Vivaan Bhatia","Human Resources","September 2026 Payroll","2026-08-31T18:30:00.000Z","2026-09-29T18:30:00.000Z","0.00","0.00","0.00","Draft","Draft","","2026-09-05T16:14:19.986Z"
"2867","EMP-4014FF","Vivaan Bhatia","Human Resources","September 2026 Payroll","2026-08-31T18:30:00.000Z","2026-09-29T18:30:00.000Z","0.00","0.00","0.00","Draft","Draft","","2026-09-05T16:14:19.982Z"
"2866","EMP-C9DB6F","Nisha Bhatt","Human Resources","September 2026 Payroll","2026-08-31T18:30:00.000Z","2026-09-29T18:30:00.000Z","0.00","0.00","0.00","Draft","Draft","","2026-09-05T16:14:19.981Z"
"2865","EMP-380E32","Kabir Kaur","Engineering","September 2026 Payroll","2026-08-31T18:30:00.000Z","2026-09-29T18:30:00.000Z","68000.00","5300.00","62700.00","Generated","Computed","2026-09-05T19:01:45.053Z","2026-09-05T16:14:19.979Z"
"2863","EMP-2BB817","Riya Pandey","Finance","September 2026 Payroll","2026-08-31T18:30:00.000Z","2026-09-29T18:30:00.000Z","0.00","0.00","0.00","Draft","Draft","","2026-09-05T16:14:19.566Z"
"2862","EMP-3AC246","Deepak Rathore","Finance","September 2026 Payroll","2026-08-31T18:30:00.000Z","2026-09-29T18:30:00.000Z","0.00","0.00","0.00","Draft","Draft","","2026-09-05T16:14:18.993Z"
"2861","EMP-3AC246","Deepak Rathore","Finance","September 2026 Payroll","2026-08-31T18:30:00.000Z","2026-09-29T18:30:00.000Z","0.00","0.00","0.00","Draft","Draft","","2026-09-05T16:14:18.926Z"
"2860","EMP-C12C94","Ananya Yadav","Engineering","September 2026 Payroll","2026-08-31T18:30:00.000Z","2026-09-29T18:30:00.000Z","0.00","0.00","0.00","Draft","Draft","","2026-09-05T16:14:18.926Z"
"2859","EMP-C75932","Ananya Iyer","Engineering","September 2026 Payroll","2026-08-31T18:30:00.000Z","2026-09-29T18:30:00.000Z","67200.00","5240.00","61960.00","Generated","Computed","2026-09-05T19:01:38.033Z","2026-09-05T16:14:18.923Z"
"2857","EMP-4BB327","Reyansh Desai","Finance","September 2026 Payroll","2026-08-31T18:30:00.000Z","2026-09-29T18:30:00.000Z","0.00","0.00","0.00","Draft","Draft","","2026-09-05T16:14:18.657Z"
"2856","EMP-FCCC73","Kabir Pandey","Marketing & Sales","September 2026 Payroll","2026-08-31T18:30:00.000Z","2026-09-29T18:30:00.000Z","0.00","0.00","0.00","Draft","Draft","","2026-09-05T16:14:18.342Z"
"2855","EMP-FCCC73","Kabir Pandey","Marketing & Sales","September 2026 Payroll","2026-08-31T18:30:00.000Z","2026-09-29T18:30:00.000Z","0.00","0.00","0.00","Draft","Draft","","2026-09-05T16:14:18.339Z"
"2854","EMP-F9A332","Meera Ghosh","Finance","September 2026 Payroll","2026-08-31T18:30:00.000Z","2026-09-29T18:30:00.000Z","0.00","0.00","0.00","Draft","Draft","","2026-09-05T16:14:18.338Z"
"2853","EMP-D60A23","Gaurav Kulkarni","Engineering","September 2026 Payroll","2026-08-31T18:30:00.000Z","2026-09-29T18:30:00.000Z","66400.00","5180.00","61220.00","Generated","Computed","2026-09-05T19:01:10.866Z","2026-09-05T16:14:18.336Z"
"2851","EMP-4CC9C8","Amit Chatterjee","Engineering","September 2026 Payroll","2026-08-31T18:30:00.000Z","2026-09-29T18:30:00.000Z","0.00","0.00","0.00","Draft","Draft","","2026-09-05T16:14:18.070Z"
"2850","EMP-2BB817","Riya Pandey","Finance","September 2026 Payroll","2026-08-31T18:30:00.000Z","2026-09-29T18:30:00.000Z","0.00","0.00","0.00","Draft","Draft","","2026-09-05T16:14:17.773Z"
"2849","EMP-DA36F1","Vihaan Desai","Finance","September 2026 Payroll","2026-08-31T18:30:00.000Z","2026-09-29T18:30:00.000Z","0.00","0.00","0.00","Draft","Draft","","2026-09-05T16:14:17.765Z"
"2848","EMP-2BB817","Riya Pandey","Finance","September 2026 Payroll","2026-08-31T18:30:00.000Z","2026-09-29T18:30:00.000Z","0.00","0.00","0.00","Draft","Draft","","2026-09-05T16:14:17.765Z"
"2847","EMP-1358A4","Sneha Yadav","Engineering","September 2026 Payroll","2026-08-31T18:30:00.000Z","2026-09-29T18:30:00.000Z","65600.00","5120.00","60480.00","Generated","Computed","2026-09-05T19:01:05.133Z","2026-09-05T16:14:17.762Z"
"2845","EMP-728205","Neha Desai","Finance","September 2026 Payroll","2026-08-31T18:30:00.000Z","2026-09-29T18:30:00.000Z","0.00","0.00","0.00","Draft","Draft","","2026-09-05T16:14:17.339Z"
"2844","EMP-4BB327","Reyansh Desai","Finance","September 2026 Payroll","2026-08-31T18:30:00.000Z","2026-09-29T18:30:00.000Z","0.00","0.00","0.00","Draft","Draft","","2026-09-05T16:14:17.087Z"
"2843","EMP-CD10FE","Kavya Yadav","Finance","September 2026 Payroll","2026-08-31T18:30:00.000Z","2026-09-29T18:30:00.000Z","0.00","0.00","0.00","Draft","Draft","","2026-09-05T16:14:17.052Z"
"2842","EMP-4BB327","Reyansh Desai","Finance","September 2026 Payroll","2026-08-31T18:30:00.000Z","2026-09-29T18:30:00.000Z","0.00","0.00","0.00","Draft","Draft","","2026-09-05T16:14:17.052Z"
"2841","EMP-6E7B98","Kabir Ghosh","Marketing & Sales","September 2026 Payroll","2026-08-31T18:30:00.000Z","2026-09-29T18:30:00.000Z","64800.00","5060.00","59740.00","Generated","Computed","2026-09-05T19:00:59.557Z","2026-09-05T16:14:17.043Z"
"2839","EMP-D12354","Gaurav Bhatt","Finance","September 2026 Payroll","2026-08-31T18:30:00.000Z","2026-09-29T18:30:00.000Z","0.00","0.00","0.00","Draft","Draft","","2026-09-05T16:14:16.790Z"
"2838","EMP-4CC9C8","Amit Chatterjee","Engineering","September 2026 Payroll","2026-08-31T18:30:00.000Z","2026-09-29T18:30:00.000Z","0.00","0.00","0.00","Draft","Draft","","2026-09-05T16:14:16.503Z"
"2837","EMP-4CC9C8","Amit Chatterjee","Engineering","September 2026 Payroll","2026-08-31T18:30:00.000Z","2026-09-29T18:30:00.000Z","0.00","0.00","0.00","Draft","Draft","","2026-09-05T16:14:16.489Z"
"2836","EMP-DC4175","Arjun Bose","Finance","September 2026 Payroll","2026-08-31T18:30:00.000Z","2026-09-29T18:30:00.000Z","64000.00","5000.00","59000.00","Generated","Computed","2026-09-05T19:00:32.017Z","2026-09-05T16:14:16.432Z"
"2835","EMP-219061","Anjali Yadav","Marketing & Sales","September 2026 Payroll","2026-08-31T18:30:00.000Z","2026-09-29T18:30:00.000Z","0.00","0.00","0.00","Draft","Draft","","2026-09-05T16:14:16.227Z"
"2833","EMP-896B0D","Riya Bansal","Marketing & Sales","September 2026 Payroll","2026-08-31T18:30:00.000Z","2026-09-29T18:30:00.000Z","0.00","0.00","0.00","Draft","Draft","","2026-09-05T16:14:15.937Z"
"2832","EMP-728205","Neha Desai","Finance","September 2026 Payroll","2026-08-31T18:30:00.000Z","2026-09-29T18:30:00.000Z","0.00","0.00","0.00","Draft","Draft","","2026-09-05T16:14:15.835Z"
"2831","EMP-A780D2","Priya Krishnan","Engineering","September 2026 Payroll","2026-08-31T18:30:00.000Z","2026-09-29T18:30:00.000Z","63200.00","4940.00","58260.00","Generated","Computed","2026-09-05T19:00:23.760Z","2026-09-05T16:14:15.775Z"
"2830","EMP-728205","Neha Desai","Finance","September 2026 Payroll","2026-08-31T18:30:00.000Z","2026-09-29T18:30:00.000Z","0.00","0.00","0.00","Draft","Draft","","2026-09-05T16:14:15.718Z"
"2829","EMP-2DB9E9","Sneha Chatterjee","Finance","September 2026 Payroll","2026-08-31T18:30:00.000Z","2026-09-29T18:30:00.000Z","0.00","0.00","0.00","Draft","Draft","","2026-09-05T16:14:15.591Z"
"2827","EMP-7B0395","Ayaan Ghosh","Finance","September 2026 Payroll","2026-08-31T18:30:00.000Z","2026-09-29T18:30:00.000Z","0.00","0.00","0.00","Draft","Draft","","2026-09-05T16:14:15.383Z"
"2826","EMP-D12354","Gaurav Bhatt","Finance","September 2026 Payroll","2026-08-31T18:30:00.000Z","2026-09-29T18:30:00.000Z","0.00","0.00","0.00","Draft","Draft","","2026-09-05T16:14:15.194Z"
"2825","EMP-83C86A","Riya Menon","Human Resources","September 2026 Payroll","2026-08-31T18:30:00.000Z","2026-09-29T18:30:00.000Z","62400.00","4880.00","57520.00","Generated","Computed","2026-09-05T18:59:56.235Z","2026-09-05T16:14:15.189Z"
"2824","EMP-D12354","Gaurav Bhatt","Finance","September 2026 Payroll","2026-08-31T18:30:00.000Z","2026-09-29T18:30:00.000Z","0.00","0.00","0.00","Draft","Draft","","2026-09-05T16:14:15.133Z"
"2823","EMP-3868B5","Sneha Kaur","Marketing & Sales","September 2026 Payroll","2026-08-31T18:30:00.000Z","2026-09-29T18:30:00.000Z","0.00","0.00","0.00","Draft","Draft","","2026-09-05T16:14:14.978Z"
"2821","EMP-BD3339","Aryan Kapoor","Engineering","September 2026 Payroll","2026-08-31T18:30:00.000Z","2026-09-29T18:30:00.000Z","0.00","0.00","0.00","Draft","Draft","","2026-09-05T16:14:14.850Z"
"2820","EMP-896B0D","Riya Bansal","Marketing & Sales","September 2026 Payroll","2026-08-31T18:30:00.000Z","2026-09-29T18:30:00.000Z","0.00","0.00","0.00","Draft","Draft","","2026-09-05T16:14:14.659Z"
"2819","EMP-36ACC3","Varun Das","Marketing & Sales","September 2026 Payroll","2026-08-31T18:30:00.000Z","2026-09-29T18:30:00.000Z","61600.00","4820.00","56780.00","Generated","Computed","2026-09-05T18:59:49.510Z","2026-09-05T16:14:14.656Z"
"2818","EMP-896B0D","Riya Bansal","Marketing & Sales","September 2026 Payroll","2026-08-31T18:30:00.000Z","2026-09-29T18:30:00.000Z","0.00","0.00","0.00","Draft","Draft","","2026-09-05T16:14:14.556Z"
"2817","EMP-4014FF","Vivaan Bhatia","Human Resources","September 2026 Payroll","2026-08-31T18:30:00.000Z","2026-09-29T18:30:00.000Z","0.00","0.00","0.00","Draft","Draft","","2026-09-05T16:14:14.389Z"
"2815","EMP-FED9BF","Ayaan Das","Marketing & Sales","September 2026 Payroll","2026-08-31T18:30:00.000Z","2026-09-29T18:30:00.000Z","0.00","0.00","0.00","Draft","Draft","","2026-09-05T16:14:14.277Z"
"2814","EMP-7B0395","Ayaan Ghosh","Finance","September 2026 Payroll","2026-08-31T18:30:00.000Z","2026-09-29T18:30:00.000Z","0.00","0.00","0.00","Draft","Draft","","2026-09-05T16:14:14.131Z"
"2813","EMP-31C154","Rahul Nair","Marketing & Sales","September 2026 Payroll","2026-08-31T18:30:00.000Z","2026-09-29T18:30:00.000Z","60800.00","4760.00","56040.00","Generated","Computed","2026-09-05T18:59:22.507Z","2026-09-05T16:14:14.107Z"
"2812","EMP-7B0395","Ayaan Ghosh","Finance","September 2026 Payroll","2026-08-31T18:30:00.000Z","2026-09-29T18:30:00.000Z","0.00","0.00","0.00","Draft","Draft","","2026-09-05T16:14:13.997Z"
"2811","EMP-3AC246","Deepak Rathore","Finance","September 2026 Payroll","2026-08-31T18:30:00.000Z","2026-09-29T18:30:00.000Z","0.00","0.00","0.00","Draft","Draft","","2026-09-05T16:14:13.848Z"
"2809","EMP-3AC409","Tanvi Sharma","Engineering","September 2026 Payroll","2026-08-31T18:30:00.000Z","2026-09-29T18:30:00.000Z","0.00","0.00","0.00","Draft","Draft","","2026-09-05T16:14:13.720Z"
"2808","EMP-BD3339","Aryan Kapoor","Engineering","September 2026 Payroll","2026-08-31T18:30:00.000Z","2026-09-29T18:30:00.000Z","0.00","0.00","0.00","Draft","Draft","","2026-09-05T16:14:13.589Z"
"2807","EMP-1C71D7","Vivaan Gupta","Human Resources","September 2026 Payroll","2026-08-31T18:30:00.000Z","2026-09-29T18:30:00.000Z","60000.00","4700.00","55300.00","Generated","Computed","2026-09-05T18:58:55.139Z","2026-09-05T16:14:13.582Z"
"2806","EMP-BD3339","Aryan Kapoor","Engineering","September 2026 Payroll","2026-08-31T18:30:00.000Z","2026-09-29T18:30:00.000Z","0.00","0.00","0.00","Draft","Draft","","2026-09-05T16:14:13.470Z"
"2805","EMP-FCCC73","Kabir Pandey","Marketing & Sales","September 2026 Payroll","2026-08-31T18:30:00.000Z","2026-09-29T18:30:00.000Z","0.00","0.00","0.00","Draft","Draft","","2026-09-05T16:14:13.329Z"
"2803","EMP-58445B","Rahul Shah","Engineering","September 2026 Payroll","2026-08-31T18:30:00.000Z","2026-09-29T18:30:00.000Z","0.00","0.00","0.00","Draft","Draft","","2026-09-05T16:14:13.197Z"
"2802","EMP-FED9BF","Ayaan Das","Marketing & Sales","September 2026 Payroll","2026-08-31T18:30:00.000Z","2026-09-29T18:30:00.000Z","0.00","0.00","0.00","Draft","Draft","","2026-09-05T16:14:13.068Z"
"2801","EMP-3BDCA7","Krishna Kumar","Finance","September 2026 Payroll","2026-08-31T18:30:00.000Z","2026-09-29T18:30:00.000Z","59200.00","4640.00","54560.00","Generated","Computed","2026-09-05T18:58:26.979Z","2026-09-05T16:14:13.049Z"
"2800","EMP-FED9BF","Ayaan Das","Marketing & Sales","September 2026 Payroll","2026-08-31T18:30:00.000Z","2026-09-29T18:30:00.000Z","0.00","0.00","0.00","Draft","Draft","","2026-09-05T16:14:12.824Z"
"2799","EMP-2BB817","Riya Pandey","Finance","September 2026 Payroll","2026-08-31T18:30:00.000Z","2026-09-29T18:30:00.000Z","0.00","0.00","0.00","Draft","Draft","","2026-09-05T16:14:12.766Z"
"2797","EMP-6F7C5C","Aditya Ghosh","Human Resources","September 2026 Payroll","2026-08-31T18:30:00.000Z","2026-09-29T18:30:00.000Z","0.00","0.00","0.00","Draft","Draft","","2026-09-05T16:14:12.528Z"
"2796","EMP-3AC409","Tanvi Sharma","Engineering","September 2026 Payroll","2026-08-31T18:30:00.000Z","2026-09-29T18:30:00.000Z","0.00","0.00","0.00","Draft","Draft","","2026-09-05T16:14:12.510Z"
"2795","EMP-BA3D04","Nisha Reddy","Human Resources","September 2026 Payroll","2026-08-31T18:30:00.000Z","2026-09-29T18:30:00.000Z","58400.00","4580.00","53820.00","Generated","Computed","2026-09-05T18:57:59.077Z","2026-09-05T16:14:12.296Z"
"2794","EMP-3AC409","Tanvi Sharma","Engineering","September 2026 Payroll","2026-08-31T18:30:00.000Z","2026-09-29T18:30:00.000Z","0.00","0.00","0.00","Draft","Draft","","2026-09-05T16:14:12.235Z"
"2793","EMP-4BB327","Reyansh Desai","Finance","September 2026 Payroll","2026-08-31T18:30:00.000Z","2026-09-29T18:30:00.000Z","0.00","0.00","0.00","Draft","Draft","","2026-09-05T16:14:12.220Z"
"2791","EMP-58445B","Rahul Shah","Engineering","September 2026 Payroll","2026-08-31T18:30:00.000Z","2026-09-29T18:30:00.000Z","0.00","0.00","0.00","Draft","Draft","","2026-09-05T16:14:11.961Z"
"2790","EMP-977362","Dev Deshmukh","Engineering","September 2026 Payroll","2026-08-31T18:30:00.000Z","2026-09-29T18:30:00.000Z","0.00","0.00","0.00","Draft","Draft","","2026-09-05T16:14:11.959Z"
"2789","EMP-242D9D","Karan Pillai","Human Resources","September 2026 Payroll","2026-08-31T18:30:00.000Z","2026-09-29T18:30:00.000Z","57600.00","4520.00","53080.00","Generated","Computed","2026-09-05T18:57:51.984Z","2026-09-05T16:14:11.776Z"
"2788","EMP-58445B","Rahul Shah","Engineering","September 2026 Payroll","2026-08-31T18:30:00.000Z","2026-09-29T18:30:00.000Z","0.00","0.00","0.00","Draft","Draft","","2026-09-05T16:14:11.680Z"
"2787","EMP-4CC9C8","Amit Chatterjee","Engineering","September 2026 Payroll","2026-08-31T18:30:00.000Z","2026-09-29T18:30:00.000Z","0.00","0.00","0.00","Draft","Draft","","2026-09-05T16:14:11.675Z"
"2785","EMP-6F7C5C","Aditya Ghosh","Human Resources","September 2026 Payroll","2026-08-31T18:30:00.000Z","2026-09-29T18:30:00.000Z","0.00","0.00","0.00","Draft","Draft","","2026-09-05T16:14:11.386Z"
"2784","EMP-779822","Divya Tiwari","Human Resources","September 2026 Payroll","2026-08-31T18:30:00.000Z","2026-09-29T18:30:00.000Z","0.00","0.00","0.00","Draft","Draft","","2026-09-05T16:14:11.385Z"
"2783","EMP-034BC9","Nisha Rathore","Engineering","September 2026 Payroll","2026-08-31T18:30:00.000Z","2026-09-29T18:30:00.000Z","56800.00","4460.00","52340.00","Generated","Computed","2026-09-05T18:57:44.623Z","2026-09-05T16:14:11.185Z"
"2782","EMP-6F7C5C","Aditya Ghosh","Human Resources","September 2026 Payroll","2026-08-31T18:30:00.000Z","2026-09-29T18:30:00.000Z","0.00","0.00","0.00","Draft","Draft","","2026-09-05T16:14:11.116Z"
"2781","EMP-728205","Neha Desai","Finance","September 2026 Payroll","2026-08-31T18:30:00.000Z","2026-09-29T18:30:00.000Z","0.00","0.00","0.00","Draft","Draft","","2026-09-05T16:14:11.082Z"
"2779","EMP-299D2B","Krishna Deshmukh","Finance","September 2026 Payroll","2026-08-31T18:30:00.000Z","2026-09-29T18:30:00.000Z","0.00","0.00","0.00","Draft","Draft","","2026-09-05T16:14:10.796Z"
"2778","EMP-977362","Dev Deshmukh","Engineering","September 2026 Payroll","2026-08-31T18:30:00.000Z","2026-09-29T18:30:00.000Z","0.00","0.00","0.00","Draft","Draft","","2026-09-05T16:14:10.775Z"
"2777","EMP-16F1F2","Vihaan Chatterjee","Finance","September 2026 Payroll","2026-08-31T18:30:00.000Z","2026-09-29T18:30:00.000Z","56000.00","4400.00","51600.00","Generated","Computed","2026-09-05T18:57:16.974Z","2026-09-05T16:14:10.662Z"
"2776","EMP-977362","Dev Deshmukh","Engineering","September 2026 Payroll","2026-08-31T18:30:00.000Z","2026-09-29T18:30:00.000Z","0.00","0.00","0.00","Draft","Draft","","2026-09-05T16:14:10.564Z"
"2775","EMP-D12354","Gaurav Bhatt","Finance","September 2026 Payroll","2026-08-31T18:30:00.000Z","2026-09-29T18:30:00.000Z","0.00","0.00","0.00","Draft","Draft","","2026-09-05T16:14:10.520Z"
"2773","EMP-754829","Pooja Chatterjee","Finance","September 2026 Payroll","2026-08-31T18:30:00.000Z","2026-09-29T18:30:00.000Z","0.00","0.00","0.00","Draft","Draft","","2026-09-05T16:14:10.245Z"
"2772","EMP-779822","Divya Tiwari","Human Resources","September 2026 Payroll","2026-08-31T18:30:00.000Z","2026-09-29T18:30:00.000Z","0.00","0.00","0.00","Draft","Draft","","2026-09-05T16:14:10.239Z"
"2771","EMP-3ABC1F","Krishna Trivedi","Marketing & Sales","September 2026 Payroll","2026-08-31T18:30:00.000Z","2026-09-29T18:30:00.000Z","55200.00","4340.00","50860.00","Generated","Computed","2026-09-05T18:57:11.954Z","2026-09-05T16:14:10.146Z"
"2770","EMP-779822","Divya Tiwari","Human Resources","September 2026 Payroll","2026-08-31T18:30:00.000Z","2026-09-29T18:30:00.000Z","0.00","0.00","0.00","Draft","Draft","","2026-09-05T16:14:10.011Z"
"2769","EMP-896B0D","Riya Bansal","Marketing & Sales","September 2026 Payroll","2026-08-31T18:30:00.000Z","2026-09-29T18:30:00.000Z","0.00","0.00","0.00","Draft","Draft","","2026-09-05T16:14:09.985Z"
"2767","EMP-299D2B","Krishna Deshmukh","Finance","September 2026 Payroll","2026-08-31T18:30:00.000Z","2026-09-29T18:30:00.000Z","0.00","0.00","0.00","Draft","Draft","","2026-09-05T16:14:09.725Z"
"2766","EMP-23D32C","Sanjay Yadav","Human Resources","September 2026 Payroll","2026-08-31T18:30:00.000Z","2026-09-29T18:30:00.000Z","0.00","0.00","0.00","Draft","Draft","","2026-09-05T16:14:09.723Z"
"2765","EMP-06D6D7","Krishna Trivedi","Marketing & Sales","September 2026 Payroll","2026-08-31T18:30:00.000Z","2026-09-29T18:30:00.000Z","54400.00","4280.00","50120.00","Generated","Computed","2026-09-05T18:57:06.421Z","2026-09-05T16:14:09.573Z"
"2764","EMP-299D2B","Krishna Deshmukh","Finance","September 2026 Payroll","2026-08-31T18:30:00.000Z","2026-09-29T18:30:00.000Z","0.00","0.00","0.00","Draft","Draft","","2026-09-05T16:14:09.468Z"
"2763","EMP-7B0395","Ayaan Ghosh","Finance","September 2026 Payroll","2026-08-31T18:30:00.000Z","2026-09-29T18:30:00.000Z","0.00","0.00","0.00","Draft","Draft","","2026-09-05T16:14:09.462Z"
"2761","EMP-B1E1C4","Nikhil Gupta","Human Resources","September 2026 Payroll","2026-08-31T18:30:00.000Z","2026-09-29T18:30:00.000Z","0.00","0.00","0.00","Draft","Draft","","2026-09-05T16:14:09.198Z"
"2760","EMP-754829","Pooja Chatterjee","Finance","September 2026 Payroll","2026-08-31T18:30:00.000Z","2026-09-29T18:30:00.000Z","0.00","0.00","0.00","Draft","Draft","","2026-09-05T16:14:09.177Z"
"2759","EMP-F7C116","Sai Sharma","Marketing & Sales","September 2026 Payroll","2026-08-31T18:30:00.000Z","2026-09-29T18:30:00.000Z","53600.00","4220.00","49380.00","Generated","Computed","2026-09-05T18:57:00.760Z","2026-09-05T16:14:08.983Z"
"2758","EMP-754829","Pooja Chatterjee","Finance","September 2026 Payroll","2026-08-31T18:30:00.000Z","2026-09-29T18:30:00.000Z","0.00","0.00","0.00","Draft","Draft","","2026-09-05T16:14:08.911Z"
"2757","EMP-BD3339","Aryan Kapoor","Engineering","September 2026 Payroll","2026-08-31T18:30:00.000Z","2026-09-29T18:30:00.000Z","0.00","0.00","0.00","Draft","Draft","","2026-09-05T16:14:08.907Z"
"2756","EMP-23D32C","Sanjay Yadav","Human Resources","September 2026 Payroll","2026-08-31T18:30:00.000Z","2026-09-29T18:30:00.000Z","0.00","0.00","0.00","Draft","Draft","","2026-09-05T16:14:08.643Z"
"2754","EMP-8F2F80","Aryan Pandey","Human Resources","September 2026 Payroll","2026-08-31T18:30:00.000Z","2026-09-29T18:30:00.000Z","0.00","0.00","0.00","Draft","Draft","","2026-09-05T16:14:08.641Z"
"2753","EMP-99DA86","Riya Mehta","Engineering","September 2026 Payroll","2026-08-31T18:30:00.000Z","2026-09-29T18:30:00.000Z","52800.00","4160.00","48640.00","Generated","Computed","2026-09-05T18:56:32.637Z","2026-09-05T16:14:08.423Z"
"2752","EMP-23D32C","Sanjay Yadav","Human Resources","September 2026 Payroll","2026-08-31T18:30:00.000Z","2026-09-29T18:30:00.000Z","0.00","0.00","0.00","Draft","Draft","","2026-09-05T16:14:08.344Z"
"2751","EMP-FED9BF","Ayaan Das","Marketing & Sales","September 2026 Payroll","2026-08-31T18:30:00.000Z","2026-09-29T18:30:00.000Z","0.00","0.00","0.00","Draft","Draft","","2026-09-05T16:14:08.342Z"
"2750","EMP-B1E1C4","Nikhil Gupta","Human Resources","September 2026 Payroll","2026-08-31T18:30:00.000Z","2026-09-29T18:30:00.000Z","0.00","0.00","0.00","Draft","Draft","","2026-09-05T16:14:08.021Z"
"2748","EMP-186813","Karan Ghosh","Engineering","September 2026 Payroll","2026-08-31T18:30:00.000Z","2026-09-29T18:30:00.000Z","0.00","0.00","0.00","Draft","Draft","","2026-09-05T16:14:08.019Z"
"2747","EMP-ADADC1","Kabir Trivedi","Marketing & Sales","September 2026 Payroll","2026-08-31T18:30:00.000Z","2026-09-29T18:30:00.000Z","52000.00","4100.00","47900.00","Generated","Computed","2026-09-05T18:56:04.959Z","2026-09-05T16:14:07.817Z"
"2746","EMP-B1E1C4","Nikhil Gupta","Human Resources","September 2026 Payroll","2026-08-31T18:30:00.000Z","2026-09-29T18:30:00.000Z","0.00","0.00","0.00","Draft","Draft","","2026-09-05T16:14:07.731Z"
"2745","EMP-3AC409","Tanvi Sharma","Engineering","September 2026 Payroll","2026-08-31T18:30:00.000Z","2026-09-29T18:30:00.000Z","0.00","0.00","0.00","Draft","Draft","","2026-09-05T16:14:07.726Z"
"2743","EMP-0B3DD7","Sneha Pillai","Engineering","September 2026 Payroll","2026-08-31T18:30:00.000Z","2026-09-29T18:30:00.000Z","0.00","0.00","0.00","Draft","Draft","","2026-09-05T16:14:07.409Z"
"2742","EMP-8F2F80","Aryan Pandey","Human Resources","September 2026 Payroll","2026-08-31T18:30:00.000Z","2026-09-29T18:30:00.000Z","0.00","0.00","0.00","Draft","Draft","","2026-09-05T16:14:07.395Z"
"2741","EMP-C6D3B0","Arjun Iyer","Marketing & Sales","September 2026 Payroll","2026-08-31T18:30:00.000Z","2026-09-29T18:30:00.000Z","51200.00","4040.00","47160.00","Generated","Computed","2026-09-05T18:55:37.696Z","2026-09-05T16:14:07.209Z"
"2740","EMP-8F2F80","Aryan Pandey","Human Resources","September 2026 Payroll","2026-08-31T18:30:00.000Z","2026-09-29T18:30:00.000Z","0.00","0.00","0.00","Draft","Draft","","2026-09-05T16:14:07.119Z"
"2739","EMP-58445B","Rahul Shah","Engineering","September 2026 Payroll","2026-08-31T18:30:00.000Z","2026-09-29T18:30:00.000Z","0.00","0.00","0.00","Draft","Draft","","2026-09-05T16:14:07.103Z"
"2738","EMP-186813","Karan Ghosh","Engineering","September 2026 Payroll","2026-08-31T18:30:00.000Z","2026-09-29T18:30:00.000Z","0.00","0.00","0.00","Draft","Draft","","2026-09-05T16:14:06.826Z"
"2736","EMP-79A6BD","Divya Pillai","Finance","September 2026 Payroll","2026-08-31T18:30:00.000Z","2026-09-29T18:30:00.000Z","0.00","0.00","0.00","Draft","Draft","","2026-09-05T16:14:06.824Z"
"2735","EMP-1F7DE5","Amit Bose","Marketing & Sales","September 2026 Payroll","2026-08-31T18:30:00.000Z","2026-09-29T18:30:00.000Z","50400.00","3980.00","46420.00","Generated","Computed","2026-09-05T18:55:32.196Z","2026-09-05T16:14:06.660Z"
"2734","EMP-186813","Karan Ghosh","Engineering","September 2026 Payroll","2026-08-31T18:30:00.000Z","2026-09-29T18:30:00.000Z","0.00","0.00","0.00","Draft","Draft","","2026-09-05T16:14:06.566Z"
"2733","EMP-6F7C5C","Aditya Ghosh","Human Resources","September 2026 Payroll","2026-08-31T18:30:00.000Z","2026-09-29T18:30:00.000Z","0.00","0.00","0.00","Draft","Draft","","2026-09-05T16:14:06.563Z"
"2732","EMP-0B3DD7","Sneha Pillai","Engineering","September 2026 Payroll","2026-08-31T18:30:00.000Z","2026-09-29T18:30:00.000Z","0.00","0.00","0.00","Draft","Draft","","2026-09-05T16:14:06.266Z"
"2731","EMP-CEB2D1","Rahul Das","Finance","September 2026 Payroll","2026-08-31T18:30:00.000Z","2026-09-29T18:30:00.000Z","0.00","0.00","0.00","Draft","Draft","","2026-09-05T16:14:06.265Z"
"2729","EMP-51758D","Priya Chopra","Human Resources","September 2026 Payroll","2026-08-31T18:30:00.000Z","2026-09-29T18:30:00.000Z","49600.00","3920.00","45680.00","Generated","Computed","2026-09-05T18:55:27.051Z","2026-09-05T16:14:06.124Z"
"2728","EMP-977362","Dev Deshmukh","Engineering","September 2026 Payroll","2026-08-31T18:30:00.000Z","2026-09-29T18:30:00.000Z","0.00","0.00","0.00","Draft","Draft","","2026-09-05T16:14:05.974Z"
"2727","EMP-0B3DD7","Sneha Pillai","Engineering","September 2026 Payroll","2026-08-31T18:30:00.000Z","2026-09-29T18:30:00.000Z","0.00","0.00","0.00","Draft","Draft","","2026-09-05T16:14:05.867Z"
"2726","EMP-79A6BD","Divya Pillai","Finance","September 2026 Payroll","2026-08-31T18:30:00.000Z","2026-09-29T18:30:00.000Z","0.00","0.00","0.00","Draft","Draft","","2026-09-05T16:14:05.681Z"
"2725","EMP-C35DF4","Ayaan Reddy","Finance","September 2026 Payroll","2026-08-31T18:30:00.000Z","2026-09-29T18:30:00.000Z","0.00","0.00","0.00","Draft","Draft","","2026-09-05T16:14:05.680Z"
"2723","EMP-DB59A5","Isha Malhotra","Finance","September 2026 Payroll","2026-08-31T18:30:00.000Z","2026-09-29T18:30:00.000Z","48800.00","3860.00","44940.00","Generated","Computed","2026-09-05T18:54:59.506Z","2026-09-05T16:14:05.591Z"
"2722","EMP-779822","Divya Tiwari","Human Resources","September 2026 Payroll","2026-08-31T18:30:00.000Z","2026-09-29T18:30:00.000Z","0.00","0.00","0.00","Draft","Draft","","2026-09-05T16:14:05.402Z"
"2721","EMP-79A6BD","Divya Pillai","Finance","September 2026 Payroll","2026-08-31T18:30:00.000Z","2026-09-29T18:30:00.000Z","0.00","0.00","0.00","Draft","Draft","","2026-09-05T16:14:05.334Z"
"2720","EMP-CEB2D1","Rahul Das","Finance","September 2026 Payroll","2026-08-31T18:30:00.000Z","2026-09-29T18:30:00.000Z","0.00","0.00","0.00","Draft","Draft","","2026-09-05T16:14:05.132Z"
"2719","EMP-554886","Arjun Banerjee","Engineering","September 2026 Payroll","2026-08-31T18:30:00.000Z","2026-09-29T18:30:00.000Z","0.00","0.00","0.00","Draft","Draft","","2026-09-05T16:14:05.130Z"
"2717","EMP-288B30","Divya Rao","Human Resources","September 2026 Payroll","2026-08-31T18:30:00.000Z","2026-09-29T18:30:00.000Z","48000.00","3800.00","44200.00","Generated","Computed","2026-09-05T18:54:53.503Z","2026-09-05T16:14:05.021Z"
"2716","EMP-299D2B","Krishna Deshmukh","Finance","September 2026 Payroll","2026-08-31T18:30:00.000Z","2026-09-29T18:30:00.000Z","0.00","0.00","0.00","Draft","Draft","","2026-09-05T16:14:04.831Z"
"2715","EMP-CEB2D1","Rahul Das","Finance","September 2026 Payroll","2026-08-31T18:30:00.000Z","2026-09-29T18:30:00.000Z","0.00","0.00","0.00","Draft","Draft","","2026-09-05T16:14:04.725Z"
"2714","EMP-0ADF2E","Divya Bhatia","Human Resources","September 2026 Payroll","2026-08-31T18:30:00.000Z","2026-09-29T18:30:00.000Z","0.00","0.00","0.00","Draft","Draft","","2026-09-05T16:14:04.563Z"
"2713","EMP-C35DF4","Ayaan Reddy","Finance","September 2026 Payroll","2026-08-31T18:30:00.000Z","2026-09-29T18:30:00.000Z","0.00","0.00","0.00","Draft","Draft","","2026-09-05T16:14:04.561Z"
"2712","EMP-18C787","Nikhil Banerjee","Human Resources","September 2026 Payroll","2026-08-31T18:30:00.000Z","2026-09-29T18:30:00.000Z","47200.00","3740.00","43460.00","Generated","Computed","2026-09-05T18:54:26.339Z","2026-09-05T16:14:04.376Z"
"2710","EMP-754829","Pooja Chatterjee","Finance","September 2026 Payroll","2026-08-31T18:30:00.000Z","2026-09-29T18:30:00.000Z","0.00","0.00","0.00","Draft","Draft","","2026-09-05T16:14:04.302Z"
"2709","EMP-C35DF4","Ayaan Reddy","Finance","September 2026 Payroll","2026-08-31T18:30:00.000Z","2026-09-29T18:30:00.000Z","0.00","0.00","0.00","Draft","Draft","","2026-09-05T16:14:04.015Z"
"2708","EMP-DD5A61","Reyansh Shah","Human Resources","September 2026 Payroll","2026-08-31T18:30:00.000Z","2026-09-29T18:30:00.000Z","0.00","0.00","0.00","Draft","Draft","","2026-09-05T16:14:04.005Z"
"2707","EMP-554886","Arjun Banerjee","Engineering","September 2026 Payroll","2026-08-31T18:30:00.000Z","2026-09-29T18:30:00.000Z","0.00","0.00","0.00","Draft","Draft","","2026-09-05T16:14:04.003Z"
"2706","EMP-AEECBA","Rohan Bhatt","Finance","September 2026 Payroll","2026-08-31T18:30:00.000Z","2026-09-29T18:30:00.000Z","46400.00","3680.00","42720.00","Generated","Computed","2026-09-05T18:53:58.488Z","2026-09-05T16:14:03.847Z"
"2704","EMP-23D32C","Sanjay Yadav","Human Resources","September 2026 Payroll","2026-08-31T18:30:00.000Z","2026-09-29T18:30:00.000Z","0.00","0.00","0.00","Draft","Draft","","2026-09-05T16:14:03.741Z"
"2703","EMP-554886","Arjun Banerjee","Engineering","September 2026 Payroll","2026-08-31T18:30:00.000Z","2026-09-29T18:30:00.000Z","0.00","0.00","0.00","Draft","Draft","","2026-09-05T16:14:03.431Z"
"2702","EMP-0ADF2E","Divya Bhatia","Human Resources","September 2026 Payroll","2026-08-31T18:30:00.000Z","2026-09-29T18:30:00.000Z","0.00","0.00","0.00","Draft","Draft","","2026-09-05T16:14:03.427Z"
"2701","EMP-9B6E89","Manish Agarwal","Finance","September 2026 Payroll","2026-08-31T18:30:00.000Z","2026-09-29T18:30:00.000Z","0.00","0.00","0.00","Draft","Draft","","2026-09-05T16:14:03.426Z"
"2700","EMP-7FD731","Deepak Ghosh","Engineering","September 2026 Payroll","2026-08-31T18:30:00.000Z","2026-09-29T18:30:00.000Z","45600.00","3620.00","41980.00","Generated","Computed","2026-09-05T18:53:30.697Z","2026-09-05T16:14:03.258Z"
"2698","EMP-B1E1C4","Nikhil Gupta","Human Resources","September 2026 Payroll","2026-08-31T18:30:00.000Z","2026-09-29T18:30:00.000Z","0.00","0.00","0.00","Draft","Draft","","2026-09-05T16:14:03.094Z"
"2697","EMP-0ADF2E","Divya Bhatia","Human Resources","September 2026 Payroll","2026-08-31T18:30:00.000Z","2026-09-29T18:30:00.000Z","0.00","0.00","0.00","Draft","Draft","","2026-09-05T16:14:02.701Z"
"2696","EMP-DD5A61","Reyansh Shah","Human Resources","September 2026 Payroll","2026-08-31T18:30:00.000Z","2026-09-29T18:30:00.000Z","0.00","0.00","0.00","Draft","Draft","","2026-09-05T16:14:02.698Z"
"2695","EMP-5EF5E5","Varun Ghosh","Engineering","September 2026 Payroll","2026-08-31T18:30:00.000Z","2026-09-29T18:30:00.000Z","0.00","0.00","0.00","Draft","Draft","","2026-09-05T16:14:02.697Z"
"2694","EMP-A2FF2A","Rahul Reddy","Marketing & Sales","September 2026 Payroll","2026-08-31T18:30:00.000Z","2026-09-29T18:30:00.000Z","44800.00","3560.00","41240.00","Generated","Computed","2026-09-05T18:53:02.786Z","2026-09-05T16:14:02.695Z"
"2692","EMP-8F2F80","Aryan Pandey","Human Resources","September 2026 Payroll","2026-08-31T18:30:00.000Z","2026-09-29T18:30:00.000Z","0.00","0.00","0.00","Draft","Draft","","2026-09-05T16:14:02.363Z"
"2691","EMP-9B6E89","Manish Agarwal","Finance","September 2026 Payroll","2026-08-31T18:30:00.000Z","2026-09-29T18:30:00.000Z","0.00","0.00","0.00","Draft","Draft","","2026-09-05T16:14:02.161Z"
"2690","EMP-FFCBB7","Riya Malhotra","Marketing & Sales","September 2026 Payroll","2026-08-31T18:30:00.000Z","2026-09-29T18:30:00.000Z","44000.00","3500.00","40500.00","Generated","Computed","2026-09-05T18:52:34.777Z","2026-09-05T16:14:02.159Z"
"2689","EMP-DD5A61","Reyansh Shah","Human Resources","September 2026 Payroll","2026-08-31T18:30:00.000Z","2026-09-29T18:30:00.000Z","0.00","0.00","0.00","Draft","Draft","","2026-09-05T16:14:02.090Z"
"2688","EMP-7A2A04","Karan Menon","Engineering","September 2026 Payroll","2026-08-31T18:30:00.000Z","2026-09-29T18:30:00.000Z","0.00","0.00","0.00","Draft","Draft","","2026-09-05T16:14:02.084Z"
"2686","EMP-186813","Karan Ghosh","Engineering","September 2026 Payroll","2026-08-31T18:30:00.000Z","2026-09-29T18:30:00.000Z","0.00","0.00","0.00","Draft","Draft","","2026-09-05T16:14:01.790Z"
"2685","EMP-5EF5E5","Varun Ghosh","Engineering","September 2026 Payroll","2026-08-31T18:30:00.000Z","2026-09-29T18:30:00.000Z","0.00","0.00","0.00","Draft","Draft","","2026-09-05T16:14:01.648Z"
"2684","EMP-2A9D2A","Nikhil Chatterjee","Human Resources","September 2026 Payroll","2026-08-31T18:30:00.000Z","2026-09-29T18:30:00.000Z","80000.00","6200.00","73800.00","Generated","Computed","2026-09-05T18:52:29.357Z","2026-09-05T16:14:01.645Z"
"2683","EMP-9B6E89","Manish Agarwal","Finance","September 2026 Payroll","2026-08-31T18:30:00.000Z","2026-09-29T18:30:00.000Z","0.00","0.00","0.00","Draft","Draft","","2026-09-05T16:14:01.546Z"
"2682","EMP-47BB8E","Naveen Shah","Finance","September 2026 Payroll","2026-08-31T18:30:00.000Z","2026-09-29T18:30:00.000Z","0.00","0.00","0.00","Draft","Draft","","2026-09-05T16:14:01.542Z"
"2680","EMP-0B3DD7","Sneha Pillai","Engineering","September 2026 Payroll","2026-08-31T18:30:00.000Z","2026-09-29T18:30:00.000Z","0.00","0.00","0.00","Draft","Draft","","2026-09-05T16:14:01.143Z"
"2679","EMP-7A2A04","Karan Menon","Engineering","September 2026 Payroll","2026-08-31T18:30:00.000Z","2026-09-29T18:30:00.000Z","0.00","0.00","0.00","Draft","Draft","","2026-09-05T16:14:01.122Z"
"2678","EMP-FC3880","Pooja Pillai","Engineering","September 2026 Payroll","2026-08-31T18:30:00.000Z","2026-09-29T18:30:00.000Z","79200.00","6140.00","73060.00","Generated","Computed","2026-09-05T18:52:24.355Z","2026-09-05T16:14:01.120Z"
"2677","EMP-5EF5E5","Varun Ghosh","Engineering","September 2026 Payroll","2026-08-31T18:30:00.000Z","2026-09-29T18:30:00.000Z","0.00","0.00","0.00","Draft","Draft","","2026-09-05T16:14:00.955Z"
"2676","EMP-4A7545","Varun Kaur","Finance","September 2026 Payroll","2026-08-31T18:30:00.000Z","2026-09-29T18:30:00.000Z","0.00","0.00","0.00","Draft","Draft","","2026-09-05T16:14:00.950Z"
"2674","EMP-79A6BD","Divya Pillai","Finance","September 2026 Payroll","2026-08-31T18:30:00.000Z","2026-09-29T18:30:00.000Z","0.00","0.00","0.00","Draft","Draft","","2026-09-05T16:14:00.565Z"
"2673","EMP-47BB8E","Naveen Shah","Finance","September 2026 Payroll","2026-08-31T18:30:00.000Z","2026-09-29T18:30:00.000Z","0.00","0.00","0.00","Draft","Draft","","2026-09-05T16:14:00.560Z"
"2672","EMP-32F7E7","Gaurav Pandey","Human Resources","September 2026 Payroll","2026-08-31T18:30:00.000Z","2026-09-29T18:30:00.000Z","78400.00","6080.00","72320.00","Generated","Computed","2026-09-05T18:52:19.007Z","2026-09-05T16:14:00.555Z"
"2671","EMP-7A2A04","Karan Menon","Engineering","September 2026 Payroll","2026-08-31T18:30:00.000Z","2026-09-29T18:30:00.000Z","0.00","0.00","0.00","Draft","Draft","","2026-09-05T16:14:00.365Z"
"2670","EMP-4629FD","Priya Menon","Engineering","September 2026 Payroll","2026-08-31T18:30:00.000Z","2026-09-29T18:30:00.000Z","0.00","0.00","0.00","Draft","Draft","","2026-09-05T16:14:00.358Z"
"2668","EMP-CEB2D1","Rahul Das","Finance","September 2026 Payroll","2026-08-31T18:30:00.000Z","2026-09-29T18:30:00.000Z","0.00","0.00","0.00","Draft","Draft","","2026-09-05T16:13:59.975Z"
"2667","EMP-4A7545","Varun Kaur","Finance","September 2026 Payroll","2026-08-31T18:30:00.000Z","2026-09-29T18:30:00.000Z","0.00","0.00","0.00","Draft","Draft","","2026-09-05T16:13:59.968Z"
"2666","EMP-AC6A7A","Gaurav Bansal","Finance","September 2026 Payroll","2026-08-31T18:30:00.000Z","2026-09-29T18:30:00.000Z","77600.00","6020.00","71580.00","Generated","Computed","2026-09-05T18:52:13.667Z","2026-09-05T16:13:59.956Z"
"2665","EMP-47BB8E","Naveen Shah","Finance","September 2026 Payroll","2026-08-31T18:30:00.000Z","2026-09-29T18:30:00.000Z","0.00","0.00","0.00","Draft","Draft","","2026-09-05T16:13:59.811Z"
"2664","EMP-46A33D","Tanvi Pandey","Marketing & Sales","September 2026 Payroll","2026-08-31T18:30:00.000Z","2026-09-29T18:30:00.000Z","0.00","0.00","0.00","Draft","Draft","","2026-09-05T16:13:59.806Z"
"2662","EMP-4629FD","Priya Menon","Engineering","September 2026 Payroll","2026-08-31T18:30:00.000Z","2026-09-29T18:30:00.000Z","0.00","0.00","0.00","Draft","Draft","","2026-09-05T16:13:59.422Z"
"2661","EMP-C35DF4","Ayaan Reddy","Finance","September 2026 Payroll","2026-08-31T18:30:00.000Z","2026-09-29T18:30:00.000Z","0.00","0.00","0.00","Draft","Draft","","2026-09-05T16:13:59.422Z"
"2660","EMP-782D89","Arjun Deshmukh","Engineering","September 2026 Payroll","2026-08-31T18:30:00.000Z","2026-09-29T18:30:00.000Z","76800.00","5960.00","70840.00","Generated","Computed","2026-09-05T18:51:45.938Z","2026-09-05T16:13:59.418Z"
"2659","EMP-4A7545","Varun Kaur","Finance","September 2026 Payroll","2026-08-31T18:30:00.000Z","2026-09-29T18:30:00.000Z","0.00","0.00","0.00","Draft","Draft","","2026-09-05T16:13:59.217Z"
"2658","EMP-9C1299","Aarav Bhatia","Human Resources","September 2026 Payroll","2026-08-31T18:30:00.000Z","2026-09-29T18:30:00.000Z","0.00","0.00","0.00","Draft","Draft","","2026-09-05T16:13:59.200Z"
"2656","EMP-554886","Arjun Banerjee","Engineering","September 2026 Payroll","2026-08-31T18:30:00.000Z","2026-09-29T18:30:00.000Z","0.00","0.00","0.00","Draft","Draft","","2026-09-05T16:13:58.896Z"
"2655","EMP-46A33D","Tanvi Pandey","Marketing & Sales","September 2026 Payroll","2026-08-31T18:30:00.000Z","2026-09-29T18:30:00.000Z","0.00","0.00","0.00","Draft","Draft","","2026-09-05T16:13:58.895Z"
"2654","EMP-7E71AD","Krishna Nair","Finance","September 2026 Payroll","2026-08-31T18:30:00.000Z","2026-09-29T18:30:00.000Z","76000.00","5900.00","70100.00","Generated","Computed","2026-09-05T18:51:38.163Z","2026-09-05T16:13:58.892Z"
"2653","EMP-4629FD","Priya Menon","Engineering","September 2026 Payroll","2026-08-31T18:30:00.000Z","2026-09-29T18:30:00.000Z","0.00","0.00","0.00","Draft","Draft","","2026-09-05T16:13:58.674Z"
"2652","EMP-68D7E7","Meera Ghosh","Human Resources","September 2026 Payroll","2026-08-31T18:30:00.000Z","2026-09-29T18:30:00.000Z","0.00","0.00","0.00","Draft","Draft","","2026-09-05T16:13:58.641Z"
"2650","EMP-9C1299","Aarav Bhatia","Human Resources","September 2026 Payroll","2026-08-31T18:30:00.000Z","2026-09-29T18:30:00.000Z","0.00","0.00","0.00","Draft","Draft","","2026-09-05T16:13:58.345Z"
"2649","EMP-0ADF2E","Divya Bhatia","Human Resources","September 2026 Payroll","2026-08-31T18:30:00.000Z","2026-09-29T18:30:00.000Z","0.00","0.00","0.00","Draft","Draft","","2026-09-05T16:13:58.345Z"
"2648","EMP-8B20DA","Anjali Chauhan","Marketing & Sales","September 2026 Payroll","2026-08-31T18:30:00.000Z","2026-09-29T18:30:00.000Z","75200.00","5840.00","69360.00","Generated","Computed","2026-09-05T18:51:31.490Z","2026-09-05T16:13:58.321Z"
"2647","EMP-46A33D","Tanvi Pandey","Marketing & Sales","September 2026 Payroll","2026-08-31T18:30:00.000Z","2026-09-29T18:30:00.000Z","0.00","0.00","0.00","Draft","Draft","","2026-09-05T16:13:58.081Z"
"2646","EMP-87001D","Anjali Krishnan","Marketing & Sales","September 2026 Payroll","2026-08-31T18:30:00.000Z","2026-09-29T18:30:00.000Z","0.00","0.00","0.00","Draft","Draft","","2026-09-05T16:13:58.075Z"
"2644","EMP-DD5A61","Reyansh Shah","Human Resources","September 2026 Payroll","2026-08-31T18:30:00.000Z","2026-09-29T18:30:00.000Z","0.00","0.00","0.00","Draft","Draft","","2026-09-05T16:13:57.797Z"
"2643","EMP-68D7E7","Meera Ghosh","Human Resources","September 2026 Payroll","2026-08-31T18:30:00.000Z","2026-09-29T18:30:00.000Z","0.00","0.00","0.00","Draft","Draft","","2026-09-05T16:13:57.795Z"
"2642","EMP-5CD515","Aryan Desai","Marketing & Sales","September 2026 Payroll","2026-08-31T18:30:00.000Z","2026-09-29T18:30:00.000Z","74400.00","5780.00","68620.00","Generated","Computed","2026-09-05T18:51:24.359Z","2026-09-05T16:13:57.790Z"
"2641","EMP-9C1299","Aarav Bhatia","Human Resources","September 2026 Payroll","2026-08-31T18:30:00.000Z","2026-09-29T18:30:00.000Z","0.00","0.00","0.00","Draft","Draft","","2026-09-05T16:13:57.552Z"
"2640","EMP-6DC9C3","Divya Sengupta","Marketing & Sales","September 2026 Payroll","2026-08-31T18:30:00.000Z","2026-09-29T18:30:00.000Z","0.00","0.00","0.00","Draft","Draft","","2026-09-05T16:13:57.536Z"
"2638","EMP-9B6E89","Manish Agarwal","Finance","September 2026 Payroll","2026-08-31T18:30:00.000Z","2026-09-29T18:30:00.000Z","0.00","0.00","0.00","Draft","Draft","","2026-09-05T16:13:57.254Z"
"2637","EMP-87001D","Anjali Krishnan","Marketing & Sales","September 2026 Payroll","2026-08-31T18:30:00.000Z","2026-09-29T18:30:00.000Z","0.00","0.00","0.00","Draft","Draft","","2026-09-05T16:13:57.254Z"
"2636","EMP-8F867A","Manish Sengupta","Finance","September 2026 Payroll","2026-08-31T18:30:00.000Z","2026-09-29T18:30:00.000Z","73600.00","5720.00","67880.00","Generated","Computed","2026-09-05T18:50:56.926Z","2026-09-05T16:13:57.252Z"
"2635","EMP-68D7E7","Meera Ghosh","Human Resources","September 2026 Payroll","2026-08-31T18:30:00.000Z","2026-09-29T18:30:00.000Z","0.00","0.00","0.00","Draft","Draft","","2026-09-05T16:13:57.023Z"
"2634","EMP-20B9DC","Isha Kumar","Human Resources","September 2026 Payroll","2026-08-31T18:30:00.000Z","2026-09-29T18:30:00.000Z","0.00","0.00","0.00","Draft","Draft","","2026-09-05T16:13:56.987Z"
"2632","EMP-5EF5E5","Varun Ghosh","Engineering","September 2026 Payroll","2026-08-31T18:30:00.000Z","2026-09-29T18:30:00.000Z","0.00","0.00","0.00","Draft","Draft","","2026-09-05T16:13:56.685Z"
"2631","EMP-6DC9C3","Divya Sengupta","Marketing & Sales","September 2026 Payroll","2026-08-31T18:30:00.000Z","2026-09-29T18:30:00.000Z","0.00","0.00","0.00","Draft","Draft","","2026-09-05T16:13:56.685Z"
"2630","EMP-24DB2B","Pooja Yadav","Marketing & Sales","September 2026 Payroll","2026-08-31T18:30:00.000Z","2026-09-29T18:30:00.000Z","72800.00","5660.00","67140.00","Generated","Computed","2026-09-05T18:50:29.389Z","2026-09-05T16:13:56.683Z"
"2629","EMP-87001D","Anjali Krishnan","Marketing & Sales","September 2026 Payroll","2026-08-31T18:30:00.000Z","2026-09-29T18:30:00.000Z","0.00","0.00","0.00","Draft","Draft","","2026-09-05T16:13:56.443Z"
"2628","EMP-380E32","Kabir Kaur","Engineering","September 2026 Payroll","2026-08-31T18:30:00.000Z","2026-09-29T18:30:00.000Z","0.00","0.00","0.00","Draft","Draft","","2026-09-05T16:13:56.355Z"
"2626","EMP-20B9DC","Isha Kumar","Human Resources","September 2026 Payroll","2026-08-31T18:30:00.000Z","2026-09-29T18:30:00.000Z","0.00","0.00","0.00","Draft","Draft","","2026-09-05T16:13:56.093Z"
"2625","EMP-7A2A04","Karan Menon","Engineering","September 2026 Payroll","2026-08-31T18:30:00.000Z","2026-09-29T18:30:00.000Z","0.00","0.00","0.00","Draft","Draft","","2026-09-05T16:13:56.092Z"
"2624","EMP-A97CC8","Aryan Chauhan","Marketing & Sales","September 2026 Payroll","2026-08-31T18:30:00.000Z","2026-09-29T18:30:00.000Z","72000.00","5600.00","66400.00","Generated","Computed","2026-09-05T18:50:01.533Z","2026-09-05T16:13:56.090Z"
"2623","EMP-6DC9C3","Divya Sengupta","Marketing & Sales","September 2026 Payroll","2026-08-31T18:30:00.000Z","2026-09-29T18:30:00.000Z","0.00","0.00","0.00","Draft","Draft","","2026-09-05T16:13:55.824Z"
"2622","EMP-C75932","Ananya Iyer","Engineering","September 2026 Payroll","2026-08-31T18:30:00.000Z","2026-09-29T18:30:00.000Z","0.00","0.00","0.00","Draft","Draft","","2026-09-05T16:13:55.818Z"
"2621","EMP-380E32","Kabir Kaur","Engineering","September 2026 Payroll","2026-08-31T18:30:00.000Z","2026-09-29T18:30:00.000Z","0.00","0.00","0.00","Draft","Draft","","2026-09-05T16:13:55.506Z"
"2619","EMP-47BB8E","Naveen Shah","Finance","September 2026 Payroll","2026-08-31T18:30:00.000Z","2026-09-29T18:30:00.000Z","0.00","0.00","0.00","Draft","Draft","","2026-09-05T16:13:55.505Z"
"2618","EMP-4F5C3F","Vihaan Chauhan","Engineering","September 2026 Payroll","2026-08-31T18:30:00.000Z","2026-09-29T18:30:00.000Z","71200.00","5540.00","65660.00","Generated","Computed","2026-09-05T18:49:33.551Z","2026-09-05T16:13:55.503Z"
"2617","EMP-20B9DC","Isha Kumar","Human Resources","September 2026 Payroll","2026-08-31T18:30:00.000Z","2026-09-29T18:30:00.000Z","0.00","0.00","0.00","Draft","Draft","","2026-09-05T16:13:55.225Z"
"2616","EMP-D60A23","Gaurav Kulkarni","Engineering","September 2026 Payroll","2026-08-31T18:30:00.000Z","2026-09-29T18:30:00.000Z","0.00","0.00","0.00","Draft","Draft","","2026-09-05T16:13:55.148Z"
"2615","EMP-C75932","Ananya Iyer","Engineering","September 2026 Payroll","2026-08-31T18:30:00.000Z","2026-09-29T18:30:00.000Z","0.00","0.00","0.00","Draft","Draft","","2026-09-05T16:13:54.795Z"
"2614","EMP-4A7545","Varun Kaur","Finance","September 2026 Payroll","2026-08-31T18:30:00.000Z","2026-09-29T18:30:00.000Z","0.00","0.00","0.00","Draft","Draft","","2026-09-05T16:13:54.795Z"
"2612","EMP-95E6CA","Manish Ghosh","Human Resources","September 2026 Payroll","2026-08-31T18:30:00.000Z","2026-09-29T18:30:00.000Z","70400.00","5480.00","64920.00","Generated","Computed","2026-09-05T18:49:05.876Z","2026-09-05T16:13:54.693Z"
"2611","EMP-380E32","Kabir Kaur","Engineering","September 2026 Payroll","2026-08-31T18:30:00.000Z","2026-09-29T18:30:00.000Z","0.00","0.00","0.00","Draft","Draft","","2026-09-05T16:13:54.642Z"
"2610","EMP-1358A4","Sneha Yadav","Engineering","September 2026 Payroll","2026-08-31T18:30:00.000Z","2026-09-29T18:30:00.000Z","0.00","0.00","0.00","Draft","Draft","","2026-09-05T16:13:54.404Z"
"2609","EMP-4629FD","Priya Menon","Engineering","September 2026 Payroll","2026-08-31T18:30:00.000Z","2026-09-29T18:30:00.000Z","0.00","0.00","0.00","Draft","Draft","","2026-09-05T16:13:54.235Z"
"2608","EMP-D60A23","Gaurav Kulkarni","Engineering","September 2026 Payroll","2026-08-31T18:30:00.000Z","2026-09-29T18:30:00.000Z","0.00","0.00","0.00","Draft","Draft","","2026-09-05T16:13:54.216Z"
"2606","EMP-77AC95","Sneha Yadav","Human Resources","September 2026 Payroll","2026-08-31T18:30:00.000Z","2026-09-29T18:30:00.000Z","69600.00","5420.00","64180.00","Generated","Computed","2026-09-05T18:48:37.974Z","2026-09-05T16:13:54.107Z"
"2605","EMP-C75932","Ananya Iyer","Engineering","September 2026 Payroll","2026-08-31T18:30:00.000Z","2026-09-29T18:30:00.000Z","0.00","0.00","0.00","Draft","Draft","","2026-09-05T16:13:54.069Z"
"2604","EMP-6E7B98","Kabir Ghosh","Marketing & Sales","September 2026 Payroll","2026-08-31T18:30:00.000Z","2026-09-29T18:30:00.000Z","0.00","0.00","0.00","Draft","Draft","","2026-09-05T16:13:53.848Z"
"2603","EMP-46A33D","Tanvi Pandey","Marketing & Sales","September 2026 Payroll","2026-08-31T18:30:00.000Z","2026-09-29T18:30:00.000Z","0.00","0.00","0.00","Draft","Draft","","2026-09-05T16:13:53.706Z"
"2602","EMP-1358A4","Sneha Yadav","Engineering","September 2026 Payroll","2026-08-31T18:30:00.000Z","2026-09-29T18:30:00.000Z","0.00","0.00","0.00","Draft","Draft","","2026-09-05T16:13:53.700Z"
"2601","EMP-DE1D39","Siddharth Bose","Human Resources","September 2026 Payroll","2026-08-31T18:30:00.000Z","2026-09-29T18:30:00.000Z","68800.00","5360.00","63440.00","Generated","Computed","2026-09-05T18:48:10.696Z","2026-09-05T16:13:53.560Z"
"2599","EMP-D60A23","Gaurav Kulkarni","Engineering","September 2026 Payroll","2026-08-31T18:30:00.000Z","2026-09-29T18:30:00.000Z","0.00","0.00","0.00","Draft","Draft","","2026-09-05T16:13:53.497Z"
"2598","EMP-DC4175","Arjun Bose","Finance","September 2026 Payroll","2026-08-31T18:30:00.000Z","2026-09-29T18:30:00.000Z","0.00","0.00","0.00","Draft","Draft","","2026-09-05T16:13:53.308Z"
"2597","EMP-9C1299","Aarav Bhatia","Human Resources","September 2026 Payroll","2026-08-31T18:30:00.000Z","2026-09-29T18:30:00.000Z","0.00","0.00","0.00","Draft","Draft","","2026-09-05T16:13:53.076Z"
"2596","EMP-6E7B98","Kabir Ghosh","Marketing & Sales","September 2026 Payroll","2026-08-31T18:30:00.000Z","2026-09-29T18:30:00.000Z","0.00","0.00","0.00","Draft","Draft","","2026-09-05T16:13:53.075Z"
"2595","EMP-64A7A0","Ayaan Tiwari","Marketing & Sales","September 2026 Payroll","2026-08-31T18:30:00.000Z","2026-09-29T18:30:00.000Z","68000.00","5300.00","62700.00","Generated","Computed","2026-09-05T18:47:42.325Z","2026-09-05T16:13:53.049Z"
"2593","EMP-1358A4","Sneha Yadav","Engineering","September 2026 Payroll","2026-08-31T18:30:00.000Z","2026-09-29T18:30:00.000Z","0.00","0.00","0.00","Draft","Draft","","2026-09-05T16:13:52.866Z"
"2592","EMP-A780D2","Priya Krishnan","Engineering","September 2026 Payroll","2026-08-31T18:30:00.000Z","2026-09-29T18:30:00.000Z","0.00","0.00","0.00","Draft","Draft","","2026-09-05T16:13:52.751Z"
"2591","EMP-DC4175","Arjun Bose","Finance","September 2026 Payroll","2026-08-31T18:30:00.000Z","2026-09-29T18:30:00.000Z","0.00","0.00","0.00","Draft","Draft","","2026-09-05T16:13:52.544Z"
"2590","EMP-68D7E7","Meera Ghosh","Human Resources","September 2026 Payroll","2026-08-31T18:30:00.000Z","2026-09-29T18:30:00.000Z","0.00","0.00","0.00","Draft","Draft","","2026-09-05T16:13:52.544Z"
"2589","EMP-9A0ED4","Naveen Bhatia","Engineering","September 2026 Payroll","2026-08-31T18:30:00.000Z","2026-09-29T18:30:00.000Z","67200.00","5240.00","61960.00","Generated","Computed","2026-09-05T18:47:14.851Z","2026-09-05T16:13:52.542Z"
"2587","EMP-6E7B98","Kabir Ghosh","Marketing & Sales","September 2026 Payroll","2026-08-31T18:30:00.000Z","2026-09-29T18:30:00.000Z","0.00","0.00","0.00","Draft","Draft","","2026-09-05T16:13:52.268Z"
"2586","EMP-83C86A","Riya Menon","Human Resources","September 2026 Payroll","2026-08-31T18:30:00.000Z","2026-09-29T18:30:00.000Z","0.00","0.00","0.00","Draft","Draft","","2026-09-05T16:13:52.170Z"
"2585","EMP-A780D2","Priya Krishnan","Engineering","September 2026 Payroll","2026-08-31T18:30:00.000Z","2026-09-29T18:30:00.000Z","0.00","0.00","0.00","Draft","Draft","","2026-09-05T16:13:51.963Z"
"2584","EMP-87001D","Anjali Krishnan","Marketing & Sales","September 2026 Payroll","2026-08-31T18:30:00.000Z","2026-09-29T18:30:00.000Z","0.00","0.00","0.00","Draft","Draft","","2026-09-05T16:13:51.962Z"
"2583","EMP-616A52","Simran Bhatt","Marketing & Sales","September 2026 Payroll","2026-08-31T18:30:00.000Z","2026-09-29T18:30:00.000Z","66400.00","5180.00","61220.00","Generated","Computed","2026-09-05T18:46:47.352Z","2026-09-05T16:13:51.959Z"
"2581","EMP-DC4175","Arjun Bose","Finance","September 2026 Payroll","2026-08-31T18:30:00.000Z","2026-09-29T18:30:00.000Z","0.00","0.00","0.00","Draft","Draft","","2026-09-05T16:13:51.726Z"
"2580","EMP-36ACC3","Varun Das","Marketing & Sales","September 2026 Payroll","2026-08-31T18:30:00.000Z","2026-09-29T18:30:00.000Z","0.00","0.00","0.00","Draft","Draft","","2026-09-05T16:13:51.622Z"
"2579","EMP-6DC9C3","Divya Sengupta","Marketing & Sales","September 2026 Payroll","2026-08-31T18:30:00.000Z","2026-09-29T18:30:00.000Z","0.00","0.00","0.00","Draft","Draft","","2026-09-05T16:13:51.445Z"
"2578","EMP-83C86A","Riya Menon","Human Resources","September 2026 Payroll","2026-08-31T18:30:00.000Z","2026-09-29T18:30:00.000Z","0.00","0.00","0.00","Draft","Draft","","2026-09-05T16:13:51.443Z"
"2577","EMP-759739","Arjun Chatterjee","Finance","September 2026 Payroll","2026-08-31T18:30:00.000Z","2026-09-29T18:30:00.000Z","65600.00","5120.00","60480.00","Generated","Computed","2026-09-05T18:46:42.087Z","2026-09-05T16:13:51.441Z"
"2575","EMP-A780D2","Priya Krishnan","Engineering","September 2026 Payroll","2026-08-31T18:30:00.000Z","2026-09-29T18:30:00.000Z","0.00","0.00","0.00","Draft","Draft","","2026-09-05T16:13:51.191Z"
"2574","EMP-31C154","Rahul Nair","Marketing & Sales","September 2026 Payroll","2026-08-31T18:30:00.000Z","2026-09-29T18:30:00.000Z","0.00","0.00","0.00","Draft","Draft","","2026-09-05T16:13:51.038Z"
"2573","EMP-36ACC3","Varun Das","Marketing & Sales","September 2026 Payroll","2026-08-31T18:30:00.000Z","2026-09-29T18:30:00.000Z","0.00","0.00","0.00","Draft","Draft","","2026-09-05T16:13:50.923Z"
"2572","EMP-20B9DC","Isha Kumar","Human Resources","September 2026 Payroll","2026-08-31T18:30:00.000Z","2026-09-29T18:30:00.000Z","0.00","0.00","0.00","Draft","Draft","","2026-09-05T16:13:50.923Z"
"2571","EMP-631D7A","Divya Iyer","Human Resources","September 2026 Payroll","2026-08-31T18:30:00.000Z","2026-09-29T18:30:00.000Z","64800.00","5060.00","59740.00","Generated","Computed","2026-09-05T18:46:14.743Z","2026-09-05T16:13:50.920Z"
"2570","EMP-83C86A","Riya Menon","Human Resources","September 2026 Payroll","2026-08-31T18:30:00.000Z","2026-09-29T18:30:00.000Z","0.00","0.00","0.00","Draft","Draft","","2026-09-05T16:13:50.632Z"
"2568","EMP-1C71D7","Vivaan Gupta","Human Resources","September 2026 Payroll","2026-08-31T18:30:00.000Z","2026-09-29T18:30:00.000Z","0.00","0.00","0.00","Draft","Draft","","2026-09-05T16:13:50.493Z"
"2567","EMP-31C154","Rahul Nair","Marketing & Sales","September 2026 Payroll","2026-08-31T18:30:00.000Z","2026-09-29T18:30:00.000Z","0.00","0.00","0.00","Draft","Draft","","2026-09-05T16:13:50.396Z"
"2566","EMP-380E32","Kabir Kaur","Engineering","September 2026 Payroll","2026-08-31T18:30:00.000Z","2026-09-29T18:30:00.000Z","0.00","0.00","0.00","Draft","Draft","","2026-09-05T16:13:50.395Z"
"2565","EMP-A79F59","Kavya Reddy","Human Resources","September 2026 Payroll","2026-08-31T18:30:00.000Z","2026-09-29T18:30:00.000Z","64000.00","5000.00","59000.00","Generated","Computed","2026-09-05T18:46:09.510Z","2026-09-05T16:13:50.389Z"
"2564","EMP-36ACC3","Varun Das","Marketing & Sales","September 2026 Payroll","2026-08-31T18:30:00.000Z","2026-09-29T18:30:00.000Z","0.00","0.00","0.00","Draft","Draft","","2026-09-05T16:13:50.071Z"
"2562","EMP-3BDCA7","Krishna Kumar","Finance","September 2026 Payroll","2026-08-31T18:30:00.000Z","2026-09-29T18:30:00.000Z","0.00","0.00","0.00","Draft","Draft","","2026-09-05T16:13:49.959Z"
"2561","EMP-C75932","Ananya Iyer","Engineering","September 2026 Payroll","2026-08-31T18:30:00.000Z","2026-09-29T18:30:00.000Z","0.00","0.00","0.00","Draft","Draft","","2026-09-05T16:13:49.876Z"
"2560","EMP-1C71D7","Vivaan Gupta","Human Resources","September 2026 Payroll","2026-08-31T18:30:00.000Z","2026-09-29T18:30:00.000Z","0.00","0.00","0.00","Draft","Draft","","2026-09-05T16:13:49.876Z"
"2559","EMP-C052E5","Aditya Trivedi","Marketing & Sales","September 2026 Payroll","2026-08-31T18:30:00.000Z","2026-09-29T18:30:00.000Z","63200.00","4940.00","58260.00","Generated","Computed","2026-09-05T18:46:04.005Z","2026-09-05T16:13:49.874Z"
"2558","EMP-31C154","Rahul Nair","Marketing & Sales","September 2026 Payroll","2026-08-31T18:30:00.000Z","2026-09-29T18:30:00.000Z","0.00","0.00","0.00","Draft","Draft","","2026-09-05T16:13:49.353Z"
"2556","EMP-D60A23","Gaurav Kulkarni","Engineering","September 2026 Payroll","2026-08-31T18:30:00.000Z","2026-09-29T18:30:00.000Z","0.00","0.00","0.00","Draft","Draft","","2026-09-05T16:13:49.316Z"
"2555","EMP-3BDCA7","Krishna Kumar","Finance","September 2026 Payroll","2026-08-31T18:30:00.000Z","2026-09-29T18:30:00.000Z","0.00","0.00","0.00","Draft","Draft","","2026-09-05T16:13:49.315Z"
"2554","EMP-BA3D04","Nisha Reddy","Human Resources","September 2026 Payroll","2026-08-31T18:30:00.000Z","2026-09-29T18:30:00.000Z","0.00","0.00","0.00","Draft","Draft","","2026-09-05T16:13:49.315Z"
"2553","EMP-A2759A","Simran Desai","Marketing & Sales","September 2026 Payroll","2026-08-31T18:30:00.000Z","2026-09-29T18:30:00.000Z","62400.00","4880.00","57520.00","Generated","Computed","2026-09-05T18:45:36.238Z","2026-09-05T16:13:49.312Z"
"2552","EMP-1C71D7","Vivaan Gupta","Human Resources","September 2026 Payroll","2026-08-31T18:30:00.000Z","2026-09-29T18:30:00.000Z","0.00","0.00","0.00","Draft","Draft","","2026-09-05T16:13:48.793Z"
"2550","EMP-1358A4","Sneha Yadav","Engineering","September 2026 Payroll","2026-08-31T18:30:00.000Z","2026-09-29T18:30:00.000Z","0.00","0.00","0.00","Draft","Draft","","2026-09-05T16:13:48.788Z"
"2549","EMP-BA3D04","Nisha Reddy","Human Resources","September 2026 Payroll","2026-08-31T18:30:00.000Z","2026-09-29T18:30:00.000Z","0.00","0.00","0.00","Draft","Draft","","2026-09-05T16:13:48.788Z"
"2548","EMP-242D9D","Karan Pillai","Human Resources","September 2026 Payroll","2026-08-31T18:30:00.000Z","2026-09-29T18:30:00.000Z","0.00","0.00","0.00","Draft","Draft","","2026-09-05T16:13:48.786Z"
"2547","EMP-65BCD0","Pooja Sengupta","Human Resources","September 2026 Payroll","2026-08-31T18:30:00.000Z","2026-09-29T18:30:00.000Z","61600.00","4820.00","56780.00","Generated","Computed","2026-09-05T18:45:30.575Z","2026-09-05T16:13:48.784Z"
"2546","EMP-3BDCA7","Krishna Kumar","Finance","September 2026 Payroll","2026-08-31T18:30:00.000Z","2026-09-29T18:30:00.000Z","0.00","0.00","0.00","Draft","Draft","","2026-09-05T16:13:48.182Z"
"2545","EMP-6E7B98","Kabir Ghosh","Marketing & Sales","September 2026 Payroll","2026-08-31T18:30:00.000Z","2026-09-29T18:30:00.000Z","0.00","0.00","0.00","Draft","Draft","","2026-09-05T16:13:48.179Z"
"2543","EMP-242D9D","Karan Pillai","Human Resources","September 2026 Payroll","2026-08-31T18:30:00.000Z","2026-09-29T18:30:00.000Z","0.00","0.00","0.00","Draft","Draft","","2026-09-05T16:13:48.178Z"
"2542","EMP-034BC9","Nisha Rathore","Engineering","September 2026 Payroll","2026-08-31T18:30:00.000Z","2026-09-29T18:30:00.000Z","0.00","0.00","0.00","Draft","Draft","","2026-09-05T16:13:48.177Z"
"2541","EMP-75C6ED","Tanvi Sengupta","Engineering","September 2026 Payroll","2026-08-31T18:30:00.000Z","2026-09-29T18:30:00.000Z","60800.00","4760.00","56040.00","Generated","Computed","2026-09-05T18:45:03.446Z","2026-09-05T16:13:48.176Z"
"2540","EMP-1F9328","Tanvi Banerjee","Marketing & Sales","September 2026 Payroll","2026-08-31T18:30:00.000Z","2026-09-29T18:30:00.000Z","60000.00","4700.00","55300.00","Generated","Computed","2026-09-05T18:44:35.764Z","2026-09-05T16:13:47.623Z"
"2539","EMP-BA3D04","Nisha Reddy","Human Resources","September 2026 Payroll","2026-08-31T18:30:00.000Z","2026-09-29T18:30:00.000Z","0.00","0.00","0.00","Draft","Draft","","2026-09-05T16:13:47.573Z"
"2538","EMP-034BC9","Nisha Rathore","Engineering","September 2026 Payroll","2026-08-31T18:30:00.000Z","2026-09-29T18:30:00.000Z","0.00","0.00","0.00","Draft","Draft","","2026-09-05T16:13:47.569Z"
"2536","EMP-DC4175","Arjun Bose","Finance","September 2026 Payroll","2026-08-31T18:30:00.000Z","2026-09-29T18:30:00.000Z","0.00","0.00","0.00","Draft","Draft","","2026-09-05T16:13:47.569Z"
"2535","EMP-16F1F2","Vihaan Chatterjee","Finance","September 2026 Payroll","2026-08-31T18:30:00.000Z","2026-09-29T18:30:00.000Z","0.00","0.00","0.00","Draft","Draft","","2026-09-05T16:13:47.568Z"
"2534","EMP-874F6D","Karan Chatterjee","Human Resources","September 2026 Payroll","2026-08-31T18:30:00.000Z","2026-09-29T18:30:00.000Z","59200.00","4640.00","54560.00","Generated","Computed","2026-09-05T18:44:30.076Z","2026-09-05T16:13:47.079Z"
"2533","EMP-242D9D","Karan Pillai","Human Resources","September 2026 Payroll","2026-08-31T18:30:00.000Z","2026-09-29T18:30:00.000Z","0.00","0.00","0.00","Draft","Draft","","2026-09-05T16:13:47.022Z"
"2531","EMP-A780D2","Priya Krishnan","Engineering","September 2026 Payroll","2026-08-31T18:30:00.000Z","2026-09-29T18:30:00.000Z","0.00","0.00","0.00","Draft","Draft","","2026-09-05T16:13:46.802Z"
"2530","EMP-16F1F2","Vihaan Chatterjee","Finance","September 2026 Payroll","2026-08-31T18:30:00.000Z","2026-09-29T18:30:00.000Z","0.00","0.00","0.00","Draft","Draft","","2026-09-05T16:13:46.801Z"
"2529","EMP-3ABC1F","Krishna Trivedi","Marketing & Sales","September 2026 Payroll","2026-08-31T18:30:00.000Z","2026-09-29T18:30:00.000Z","0.00","0.00","0.00","Draft","Draft","","2026-09-05T16:13:46.800Z"
"2528","EMP-44D134","Aditya Malhotra","Engineering","September 2026 Payroll","2026-08-31T18:30:00.000Z","2026-09-29T18:30:00.000Z","58400.00","4580.00","53820.00","Generated","Computed","2026-09-05T18:44:24.525Z","2026-09-05T16:13:46.495Z"
"2527","EMP-034BC9","Nisha Rathore","Engineering","September 2026 Payroll","2026-08-31T18:30:00.000Z","2026-09-29T18:30:00.000Z","0.00","0.00","0.00","Draft","Draft","","2026-09-05T16:13:46.404Z"
"2525","EMP-83C86A","Riya Menon","Human Resources","September 2026 Payroll","2026-08-31T18:30:00.000Z","2026-09-29T18:30:00.000Z","0.00","0.00","0.00","Draft","Draft","","2026-09-05T16:13:46.233Z"
"2524","EMP-3ABC1F","Krishna Trivedi","Marketing & Sales","September 2026 Payroll","2026-08-31T18:30:00.000Z","2026-09-29T18:30:00.000Z","0.00","0.00","0.00","Draft","Draft","","2026-09-05T16:13:46.215Z"
"2523","EMP-06D6D7","Krishna Trivedi","Marketing & Sales","September 2026 Payroll","2026-08-31T18:30:00.000Z","2026-09-29T18:30:00.000Z","0.00","0.00","0.00","Draft","Draft","","2026-09-05T16:13:45.988Z"
"2522","EMP-F7D61A","Vivaan Bansal","Human Resources","September 2026 Payroll","2026-08-31T18:30:00.000Z","2026-09-29T18:30:00.000Z","57600.00","4520.00","53080.00","Generated","Computed","2026-09-05T18:43:56.774Z","2026-09-05T16:13:45.894Z"
"2521","EMP-16F1F2","Vihaan Chatterjee","Finance","September 2026 Payroll","2026-08-31T18:30:00.000Z","2026-09-29T18:30:00.000Z","0.00","0.00","0.00","Draft","Draft","","2026-09-05T16:13:45.678Z"
"2519","EMP-36ACC3","Varun Das","Marketing & Sales","September 2026 Payroll","2026-08-31T18:30:00.000Z","2026-09-29T18:30:00.000Z","0.00","0.00","0.00","Draft","Draft","","2026-09-05T16:13:45.666Z"
"2518","EMP-06D6D7","Krishna Trivedi","Marketing & Sales","September 2026 Payroll","2026-08-31T18:30:00.000Z","2026-09-29T18:30:00.000Z","0.00","0.00","0.00","Draft","Draft","","2026-09-05T16:13:45.624Z"
"2517","EMP-F7C116","Sai Sharma","Marketing & Sales","September 2026 Payroll","2026-08-31T18:30:00.000Z","2026-09-29T18:30:00.000Z","0.00","0.00","0.00","Draft","Draft","","2026-09-05T16:13:45.355Z"
"2516","EMP-6B5B44","Manish Tiwari","Human Resources","September 2026 Payroll","2026-08-31T18:30:00.000Z","2026-09-29T18:30:00.000Z","56800.00","4460.00","52340.00","Generated","Computed","2026-09-05T18:43:29.062Z","2026-09-05T16:13:45.353Z"
"2515","EMP-3ABC1F","Krishna Trivedi","Marketing & Sales","September 2026 Payroll","2026-08-31T18:30:00.000Z","2026-09-29T18:30:00.000Z","0.00","0.00","0.00","Draft","Draft","","2026-09-05T16:13:45.087Z"
"2513","EMP-F7C116","Sai Sharma","Marketing & Sales","September 2026 Payroll","2026-08-31T18:30:00.000Z","2026-09-29T18:30:00.000Z","0.00","0.00","0.00","Draft","Draft","","2026-09-05T16:13:45.080Z"
"2512","EMP-31C154","Rahul Nair","Marketing & Sales","September 2026 Payroll","2026-08-31T18:30:00.000Z","2026-09-29T18:30:00.000Z","0.00","0.00","0.00","Draft","Draft","","2026-09-05T16:13:45.080Z"
"2511","EMP-99DA86","Riya Mehta","Engineering","September 2026 Payroll","2026-08-31T18:30:00.000Z","2026-09-29T18:30:00.000Z","0.00","0.00","0.00","Draft","Draft","","2026-09-05T16:13:44.780Z"
"2510","EMP-7D953E","Deepak Chatterjee","Finance","September 2026 Payroll","2026-08-31T18:30:00.000Z","2026-09-29T18:30:00.000Z","56000.00","4400.00","51600.00","Generated","Computed","2026-09-05T18:43:23.249Z","2026-09-05T16:13:44.778Z"
"2509","EMP-06D6D7","Krishna Trivedi","Marketing & Sales","September 2026 Payroll","2026-08-31T18:30:00.000Z","2026-09-29T18:30:00.000Z","0.00","0.00","0.00","Draft","Draft","","2026-09-05T16:13:44.476Z"
"2507","EMP-99DA86","Riya Mehta","Engineering","September 2026 Payroll","2026-08-31T18:30:00.000Z","2026-09-29T18:30:00.000Z","0.00","0.00","0.00","Draft","Draft","","2026-09-05T16:13:44.474Z"
"2506","EMP-1C71D7","Vivaan Gupta","Human Resources","September 2026 Payroll","2026-08-31T18:30:00.000Z","2026-09-29T18:30:00.000Z","0.00","0.00","0.00","Draft","Draft","","2026-09-05T16:13:44.474Z"
"2505","EMP-ADADC1","Kabir Trivedi","Marketing & Sales","September 2026 Payroll","2026-08-31T18:30:00.000Z","2026-09-29T18:30:00.000Z","0.00","0.00","0.00","Draft","Draft","","2026-09-05T16:13:44.182Z"
"2504","EMP-9FBC24","Kavya Mehta","Human Resources","September 2026 Payroll","2026-08-31T18:30:00.000Z","2026-09-29T18:30:00.000Z","55200.00","4340.00","50860.00","Generated","Computed","2026-09-05T18:42:56.669Z","2026-09-05T16:13:44.180Z"
"2503","EMP-F7C116","Sai Sharma","Marketing & Sales","September 2026 Payroll","2026-08-31T18:30:00.000Z","2026-09-29T18:30:00.000Z","0.00","0.00","0.00","Draft","Draft","","2026-09-05T16:13:43.893Z"
"2501","EMP-3BDCA7","Krishna Kumar","Finance","September 2026 Payroll","2026-08-31T18:30:00.000Z","2026-09-29T18:30:00.000Z","0.00","0.00","0.00","Draft","Draft","","2026-09-05T16:13:43.890Z"
"2500","EMP-ADADC1","Kabir Trivedi","Marketing & Sales","September 2026 Payroll","2026-08-31T18:30:00.000Z","2026-09-29T18:30:00.000Z","0.00","0.00","0.00","Draft","Draft","","2026-09-05T16:13:43.890Z"
"2499","EMP-C6D3B0","Arjun Iyer","Marketing & Sales","September 2026 Payroll","2026-08-31T18:30:00.000Z","2026-09-29T18:30:00.000Z","0.00","0.00","0.00","Draft","Draft","","2026-09-05T16:13:43.595Z"
"2498","EMP-F8E9A1","Simran Kumar","Marketing & Sales","September 2026 Payroll","2026-08-31T18:30:00.000Z","2026-09-29T18:30:00.000Z","54400.00","4280.00","50120.00","Generated","Computed","2026-09-05T18:42:29.633Z","2026-09-05T16:13:43.589Z"
"2497","EMP-C6D3B0","Arjun Iyer","Marketing & Sales","September 2026 Payroll","2026-08-31T18:30:00.000Z","2026-09-29T18:30:00.000Z","0.00","0.00","0.00","Draft","Draft","","2026-09-05T16:13:43.265Z"
"2496","EMP-BA3D04","Nisha Reddy","Human Resources","September 2026 Payroll","2026-08-31T18:30:00.000Z","2026-09-29T18:30:00.000Z","0.00","0.00","0.00","Draft","Draft","","2026-09-05T16:13:43.265Z"
"2495","EMP-99DA86","Riya Mehta","Engineering","September 2026 Payroll","2026-08-31T18:30:00.000Z","2026-09-29T18:30:00.000Z","0.00","0.00","0.00","Draft","Draft","","2026-09-05T16:13:43.248Z"
"2494","EMP-1F7DE5","Amit Bose","Marketing & Sales","September 2026 Payroll","2026-08-31T18:30:00.000Z","2026-09-29T18:30:00.000Z","0.00","0.00","0.00","Draft","Draft","","2026-09-05T16:13:42.611Z"
"2493","EMP-35E126","Arjun Desai","Engineering","September 2026 Payroll","2026-08-31T18:30:00.000Z","2026-09-29T18:30:00.000Z","53600.00","4220.00","49380.00","Generated","Computed","2026-09-05T18:42:02.191Z","2026-09-05T16:13:42.536Z"
"2492","EMP-1F7DE5","Amit Bose","Marketing & Sales","September 2026 Payroll","2026-08-31T18:30:00.000Z","2026-09-29T18:30:00.000Z","0.00","0.00","0.00","Draft","Draft","","2026-09-05T16:13:42.278Z"
"2491","EMP-242D9D","Karan Pillai","Human Resources","September 2026 Payroll","2026-08-31T18:30:00.000Z","2026-09-29T18:30:00.000Z","0.00","0.00","0.00","Draft","Draft","","2026-09-05T16:13:42.277Z"
"2490","EMP-ADADC1","Kabir Trivedi","Marketing & Sales","September 2026 Payroll","2026-08-31T18:30:00.000Z","2026-09-29T18:30:00.000Z","0.00","0.00","0.00","Draft","Draft","","2026-09-05T16:13:42.104Z"
"2489","EMP-51758D","Priya Chopra","Human Resources","September 2026 Payroll","2026-08-31T18:30:00.000Z","2026-09-29T18:30:00.000Z","0.00","0.00","0.00","Draft","Draft","","2026-09-05T16:13:42.020Z"
"2488","EMP-62BEDE","Meera Banerjee","Marketing & Sales","September 2026 Payroll","2026-08-31T18:30:00.000Z","2026-09-29T18:30:00.000Z","52800.00","4160.00","48640.00","Generated","Computed","2026-09-05T18:41:57.734Z","2026-09-05T16:13:42.005Z"
"2487","EMP-51758D","Priya Chopra","Human Resources","September 2026 Payroll","2026-08-31T18:30:00.000Z","2026-09-29T18:30:00.000Z","0.00","0.00","0.00","Draft","Draft","","2026-09-05T16:13:41.744Z"
"2486","EMP-034BC9","Nisha Rathore","Engineering","September 2026 Payroll","2026-08-31T18:30:00.000Z","2026-09-29T18:30:00.000Z","0.00","0.00","0.00","Draft","Draft","","2026-09-05T16:13:41.743Z"
"2485","EMP-C6D3B0","Arjun Iyer","Marketing & Sales","September 2026 Payroll","2026-08-31T18:30:00.000Z","2026-09-29T18:30:00.000Z","0.00","0.00","0.00","Draft","Draft","","2026-09-05T16:13:41.488Z"
"2484","EMP-DB59A5","Isha Malhotra","Finance","September 2026 Payroll","2026-08-31T18:30:00.000Z","2026-09-29T18:30:00.000Z","0.00","0.00","0.00","Draft","Draft","","2026-09-05T16:13:41.482Z"
"2483","EMP-A6B296","Aryan Saxena","Human Resources","September 2026 Payroll","2026-08-31T18:30:00.000Z","2026-09-29T18:30:00.000Z","52000.00","4100.00","47900.00","Generated","Computed","2026-09-05T18:41:54.524Z","2026-09-05T16:13:41.475Z"
"2482","EMP-16F1F2","Vihaan Chatterjee","Finance","September 2026 Payroll","2026-08-31T18:30:00.000Z","2026-09-29T18:30:00.000Z","0.00","0.00","0.00","Draft","Draft","","2026-09-05T16:13:41.208Z"
"2481","EMP-DB59A5","Isha Malhotra","Finance","September 2026 Payroll","2026-08-31T18:30:00.000Z","2026-09-29T18:30:00.000Z","0.00","0.00","0.00","Draft","Draft","","2026-09-05T16:13:41.208Z"
"2480","EMP-1F7DE5","Amit Bose","Marketing & Sales","September 2026 Payroll","2026-08-31T18:30:00.000Z","2026-09-29T18:30:00.000Z","0.00","0.00","0.00","Draft","Draft","","2026-09-05T16:13:40.874Z"
"2479","EMP-288B30","Divya Rao","Human Resources","September 2026 Payroll","2026-08-31T18:30:00.000Z","2026-09-29T18:30:00.000Z","0.00","0.00","0.00","Draft","Draft","","2026-09-05T16:13:40.868Z"
"2478","EMP-AD50E4","Sanjay Bhatt","Finance","September 2026 Payroll","2026-08-31T18:30:00.000Z","2026-09-29T18:30:00.000Z","51200.00","4040.00","47160.00","Generated","Computed","2026-09-05T18:41:30.209Z","2026-09-05T16:13:40.867Z"
"2477","EMP-288B30","Divya Rao","Human Resources","September 2026 Payroll","2026-08-31T18:30:00.000Z","2026-09-29T18:30:00.000Z","0.00","0.00","0.00","Draft","Draft","","2026-09-05T16:13:40.601Z"
"2476","EMP-3ABC1F","Krishna Trivedi","Marketing & Sales","September 2026 Payroll","2026-08-31T18:30:00.000Z","2026-09-29T18:30:00.000Z","0.00","0.00","0.00","Draft","Draft","","2026-09-05T16:13:40.600Z"
"2475","EMP-51758D","Priya Chopra","Human Resources","September 2026 Payroll","2026-08-31T18:30:00.000Z","2026-09-29T18:30:00.000Z","0.00","0.00","0.00","Draft","Draft","","2026-09-05T16:13:40.283Z"
"2474","EMP-18C787","Nikhil Banerjee","Human Resources","September 2026 Payroll","2026-08-31T18:30:00.000Z","2026-09-29T18:30:00.000Z","0.00","0.00","0.00","Draft","Draft","","2026-09-05T16:13:40.277Z"
"2473","EMP-E331CE","Kavya Gupta","Marketing & Sales","September 2026 Payroll","2026-08-31T18:30:00.000Z","2026-09-29T18:30:00.000Z","50400.00","3980.00","46420.00","Generated","Computed","2026-09-05T18:41:26.887Z","2026-09-05T16:13:40.276Z"
"2472","EMP-18C787","Nikhil Banerjee","Human Resources","September 2026 Payroll","2026-08-31T18:30:00.000Z","2026-09-29T18:30:00.000Z","0.00","0.00","0.00","Draft","Draft","","2026-09-05T16:13:39.933Z"
"2471","EMP-06D6D7","Krishna Trivedi","Marketing & Sales","September 2026 Payroll","2026-08-31T18:30:00.000Z","2026-09-29T18:30:00.000Z","0.00","0.00","0.00","Draft","Draft","","2026-09-05T16:13:39.933Z"
"2470","EMP-DB59A5","Isha Malhotra","Finance","September 2026 Payroll","2026-08-31T18:30:00.000Z","2026-09-29T18:30:00.000Z","0.00","0.00","0.00","Draft","Draft","","2026-09-05T16:13:39.630Z"
"2469","EMP-AEECBA","Rohan Bhatt","Finance","September 2026 Payroll","2026-08-31T18:30:00.000Z","2026-09-29T18:30:00.000Z","0.00","0.00","0.00","Draft","Draft","","2026-09-05T16:13:39.624Z"
"2468","EMP-E1E4EB","Naveen Trivedi","Engineering","September 2026 Payroll","2026-08-31T18:30:00.000Z","2026-09-29T18:30:00.000Z","49600.00","3920.00","45680.00","Generated","Computed","2026-09-05T18:41:02.451Z","2026-09-05T16:13:39.623Z"
"2467","EMP-F7C116","Sai Sharma","Marketing & Sales","September 2026 Payroll","2026-08-31T18:30:00.000Z","2026-09-29T18:30:00.000Z","0.00","0.00","0.00","Draft","Draft","","2026-09-05T16:13:39.331Z"
"2466","EMP-AEECBA","Rohan Bhatt","Finance","September 2026 Payroll","2026-08-31T18:30:00.000Z","2026-09-29T18:30:00.000Z","0.00","0.00","0.00","Draft","Draft","","2026-09-05T16:13:39.304Z"
"2465","EMP-288B30","Divya Rao","Human Resources","September 2026 Payroll","2026-08-31T18:30:00.000Z","2026-09-29T18:30:00.000Z","0.00","0.00","0.00","Draft","Draft","","2026-09-05T16:13:39.062Z"
"2464","EMP-7FD731","Deepak Ghosh","Engineering","September 2026 Payroll","2026-08-31T18:30:00.000Z","2026-09-29T18:30:00.000Z","0.00","0.00","0.00","Draft","Draft","","2026-09-05T16:13:39.057Z"
"2463","EMP-D11D6F","Sanjay Menon","Engineering","September 2026 Payroll","2026-08-31T18:30:00.000Z","2026-09-29T18:30:00.000Z","48800.00","3860.00","44940.00","Generated","Computed","2026-09-05T18:40:59.122Z","2026-09-05T16:13:38.990Z"
"2462","EMP-99DA86","Riya Mehta","Engineering","September 2026 Payroll","2026-08-31T18:30:00.000Z","2026-09-29T18:30:00.000Z","0.00","0.00","0.00","Draft","Draft","","2026-09-05T16:13:38.736Z"
"2461","EMP-7FD731","Deepak Ghosh","Engineering","September 2026 Payroll","2026-08-31T18:30:00.000Z","2026-09-29T18:30:00.000Z","0.00","0.00","0.00","Draft","Draft","","2026-09-05T16:13:38.735Z"
"2460","EMP-18C787","Nikhil Banerjee","Human Resources","September 2026 Payroll","2026-08-31T18:30:00.000Z","2026-09-29T18:30:00.000Z","0.00","0.00","0.00","Draft","Draft","","2026-09-05T16:13:38.341Z"
"2459","EMP-A2FF2A","Rahul Reddy","Marketing & Sales","September 2026 Payroll","2026-08-31T18:30:00.000Z","2026-09-29T18:30:00.000Z","0.00","0.00","0.00","Draft","Draft","","2026-09-05T16:13:38.336Z"
"2458","EMP-43E7D8","Nisha Shah","Human Resources","September 2026 Payroll","2026-08-31T18:30:00.000Z","2026-09-29T18:30:00.000Z","48000.00","3800.00","44200.00","Generated","Computed","2026-09-05T18:40:33.776Z","2026-09-05T16:13:38.330Z"
"2457","EMP-ADADC1","Kabir Trivedi","Marketing & Sales","September 2026 Payroll","2026-08-31T18:30:00.000Z","2026-09-29T18:30:00.000Z","0.00","0.00","0.00","Draft","Draft","","2026-09-05T16:13:38.049Z"
"2456","EMP-A2FF2A","Rahul Reddy","Marketing & Sales","September 2026 Payroll","2026-08-31T18:30:00.000Z","2026-09-29T18:30:00.000Z","0.00","0.00","0.00","Draft","Draft","","2026-09-05T16:13:38.049Z"
"2455","EMP-AEECBA","Rohan Bhatt","Finance","September 2026 Payroll","2026-08-31T18:30:00.000Z","2026-09-29T18:30:00.000Z","0.00","0.00","0.00","Draft","Draft","","2026-09-05T16:13:37.180Z"
"2454","EMP-FFCBB7","Riya Malhotra","Marketing & Sales","September 2026 Payroll","2026-08-31T18:30:00.000Z","2026-09-29T18:30:00.000Z","0.00","0.00","0.00","Draft","Draft","","2026-09-05T16:13:37.173Z"
"2453","EMP-135933","Manish Deshmukh","Human Resources","September 2026 Payroll","2026-08-31T18:30:00.000Z","2026-09-29T18:30:00.000Z","47200.00","3740.00","43460.00","Generated","Computed","2026-09-05T18:40:09.432Z","2026-09-05T16:13:37.172Z"
"2452","EMP-FFCBB7","Riya Malhotra","Marketing & Sales","September 2026 Payroll","2026-08-31T18:30:00.000Z","2026-09-29T18:30:00.000Z","0.00","0.00","0.00","Draft","Draft","","2026-09-05T16:13:36.802Z"
"2451","EMP-C6D3B0","Arjun Iyer","Marketing & Sales","September 2026 Payroll","2026-08-31T18:30:00.000Z","2026-09-29T18:30:00.000Z","0.00","0.00","0.00","Draft","Draft","","2026-09-05T16:13:36.802Z"
"2450","EMP-7FD731","Deepak Ghosh","Engineering","September 2026 Payroll","2026-08-31T18:30:00.000Z","2026-09-29T18:30:00.000Z","0.00","0.00","0.00","Draft","Draft","","2026-09-05T16:13:36.551Z"
"2449","EMP-2A9D2A","Nikhil Chatterjee","Human Resources","September 2026 Payroll","2026-08-31T18:30:00.000Z","2026-09-29T18:30:00.000Z","0.00","0.00","0.00","Draft","Draft","","2026-09-05T16:13:36.545Z"
"2448","EMP-ED4A92","Karan Das","Engineering","September 2026 Payroll","2026-08-31T18:30:00.000Z","2026-09-29T18:30:00.000Z","46400.00","3680.00","42720.00","Generated","Computed","2026-09-05T18:40:06.005Z","2026-09-05T16:13:36.465Z"
"2447","EMP-1F7DE5","Amit Bose","Marketing & Sales","September 2026 Payroll","2026-08-31T18:30:00.000Z","2026-09-29T18:30:00.000Z","0.00","0.00","0.00","Draft","Draft","","2026-09-05T16:13:36.270Z"
"2446","EMP-2A9D2A","Nikhil Chatterjee","Human Resources","September 2026 Payroll","2026-08-31T18:30:00.000Z","2026-09-29T18:30:00.000Z","0.00","0.00","0.00","Draft","Draft","","2026-09-05T16:13:36.268Z"
"2445","EMP-A2FF2A","Rahul Reddy","Marketing & Sales","September 2026 Payroll","2026-08-31T18:30:00.000Z","2026-09-29T18:30:00.000Z","0.00","0.00","0.00","Draft","Draft","","2026-09-05T16:13:35.972Z"
"2444","EMP-FC3880","Pooja Pillai","Engineering","September 2026 Payroll","2026-08-31T18:30:00.000Z","2026-09-29T18:30:00.000Z","0.00","0.00","0.00","Draft","Draft","","2026-09-05T16:13:35.967Z"
"2443","EMP-EA22B8","Amit Bhatt","Marketing & Sales","September 2026 Payroll","2026-08-31T18:30:00.000Z","2026-09-29T18:30:00.000Z","45600.00","3620.00","41980.00","Generated","Computed","2026-09-05T18:39:41.134Z","2026-09-05T16:13:35.870Z"
"2442","EMP-FC3880","Pooja Pillai","Engineering","September 2026 Payroll","2026-08-31T18:30:00.000Z","2026-09-29T18:30:00.000Z","0.00","0.00","0.00","Draft","Draft","","2026-09-05T16:13:35.647Z"
"2441","EMP-51758D","Priya Chopra","Human Resources","September 2026 Payroll","2026-08-31T18:30:00.000Z","2026-09-29T18:30:00.000Z","0.00","0.00","0.00","Draft","Draft","","2026-09-05T16:13:35.647Z"
"2440","EMP-FFCBB7","Riya Malhotra","Marketing & Sales","September 2026 Payroll","2026-08-31T18:30:00.000Z","2026-09-29T18:30:00.000Z","0.00","0.00","0.00","Draft","Draft","","2026-09-05T16:13:35.357Z"
"2439","EMP-32F7E7","Gaurav Pandey","Human Resources","September 2026 Payroll","2026-08-31T18:30:00.000Z","2026-09-29T18:30:00.000Z","0.00","0.00","0.00","Draft","Draft","","2026-09-05T16:13:35.352Z"
"2438","EMP-9B0341","Siddharth Chauhan","Engineering","September 2026 Payroll","2026-08-31T18:30:00.000Z","2026-09-29T18:30:00.000Z","44800.00","3560.00","41240.00","Generated","Computed","2026-09-05T18:39:13.560Z","2026-09-05T16:13:35.250Z"
"2437","EMP-32F7E7","Gaurav Pandey","Human Resources","September 2026 Payroll","2026-08-31T18:30:00.000Z","2026-09-29T18:30:00.000Z","0.00","0.00","0.00","Draft","Draft","","2026-09-05T16:13:35.019Z"
"2436","EMP-DB59A5","Isha Malhotra","Finance","September 2026 Payroll","2026-08-31T18:30:00.000Z","2026-09-29T18:30:00.000Z","0.00","0.00","0.00","Draft","Draft","","2026-09-05T16:13:35.018Z"
"2435","EMP-2A9D2A","Nikhil Chatterjee","Human Resources","September 2026 Payroll","2026-08-31T18:30:00.000Z","2026-09-29T18:30:00.000Z","0.00","0.00","0.00","Draft","Draft","","2026-09-05T16:13:34.706Z"
"2434","EMP-AC6A7A","Gaurav Bansal","Finance","September 2026 Payroll","2026-08-31T18:30:00.000Z","2026-09-29T18:30:00.000Z","0.00","0.00","0.00","Draft","Draft","","2026-09-05T16:13:34.700Z"
"2433","EMP-B321B8","Ayaan Verma","Marketing & Sales","September 2026 Payroll","2026-08-31T18:30:00.000Z","2026-09-29T18:30:00.000Z","44000.00","3500.00","40500.00","Generated","Computed","2026-09-05T18:39:11.510Z","2026-09-05T16:13:34.549Z"
"2432","EMP-AC6A7A","Gaurav Bansal","Finance","September 2026 Payroll","2026-08-31T18:30:00.000Z","2026-09-29T18:30:00.000Z","0.00","0.00","0.00","Draft","Draft","","2026-09-05T16:13:34.412Z"
"2431","EMP-288B30","Divya Rao","Human Resources","September 2026 Payroll","2026-08-31T18:30:00.000Z","2026-09-29T18:30:00.000Z","0.00","0.00","0.00","Draft","Draft","","2026-09-05T16:13:34.412Z"
"2430","EMP-FC3880","Pooja Pillai","Engineering","September 2026 Payroll","2026-08-31T18:30:00.000Z","2026-09-29T18:30:00.000Z","0.00","0.00","0.00","Draft","Draft","","2026-09-05T16:13:34.144Z"
"2429","EMP-782D89","Arjun Deshmukh","Engineering","September 2026 Payroll","2026-08-31T18:30:00.000Z","2026-09-29T18:30:00.000Z","0.00","0.00","0.00","Draft","Draft","","2026-09-05T16:13:34.139Z"
"2428","EMP-782D89","Arjun Deshmukh","Engineering","September 2026 Payroll","2026-08-31T18:30:00.000Z","2026-09-29T18:30:00.000Z","0.00","0.00","0.00","Draft","Draft","","2026-09-05T16:13:33.874Z"
"2427","EMP-18C787","Nikhil Banerjee","Human Resources","September 2026 Payroll","2026-08-31T18:30:00.000Z","2026-09-29T18:30:00.000Z","0.00","0.00","0.00","Draft","Draft","","2026-09-05T16:13:33.873Z"
"2426","EMP-32F7E7","Gaurav Pandey","Human Resources","September 2026 Payroll","2026-08-31T18:30:00.000Z","2026-09-29T18:30:00.000Z","0.00","0.00","0.00","Draft","Draft","","2026-09-05T16:13:33.436Z"
"2425","EMP-7E71AD","Krishna Nair","Finance","September 2026 Payroll","2026-08-31T18:30:00.000Z","2026-09-29T18:30:00.000Z","0.00","0.00","0.00","Draft","Draft","","2026-09-05T16:13:33.431Z"
"2424","EMP-AEECBA","Rohan Bhatt","Finance","September 2026 Payroll","2026-08-31T18:30:00.000Z","2026-09-29T18:30:00.000Z","0.00","0.00","0.00","Draft","Draft","","2026-09-05T16:13:33.120Z"
"2423","EMP-7E71AD","Krishna Nair","Finance","September 2026 Payroll","2026-08-31T18:30:00.000Z","2026-09-29T18:30:00.000Z","0.00","0.00","0.00","Draft","Draft","","2026-09-05T16:13:33.119Z"
"2422","EMP-AC6A7A","Gaurav Bansal","Finance","September 2026 Payroll","2026-08-31T18:30:00.000Z","2026-09-29T18:30:00.000Z","0.00","0.00","0.00","Draft","Draft","","2026-09-05T16:13:32.206Z"
"2421","EMP-8B20DA","Anjali Chauhan","Marketing & Sales","September 2026 Payroll","2026-08-31T18:30:00.000Z","2026-09-29T18:30:00.000Z","0.00","0.00","0.00","Draft","Draft","","2026-09-05T16:13:32.075Z"
"2420","EMP-8B20DA","Anjali Chauhan","Marketing & Sales","September 2026 Payroll","2026-08-31T18:30:00.000Z","2026-09-29T18:30:00.000Z","0.00","0.00","0.00","Draft","Draft","","2026-09-05T16:13:31.762Z"
"2419","EMP-7FD731","Deepak Ghosh","Engineering","September 2026 Payroll","2026-08-31T18:30:00.000Z","2026-09-29T18:30:00.000Z","0.00","0.00","0.00","Draft","Draft","","2026-09-05T16:13:31.761Z"
"2418","EMP-782D89","Arjun Deshmukh","Engineering","September 2026 Payroll","2026-08-31T18:30:00.000Z","2026-09-29T18:30:00.000Z","0.00","0.00","0.00","Draft","Draft","","2026-09-05T16:13:31.637Z"
"2417","EMP-5CD515","Aryan Desai","Marketing & Sales","September 2026 Payroll","2026-08-31T18:30:00.000Z","2026-09-29T18:30:00.000Z","0.00","0.00","0.00","Draft","Draft","","2026-09-05T16:13:31.546Z"
"2416","EMP-5CD515","Aryan Desai","Marketing & Sales","September 2026 Payroll","2026-08-31T18:30:00.000Z","2026-09-29T18:30:00.000Z","0.00","0.00","0.00","Draft","Draft","","2026-09-05T16:13:31.208Z"
"2415","EMP-A2FF2A","Rahul Reddy","Marketing & Sales","September 2026 Payroll","2026-08-31T18:30:00.000Z","2026-09-29T18:30:00.000Z","0.00","0.00","0.00","Draft","Draft","","2026-09-05T16:13:31.208Z"
"2414","EMP-7E71AD","Krishna Nair","Finance","September 2026 Payroll","2026-08-31T18:30:00.000Z","2026-09-29T18:30:00.000Z","0.00","0.00","0.00","Draft","Draft","","2026-09-05T16:13:31.055Z"
"2413","EMP-8F867A","Manish Sengupta","Finance","September 2026 Payroll","2026-08-31T18:30:00.000Z","2026-09-29T18:30:00.000Z","0.00","0.00","0.00","Draft","Draft","","2026-09-05T16:13:30.937Z"
"2412","EMP-FFCBB7","Riya Malhotra","Marketing & Sales","September 2026 Payroll","2026-08-31T18:30:00.000Z","2026-09-29T18:30:00.000Z","0.00","0.00","0.00","Draft","Draft","","2026-09-05T16:13:30.672Z"
"2411","EMP-8F867A","Manish Sengupta","Finance","September 2026 Payroll","2026-08-31T18:30:00.000Z","2026-09-29T18:30:00.000Z","0.00","0.00","0.00","Draft","Draft","","2026-09-05T16:13:30.671Z"
"2410","EMP-8B20DA","Anjali Chauhan","Marketing & Sales","September 2026 Payroll","2026-08-31T18:30:00.000Z","2026-09-29T18:30:00.000Z","0.00","0.00","0.00","Draft","Draft","","2026-09-05T16:13:30.412Z"
"2409","EMP-24DB2B","Pooja Yadav","Marketing & Sales","September 2026 Payroll","2026-08-31T18:30:00.000Z","2026-09-29T18:30:00.000Z","0.00","0.00","0.00","Draft","Draft","","2026-09-05T16:13:30.407Z"
"2408","EMP-2A9D2A","Nikhil Chatterjee","Human Resources","September 2026 Payroll","2026-08-31T18:30:00.000Z","2026-09-29T18:30:00.000Z","0.00","0.00","0.00","Draft","Draft","","2026-09-05T16:13:30.093Z"
"2407","EMP-24DB2B","Pooja Yadav","Marketing & Sales","September 2026 Payroll","2026-08-31T18:30:00.000Z","2026-09-29T18:30:00.000Z","0.00","0.00","0.00","Draft","Draft","","2026-09-05T16:13:30.092Z"
"2406","EMP-5CD515","Aryan Desai","Marketing & Sales","September 2026 Payroll","2026-08-31T18:30:00.000Z","2026-09-29T18:30:00.000Z","0.00","0.00","0.00","Draft","Draft","","2026-09-05T16:13:29.780Z"
"2405","EMP-A97CC8","Aryan Chauhan","Marketing & Sales","September 2026 Payroll","2026-08-31T18:30:00.000Z","2026-09-29T18:30:00.000Z","0.00","0.00","0.00","Draft","Draft","","2026-09-05T16:13:29.773Z"
"2404","EMP-A97CC8","Aryan Chauhan","Marketing & Sales","September 2026 Payroll","2026-08-31T18:30:00.000Z","2026-09-29T18:30:00.000Z","0.00","0.00","0.00","Draft","Draft","","2026-09-05T16:13:29.459Z"
"2403","EMP-FC3880","Pooja Pillai","Engineering","September 2026 Payroll","2026-08-31T18:30:00.000Z","2026-09-29T18:30:00.000Z","0.00","0.00","0.00","Draft","Draft","","2026-09-05T16:13:29.459Z"
"2402","EMP-8F867A","Manish Sengupta","Finance","September 2026 Payroll","2026-08-31T18:30:00.000Z","2026-09-29T18:30:00.000Z","0.00","0.00","0.00","Draft","Draft","","2026-09-05T16:13:29.222Z"
"2401","EMP-4F5C3F","Vihaan Chauhan","Engineering","September 2026 Payroll","2026-08-31T18:30:00.000Z","2026-09-29T18:30:00.000Z","0.00","0.00","0.00","Draft","Draft","","2026-09-05T16:13:29.216Z"
"2400","EMP-4F5C3F","Vihaan Chauhan","Engineering","September 2026 Payroll","2026-08-31T18:30:00.000Z","2026-09-29T18:30:00.000Z","0.00","0.00","0.00","Draft","Draft","","2026-09-05T16:13:28.927Z"
"2399","EMP-32F7E7","Gaurav Pandey","Human Resources","September 2026 Payroll","2026-08-31T18:30:00.000Z","2026-09-29T18:30:00.000Z","0.00","0.00","0.00","Draft","Draft","","2026-09-05T16:13:28.925Z"
"2398","EMP-24DB2B","Pooja Yadav","Marketing & Sales","September 2026 Payroll","2026-08-31T18:30:00.000Z","2026-09-29T18:30:00.000Z","0.00","0.00","0.00","Draft","Draft","","2026-09-05T16:13:28.575Z"
"2397","EMP-95E6CA","Manish Ghosh","Human Resources","September 2026 Payroll","2026-08-31T18:30:00.000Z","2026-09-29T18:30:00.000Z","0.00","0.00","0.00","Draft","Draft","","2026-09-05T16:13:28.570Z"
"2396","EMP-95E6CA","Manish Ghosh","Human Resources","September 2026 Payroll","2026-08-31T18:30:00.000Z","2026-09-29T18:30:00.000Z","0.00","0.00","0.00","Draft","Draft","","2026-09-05T16:13:28.191Z"
"2395","EMP-AC6A7A","Gaurav Bansal","Finance","September 2026 Payroll","2026-08-31T18:30:00.000Z","2026-09-29T18:30:00.000Z","0.00","0.00","0.00","Draft","Draft","","2026-09-05T16:13:28.190Z"
"2394","EMP-A97CC8","Aryan Chauhan","Marketing & Sales","September 2026 Payroll","2026-08-31T18:30:00.000Z","2026-09-29T18:30:00.000Z","0.00","0.00","0.00","Draft","Draft","","2026-09-05T16:13:27.817Z"
"2393","EMP-77AC95","Sneha Yadav","Human Resources","September 2026 Payroll","2026-08-31T18:30:00.000Z","2026-09-29T18:30:00.000Z","0.00","0.00","0.00","Draft","Draft","","2026-09-05T16:13:27.813Z"
"2392","EMP-77AC95","Sneha Yadav","Human Resources","September 2026 Payroll","2026-08-31T18:30:00.000Z","2026-09-29T18:30:00.000Z","0.00","0.00","0.00","Draft","Draft","","2026-09-05T16:13:27.358Z"
"2391","EMP-782D89","Arjun Deshmukh","Engineering","September 2026 Payroll","2026-08-31T18:30:00.000Z","2026-09-29T18:30:00.000Z","0.00","0.00","0.00","Draft","Draft","","2026-09-05T16:13:27.358Z"
"2390","EMP-4F5C3F","Vihaan Chauhan","Engineering","September 2026 Payroll","2026-08-31T18:30:00.000Z","2026-09-29T18:30:00.000Z","0.00","0.00","0.00","Draft","Draft","","2026-09-05T16:13:26.824Z"
"2389","EMP-DE1D39","Siddharth Bose","Human Resources","September 2026 Payroll","2026-08-31T18:30:00.000Z","2026-09-29T18:30:00.000Z","0.00","0.00","0.00","Draft","Draft","","2026-09-05T16:13:26.819Z"
"2388","EMP-7E71AD","Krishna Nair","Finance","September 2026 Payroll","2026-08-31T18:30:00.000Z","2026-09-29T18:30:00.000Z","0.00","0.00","0.00","Draft","Draft","","2026-09-05T16:13:26.550Z"
"2387","EMP-DE1D39","Siddharth Bose","Human Resources","September 2026 Payroll","2026-08-31T18:30:00.000Z","2026-09-29T18:30:00.000Z","0.00","0.00","0.00","Draft","Draft","","2026-09-05T16:13:26.480Z"
"2386","EMP-95E6CA","Manish Ghosh","Human Resources","September 2026 Payroll","2026-08-31T18:30:00.000Z","2026-09-29T18:30:00.000Z","0.00","0.00","0.00","Draft","Draft","","2026-09-05T16:13:26.194Z"
"2385","EMP-64A7A0","Ayaan Tiwari","Marketing & Sales","September 2026 Payroll","2026-08-31T18:30:00.000Z","2026-09-29T18:30:00.000Z","0.00","0.00","0.00","Draft","Draft","","2026-09-05T16:13:26.189Z"
"2384","EMP-64A7A0","Ayaan Tiwari","Marketing & Sales","September 2026 Payroll","2026-08-31T18:30:00.000Z","2026-09-29T18:30:00.000Z","0.00","0.00","0.00","Draft","Draft","","2026-09-05T16:13:25.793Z"
"2383","EMP-8B20DA","Anjali Chauhan","Marketing & Sales","September 2026 Payroll","2026-08-31T18:30:00.000Z","2026-09-29T18:30:00.000Z","0.00","0.00","0.00","Draft","Draft","","2026-09-05T16:13:25.793Z"
"2382","EMP-77AC95","Sneha Yadav","Human Resources","September 2026 Payroll","2026-08-31T18:30:00.000Z","2026-09-29T18:30:00.000Z","0.00","0.00","0.00","Draft","Draft","","2026-09-05T16:13:25.434Z"
"2381","EMP-9A0ED4","Naveen Bhatia","Engineering","September 2026 Payroll","2026-08-31T18:30:00.000Z","2026-09-29T18:30:00.000Z","0.00","0.00","0.00","Draft","Draft","","2026-09-05T16:13:25.423Z"
"2380","EMP-9A0ED4","Naveen Bhatia","Engineering","September 2026 Payroll","2026-08-31T18:30:00.000Z","2026-09-29T18:30:00.000Z","0.00","0.00","0.00","Draft","Draft","","2026-09-05T16:13:25.030Z"
"2379","EMP-5CD515","Aryan Desai","Marketing & Sales","September 2026 Payroll","2026-08-31T18:30:00.000Z","2026-09-29T18:30:00.000Z","0.00","0.00","0.00","Draft","Draft","","2026-09-05T16:13:25.030Z"
"2378","EMP-DE1D39","Siddharth Bose","Human Resources","September 2026 Payroll","2026-08-31T18:30:00.000Z","2026-09-29T18:30:00.000Z","0.00","0.00","0.00","Draft","Draft","","2026-09-05T16:13:24.766Z"
"2377","EMP-616A52","Simran Bhatt","Marketing & Sales","September 2026 Payroll","2026-08-31T18:30:00.000Z","2026-09-29T18:30:00.000Z","0.00","0.00","0.00","Draft","Draft","","2026-09-05T16:13:24.762Z"
"2376","EMP-8F867A","Manish Sengupta","Finance","September 2026 Payroll","2026-08-31T18:30:00.000Z","2026-09-29T18:30:00.000Z","0.00","0.00","0.00","Draft","Draft","","2026-09-05T16:13:24.417Z"
"2375","EMP-616A52","Simran Bhatt","Marketing & Sales","September 2026 Payroll","2026-08-31T18:30:00.000Z","2026-09-29T18:30:00.000Z","0.00","0.00","0.00","Draft","Draft","","2026-09-05T16:13:24.414Z"
"2374","EMP-64A7A0","Ayaan Tiwari","Marketing & Sales","September 2026 Payroll","2026-08-31T18:30:00.000Z","2026-09-29T18:30:00.000Z","0.00","0.00","0.00","Draft","Draft","","2026-09-05T16:13:24.094Z"
"2373","EMP-759739","Arjun Chatterjee","Finance","September 2026 Payroll","2026-08-31T18:30:00.000Z","2026-09-29T18:30:00.000Z","0.00","0.00","0.00","Draft","Draft","","2026-09-05T16:13:24.080Z"
"2372","EMP-759739","Arjun Chatterjee","Finance","September 2026 Payroll","2026-08-31T18:30:00.000Z","2026-09-29T18:30:00.000Z","0.00","0.00","0.00","Draft","Draft","","2026-09-05T16:13:23.765Z"
"2371","EMP-24DB2B","Pooja Yadav","Marketing & Sales","September 2026 Payroll","2026-08-31T18:30:00.000Z","2026-09-29T18:30:00.000Z","0.00","0.00","0.00","Draft","Draft","","2026-09-05T16:13:23.765Z"
"2370","EMP-9A0ED4","Naveen Bhatia","Engineering","September 2026 Payroll","2026-08-31T18:30:00.000Z","2026-09-29T18:30:00.000Z","0.00","0.00","0.00","Draft","Draft","","2026-09-05T16:13:23.381Z"
"2369","EMP-631D7A","Divya Iyer","Human Resources","September 2026 Payroll","2026-08-31T18:30:00.000Z","2026-09-29T18:30:00.000Z","0.00","0.00","0.00","Draft","Draft","","2026-09-05T16:13:23.377Z"
"2368","EMP-631D7A","Divya Iyer","Human Resources","September 2026 Payroll","2026-08-31T18:30:00.000Z","2026-09-29T18:30:00.000Z","0.00","0.00","0.00","Draft","Draft","","2026-09-05T16:13:23.030Z"
"2367","EMP-A97CC8","Aryan Chauhan","Marketing & Sales","September 2026 Payroll","2026-08-31T18:30:00.000Z","2026-09-29T18:30:00.000Z","0.00","0.00","0.00","Draft","Draft","","2026-09-05T16:13:23.029Z"
"2366","EMP-616A52","Simran Bhatt","Marketing & Sales","September 2026 Payroll","2026-08-31T18:30:00.000Z","2026-09-29T18:30:00.000Z","0.00","0.00","0.00","Draft","Draft","","2026-09-05T16:13:22.753Z"
"2365","EMP-A79F59","Kavya Reddy","Human Resources","September 2026 Payroll","2026-08-31T18:30:00.000Z","2026-09-29T18:30:00.000Z","0.00","0.00","0.00","Draft","Draft","","2026-09-05T16:13:22.748Z"
"2364","EMP-A79F59","Kavya Reddy","Human Resources","September 2026 Payroll","2026-08-31T18:30:00.000Z","2026-09-29T18:30:00.000Z","0.00","0.00","0.00","Draft","Draft","","2026-09-05T16:13:22.465Z"
"2363","EMP-4F5C3F","Vihaan Chauhan","Engineering","September 2026 Payroll","2026-08-31T18:30:00.000Z","2026-09-29T18:30:00.000Z","0.00","0.00","0.00","Draft","Draft","","2026-09-05T16:13:22.465Z"
"2362","EMP-759739","Arjun Chatterjee","Finance","September 2026 Payroll","2026-08-31T18:30:00.000Z","2026-09-29T18:30:00.000Z","0.00","0.00","0.00","Draft","Draft","","2026-09-05T16:13:21.414Z"
"2361","EMP-C052E5","Aditya Trivedi","Marketing & Sales","September 2026 Payroll","2026-08-31T18:30:00.000Z","2026-09-29T18:30:00.000Z","0.00","0.00","0.00","Draft","Draft","","2026-09-05T16:13:21.377Z"
"2360","EMP-C052E5","Aditya Trivedi","Marketing & Sales","September 2026 Payroll","2026-08-31T18:30:00.000Z","2026-09-29T18:30:00.000Z","0.00","0.00","0.00","Draft","Draft","","2026-09-05T16:13:20.968Z"
"2359","EMP-95E6CA","Manish Ghosh","Human Resources","September 2026 Payroll","2026-08-31T18:30:00.000Z","2026-09-29T18:30:00.000Z","0.00","0.00","0.00","Draft","Draft","","2026-09-05T16:13:20.968Z"
"2358","EMP-631D7A","Divya Iyer","Human Resources","September 2026 Payroll","2026-08-31T18:30:00.000Z","2026-09-29T18:30:00.000Z","0.00","0.00","0.00","Draft","Draft","","2026-09-05T16:13:20.834Z"
"2357","EMP-A2759A","Simran Desai","Marketing & Sales","September 2026 Payroll","2026-08-31T18:30:00.000Z","2026-09-29T18:30:00.000Z","0.00","0.00","0.00","Draft","Draft","","2026-09-05T16:13:20.797Z"
"2356","EMP-77AC95","Sneha Yadav","Human Resources","September 2026 Payroll","2026-08-31T18:30:00.000Z","2026-09-29T18:30:00.000Z","0.00","0.00","0.00","Draft","Draft","","2026-09-05T16:13:20.383Z"
"2355","EMP-A2759A","Simran Desai","Marketing & Sales","September 2026 Payroll","2026-08-31T18:30:00.000Z","2026-09-29T18:30:00.000Z","0.00","0.00","0.00","Draft","Draft","","2026-09-05T16:13:20.380Z"
"2354","EMP-A79F59","Kavya Reddy","Human Resources","September 2026 Payroll","2026-08-31T18:30:00.000Z","2026-09-29T18:30:00.000Z","0.00","0.00","0.00","Draft","Draft","","2026-09-05T16:13:20.275Z"
"2353","EMP-65BCD0","Pooja Sengupta","Human Resources","September 2026 Payroll","2026-08-31T18:30:00.000Z","2026-09-29T18:30:00.000Z","0.00","0.00","0.00","Draft","Draft","","2026-09-05T16:13:20.258Z"
"2352","EMP-DE1D39","Siddharth Bose","Human Resources","September 2026 Payroll","2026-08-31T18:30:00.000Z","2026-09-29T18:30:00.000Z","0.00","0.00","0.00","Draft","Draft","","2026-09-05T16:13:19.860Z"
"2351","EMP-65BCD0","Pooja Sengupta","Human Resources","September 2026 Payroll","2026-08-31T18:30:00.000Z","2026-09-29T18:30:00.000Z","0.00","0.00","0.00","Draft","Draft","","2026-09-05T16:13:19.860Z"
"2350","EMP-C052E5","Aditya Trivedi","Marketing & Sales","September 2026 Payroll","2026-08-31T18:30:00.000Z","2026-09-29T18:30:00.000Z","0.00","0.00","0.00","Draft","Draft","","2026-09-05T16:13:19.676Z"
"2349","EMP-75C6ED","Tanvi Sengupta","Engineering","September 2026 Payroll","2026-08-31T18:30:00.000Z","2026-09-29T18:30:00.000Z","0.00","0.00","0.00","Draft","Draft","","2026-09-05T16:13:19.655Z"
"2348","EMP-64A7A0","Ayaan Tiwari","Marketing & Sales","September 2026 Payroll","2026-08-31T18:30:00.000Z","2026-09-29T18:30:00.000Z","0.00","0.00","0.00","Draft","Draft","","2026-09-05T16:13:19.313Z"
"2347","EMP-75C6ED","Tanvi Sengupta","Engineering","September 2026 Payroll","2026-08-31T18:30:00.000Z","2026-09-29T18:30:00.000Z","0.00","0.00","0.00","Draft","Draft","","2026-09-05T16:13:19.312Z"
"2346","EMP-A2759A","Simran Desai","Marketing & Sales","September 2026 Payroll","2026-08-31T18:30:00.000Z","2026-09-29T18:30:00.000Z","0.00","0.00","0.00","Draft","Draft","","2026-09-05T16:13:19.119Z"
"2345","EMP-1F9328","Tanvi Banerjee","Marketing & Sales","September 2026 Payroll","2026-08-31T18:30:00.000Z","2026-09-29T18:30:00.000Z","0.00","0.00","0.00","Draft","Draft","","2026-09-05T16:13:19.106Z"
"2344","EMP-1F9328","Tanvi Banerjee","Marketing & Sales","September 2026 Payroll","2026-08-31T18:30:00.000Z","2026-09-29T18:30:00.000Z","0.00","0.00","0.00","Draft","Draft","","2026-09-05T16:13:18.791Z"
"2343","EMP-9A0ED4","Naveen Bhatia","Engineering","September 2026 Payroll","2026-08-31T18:30:00.000Z","2026-09-29T18:30:00.000Z","0.00","0.00","0.00","Draft","Draft","","2026-09-05T16:13:18.791Z"
"2342","EMP-65BCD0","Pooja Sengupta","Human Resources","September 2026 Payroll","2026-08-31T18:30:00.000Z","2026-09-29T18:30:00.000Z","0.00","0.00","0.00","Draft","Draft","","2026-09-05T16:13:18.580Z"
"2341","EMP-874F6D","Karan Chatterjee","Human Resources","September 2026 Payroll","2026-08-31T18:30:00.000Z","2026-09-29T18:30:00.000Z","0.00","0.00","0.00","Draft","Draft","","2026-09-05T16:13:18.574Z"
"2340","EMP-874F6D","Karan Chatterjee","Human Resources","September 2026 Payroll","2026-08-31T18:30:00.000Z","2026-09-29T18:30:00.000Z","0.00","0.00","0.00","Draft","Draft","","2026-09-05T16:13:18.033Z"
"2339","EMP-616A52","Simran Bhatt","Marketing & Sales","September 2026 Payroll","2026-08-31T18:30:00.000Z","2026-09-29T18:30:00.000Z","0.00","0.00","0.00","Draft","Draft","","2026-09-05T16:13:18.033Z"
"2338","EMP-75C6ED","Tanvi Sengupta","Engineering","September 2026 Payroll","2026-08-31T18:30:00.000Z","2026-09-29T18:30:00.000Z","0.00","0.00","0.00","Draft","Draft","","2026-09-05T16:13:17.985Z"
"2337","EMP-44D134","Aditya Malhotra","Engineering","September 2026 Payroll","2026-08-31T18:30:00.000Z","2026-09-29T18:30:00.000Z","0.00","0.00","0.00","Draft","Draft","","2026-09-05T16:13:17.980Z"
"2336","EMP-44D134","Aditya Malhotra","Engineering","September 2026 Payroll","2026-08-31T18:30:00.000Z","2026-09-29T18:30:00.000Z","0.00","0.00","0.00","Draft","Draft","","2026-09-05T16:13:17.469Z"
"2335","EMP-759739","Arjun Chatterjee","Finance","September 2026 Payroll","2026-08-31T18:30:00.000Z","2026-09-29T18:30:00.000Z","0.00","0.00","0.00","Draft","Draft","","2026-09-05T16:13:17.469Z"
"2334","EMP-F7D61A","Vivaan Bansal","Human Resources","September 2026 Payroll","2026-08-31T18:30:00.000Z","2026-09-29T18:30:00.000Z","0.00","0.00","0.00","Draft","Draft","","2026-09-05T16:13:17.190Z"
"2333","EMP-1F9328","Tanvi Banerjee","Marketing & Sales","September 2026 Payroll","2026-08-31T18:30:00.000Z","2026-09-29T18:30:00.000Z","0.00","0.00","0.00","Draft","Draft","","2026-09-05T16:13:17.070Z"
"2332","EMP-F7D61A","Vivaan Bansal","Human Resources","September 2026 Payroll","2026-08-31T18:30:00.000Z","2026-09-29T18:30:00.000Z","0.00","0.00","0.00","Draft","Draft","","2026-09-05T16:13:16.536Z"
"2331","EMP-631D7A","Divya Iyer","Human Resources","September 2026 Payroll","2026-08-31T18:30:00.000Z","2026-09-29T18:30:00.000Z","0.00","0.00","0.00","Draft","Draft","","2026-09-05T16:13:16.535Z"
"2330","EMP-874F6D","Karan Chatterjee","Human Resources","September 2026 Payroll","2026-08-31T18:30:00.000Z","2026-09-29T18:30:00.000Z","0.00","0.00","0.00","Draft","Draft","","2026-09-05T16:13:15.975Z"
"2329","EMP-6B5B44","Manish Tiwari","Human Resources","September 2026 Payroll","2026-08-31T18:30:00.000Z","2026-09-29T18:30:00.000Z","0.00","0.00","0.00","Draft","Draft","","2026-09-05T16:13:15.907Z"
"2328","EMP-A79F59","Kavya Reddy","Human Resources","September 2026 Payroll","2026-08-31T18:30:00.000Z","2026-09-29T18:30:00.000Z","0.00","0.00","0.00","Draft","Draft","","2026-09-05T16:13:15.644Z"
"2327","EMP-6B5B44","Manish Tiwari","Human Resources","September 2026 Payroll","2026-08-31T18:30:00.000Z","2026-09-29T18:30:00.000Z","0.00","0.00","0.00","Draft","Draft","","2026-09-05T16:13:15.609Z"
"2326","EMP-44D134","Aditya Malhotra","Engineering","September 2026 Payroll","2026-08-31T18:30:00.000Z","2026-09-29T18:30:00.000Z","0.00","0.00","0.00","Draft","Draft","","2026-09-05T16:13:15.387Z"
"2325","EMP-7D953E","Deepak Chatterjee","Finance","September 2026 Payroll","2026-08-31T18:30:00.000Z","2026-09-29T18:30:00.000Z","0.00","0.00","0.00","Draft","Draft","","2026-09-05T16:13:15.382Z"
"2324","EMP-C052E5","Aditya Trivedi","Marketing & Sales","September 2026 Payroll","2026-08-31T18:30:00.000Z","2026-09-29T18:30:00.000Z","0.00","0.00","0.00","Draft","Draft","","2026-09-05T16:13:15.063Z"
"2323","EMP-7D953E","Deepak Chatterjee","Finance","September 2026 Payroll","2026-08-31T18:30:00.000Z","2026-09-29T18:30:00.000Z","0.00","0.00","0.00","Draft","Draft","","2026-09-05T16:13:15.062Z"
"2322","EMP-F7D61A","Vivaan Bansal","Human Resources","September 2026 Payroll","2026-08-31T18:30:00.000Z","2026-09-29T18:30:00.000Z","0.00","0.00","0.00","Draft","Draft","","2026-09-05T16:13:14.821Z"
"2321","EMP-9FBC24","Kavya Mehta","Human Resources","September 2026 Payroll","2026-08-31T18:30:00.000Z","2026-09-29T18:30:00.000Z","0.00","0.00","0.00","Draft","Draft","","2026-09-05T16:13:14.778Z"
"2320","EMP-A2759A","Simran Desai","Marketing & Sales","September 2026 Payroll","2026-08-31T18:30:00.000Z","2026-09-29T18:30:00.000Z","0.00","0.00","0.00","Draft","Draft","","2026-09-05T16:13:14.518Z"
"2319","EMP-9FBC24","Kavya Mehta","Human Resources","September 2026 Payroll","2026-08-31T18:30:00.000Z","2026-09-29T18:30:00.000Z","0.00","0.00","0.00","Draft","Draft","","2026-09-05T16:13:14.518Z"
"2318","EMP-6B5B44","Manish Tiwari","Human Resources","September 2026 Payroll","2026-08-31T18:30:00.000Z","2026-09-29T18:30:00.000Z","0.00","0.00","0.00","Draft","Draft","","2026-09-05T16:13:14.281Z"
"2317","EMP-F8E9A1","Simran Kumar","Marketing & Sales","September 2026 Payroll","2026-08-31T18:30:00.000Z","2026-09-29T18:30:00.000Z","0.00","0.00","0.00","Draft","Draft","","2026-09-05T16:13:14.229Z"
"2316","EMP-65BCD0","Pooja Sengupta","Human Resources","September 2026 Payroll","2026-08-31T18:30:00.000Z","2026-09-29T18:30:00.000Z","0.00","0.00","0.00","Draft","Draft","","2026-09-05T16:13:13.959Z"
"2315","EMP-F8E9A1","Simran Kumar","Marketing & Sales","September 2026 Payroll","2026-08-31T18:30:00.000Z","2026-09-29T18:30:00.000Z","0.00","0.00","0.00","Draft","Draft","","2026-09-05T16:13:13.955Z"
"2314","EMP-7D953E","Deepak Chatterjee","Finance","September 2026 Payroll","2026-08-31T18:30:00.000Z","2026-09-29T18:30:00.000Z","0.00","0.00","0.00","Draft","Draft","","2026-09-05T16:13:13.719Z"
"2313","EMP-35E126","Arjun Desai","Engineering","September 2026 Payroll","2026-08-31T18:30:00.000Z","2026-09-29T18:30:00.000Z","0.00","0.00","0.00","Draft","Draft","","2026-09-05T16:13:13.676Z"
"2312","EMP-75C6ED","Tanvi Sengupta","Engineering","September 2026 Payroll","2026-08-31T18:30:00.000Z","2026-09-29T18:30:00.000Z","0.00","0.00","0.00","Draft","Draft","","2026-09-05T16:13:13.411Z"
"2311","EMP-35E126","Arjun Desai","Engineering","September 2026 Payroll","2026-08-31T18:30:00.000Z","2026-09-29T18:30:00.000Z","0.00","0.00","0.00","Draft","Draft","","2026-09-05T16:13:13.411Z"
"2310","EMP-9FBC24","Kavya Mehta","Human Resources","September 2026 Payroll","2026-08-31T18:30:00.000Z","2026-09-29T18:30:00.000Z","0.00","0.00","0.00","Draft","Draft","","2026-09-05T16:13:13.158Z"
"2309","EMP-62BEDE","Meera Banerjee","Marketing & Sales","September 2026 Payroll","2026-08-31T18:30:00.000Z","2026-09-29T18:30:00.000Z","0.00","0.00","0.00","Draft","Draft","","2026-09-05T16:13:13.153Z"
"2308","EMP-62BEDE","Meera Banerjee","Marketing & Sales","September 2026 Payroll","2026-08-31T18:30:00.000Z","2026-09-29T18:30:00.000Z","0.00","0.00","0.00","Draft","Draft","","2026-09-05T16:13:12.801Z"
"2307","EMP-1F9328","Tanvi Banerjee","Marketing & Sales","September 2026 Payroll","2026-08-31T18:30:00.000Z","2026-09-29T18:30:00.000Z","0.00","0.00","0.00","Draft","Draft","","2026-09-05T16:13:12.801Z"
"2306","EMP-F8E9A1","Simran Kumar","Marketing & Sales","September 2026 Payroll","2026-08-31T18:30:00.000Z","2026-09-29T18:30:00.000Z","0.00","0.00","0.00","Draft","Draft","","2026-09-05T16:13:12.407Z"
"2305","EMP-A6B296","Aryan Saxena","Human Resources","September 2026 Payroll","2026-08-31T18:30:00.000Z","2026-09-29T18:30:00.000Z","0.00","0.00","0.00","Draft","Draft","","2026-09-05T16:13:12.401Z"
"2304","EMP-A6B296","Aryan Saxena","Human Resources","September 2026 Payroll","2026-08-31T18:30:00.000Z","2026-09-29T18:30:00.000Z","0.00","0.00","0.00","Draft","Draft","","2026-09-05T16:13:12.026Z"
"2303","EMP-874F6D","Karan Chatterjee","Human Resources","September 2026 Payroll","2026-08-31T18:30:00.000Z","2026-09-29T18:30:00.000Z","0.00","0.00","0.00","Draft","Draft","","2026-09-05T16:13:12.025Z"
"2302","EMP-35E126","Arjun Desai","Engineering","September 2026 Payroll","2026-08-31T18:30:00.000Z","2026-09-29T18:30:00.000Z","0.00","0.00","0.00","Draft","Draft","","2026-09-05T16:13:11.722Z"
"2301","EMP-AD50E4","Sanjay Bhatt","Finance","September 2026 Payroll","2026-08-31T18:30:00.000Z","2026-09-29T18:30:00.000Z","0.00","0.00","0.00","Draft","Draft","","2026-09-05T16:13:11.717Z"
"2300","EMP-AD50E4","Sanjay Bhatt","Finance","September 2026 Payroll","2026-08-31T18:30:00.000Z","2026-09-29T18:30:00.000Z","0.00","0.00","0.00","Draft","Draft","","2026-09-05T16:13:11.203Z"
"2299","EMP-44D134","Aditya Malhotra","Engineering","September 2026 Payroll","2026-08-31T18:30:00.000Z","2026-09-29T18:30:00.000Z","0.00","0.00","0.00","Draft","Draft","","2026-09-05T16:13:11.203Z"
"2298","EMP-62BEDE","Meera Banerjee","Marketing & Sales","September 2026 Payroll","2026-08-31T18:30:00.000Z","2026-09-29T18:30:00.000Z","0.00","0.00","0.00","Draft","Draft","","2026-09-05T16:13:10.507Z"
"2297","EMP-E331CE","Kavya Gupta","Marketing & Sales","September 2026 Payroll","2026-08-31T18:30:00.000Z","2026-09-29T18:30:00.000Z","0.00","0.00","0.00","Draft","Draft","","2026-09-05T16:13:10.502Z"
"2296","EMP-E331CE","Kavya Gupta","Marketing & Sales","September 2026 Payroll","2026-08-31T18:30:00.000Z","2026-09-29T18:30:00.000Z","0.00","0.00","0.00","Draft","Draft","","2026-09-05T16:13:10.238Z"
"2295","EMP-F7D61A","Vivaan Bansal","Human Resources","September 2026 Payroll","2026-08-31T18:30:00.000Z","2026-09-29T18:30:00.000Z","0.00","0.00","0.00","Draft","Draft","","2026-09-05T16:13:10.237Z"
"2294","EMP-A6B296","Aryan Saxena","Human Resources","September 2026 Payroll","2026-08-31T18:30:00.000Z","2026-09-29T18:30:00.000Z","0.00","0.00","0.00","Draft","Draft","","2026-09-05T16:13:09.965Z"
"2293","EMP-E1E4EB","Naveen Trivedi","Engineering","September 2026 Payroll","2026-08-31T18:30:00.000Z","2026-09-29T18:30:00.000Z","0.00","0.00","0.00","Draft","Draft","","2026-09-05T16:13:09.960Z"
"2292","EMP-E1E4EB","Naveen Trivedi","Engineering","September 2026 Payroll","2026-08-31T18:30:00.000Z","2026-09-29T18:30:00.000Z","0.00","0.00","0.00","Draft","Draft","","2026-09-05T16:13:09.638Z"
"2291","EMP-6B5B44","Manish Tiwari","Human Resources","September 2026 Payroll","2026-08-31T18:30:00.000Z","2026-09-29T18:30:00.000Z","0.00","0.00","0.00","Draft","Draft","","2026-09-05T16:13:09.638Z"
"2290","EMP-AD50E4","Sanjay Bhatt","Finance","September 2026 Payroll","2026-08-31T18:30:00.000Z","2026-09-29T18:30:00.000Z","0.00","0.00","0.00","Draft","Draft","","2026-09-05T16:13:09.355Z"
"2289","EMP-D11D6F","Sanjay Menon","Engineering","September 2026 Payroll","2026-08-31T18:30:00.000Z","2026-09-29T18:30:00.000Z","0.00","0.00","0.00","Draft","Draft","","2026-09-05T16:13:09.331Z"
"2288","EMP-D11D6F","Sanjay Menon","Engineering","September 2026 Payroll","2026-08-31T18:30:00.000Z","2026-09-29T18:30:00.000Z","0.00","0.00","0.00","Draft","Draft","","2026-09-05T16:13:09.042Z"
"2287","EMP-7D953E","Deepak Chatterjee","Finance","September 2026 Payroll","2026-08-31T18:30:00.000Z","2026-09-29T18:30:00.000Z","0.00","0.00","0.00","Draft","Draft","","2026-09-05T16:13:09.028Z"
"2286","EMP-E331CE","Kavya Gupta","Marketing & Sales","September 2026 Payroll","2026-08-31T18:30:00.000Z","2026-09-29T18:30:00.000Z","0.00","0.00","0.00","Draft","Draft","","2026-09-05T16:13:08.724Z"
"2285","EMP-43E7D8","Nisha Shah","Human Resources","September 2026 Payroll","2026-08-31T18:30:00.000Z","2026-09-29T18:30:00.000Z","0.00","0.00","0.00","Draft","Draft","","2026-09-05T16:13:08.719Z"
"2284","EMP-43E7D8","Nisha Shah","Human Resources","September 2026 Payroll","2026-08-31T18:30:00.000Z","2026-09-29T18:30:00.000Z","0.00","0.00","0.00","Draft","Draft","","2026-09-05T16:13:08.476Z"
"2283","EMP-9FBC24","Kavya Mehta","Human Resources","September 2026 Payroll","2026-08-31T18:30:00.000Z","2026-09-29T18:30:00.000Z","0.00","0.00","0.00","Draft","Draft","","2026-09-05T16:13:08.363Z"
"2282","EMP-E1E4EB","Naveen Trivedi","Engineering","September 2026 Payroll","2026-08-31T18:30:00.000Z","2026-09-29T18:30:00.000Z","0.00","0.00","0.00","Draft","Draft","","2026-09-05T16:13:08.017Z"
"2281","EMP-135933","Manish Deshmukh","Human Resources","September 2026 Payroll","2026-08-31T18:30:00.000Z","2026-09-29T18:30:00.000Z","0.00","0.00","0.00","Draft","Draft","","2026-09-05T16:13:08.011Z"
"2280","EMP-135933","Manish Deshmukh","Human Resources","September 2026 Payroll","2026-08-31T18:30:00.000Z","2026-09-29T18:30:00.000Z","0.00","0.00","0.00","Draft","Draft","","2026-09-05T16:13:07.942Z"
"2279","EMP-F8E9A1","Simran Kumar","Marketing & Sales","September 2026 Payroll","2026-08-31T18:30:00.000Z","2026-09-29T18:30:00.000Z","0.00","0.00","0.00","Draft","Draft","","2026-09-05T16:13:07.709Z"
"2278","EMP-D11D6F","Sanjay Menon","Engineering","September 2026 Payroll","2026-08-31T18:30:00.000Z","2026-09-29T18:30:00.000Z","0.00","0.00","0.00","Draft","Draft","","2026-09-05T16:13:07.467Z"
"2277","EMP-ED4A92","Karan Das","Engineering","September 2026 Payroll","2026-08-31T18:30:00.000Z","2026-09-29T18:30:00.000Z","0.00","0.00","0.00","Draft","Draft","","2026-09-05T16:13:07.435Z"
"2276","EMP-ED4A92","Karan Das","Engineering","September 2026 Payroll","2026-08-31T18:30:00.000Z","2026-09-29T18:30:00.000Z","0.00","0.00","0.00","Draft","Draft","","2026-09-05T16:13:07.404Z"
"2275","EMP-35E126","Arjun Desai","Engineering","September 2026 Payroll","2026-08-31T18:30:00.000Z","2026-09-29T18:30:00.000Z","0.00","0.00","0.00","Draft","Draft","","2026-09-05T16:13:07.168Z"
"2274","EMP-43E7D8","Nisha Shah","Human Resources","September 2026 Payroll","2026-08-31T18:30:00.000Z","2026-09-29T18:30:00.000Z","0.00","0.00","0.00","Draft","Draft","","2026-09-05T16:13:06.825Z"
"2273","EMP-EA22B8","Amit Bhatt","Marketing & Sales","September 2026 Payroll","2026-08-31T18:30:00.000Z","2026-09-29T18:30:00.000Z","0.00","0.00","0.00","Draft","Draft","","2026-09-05T16:13:06.822Z"
"2272","EMP-EA22B8","Amit Bhatt","Marketing & Sales","September 2026 Payroll","2026-08-31T18:30:00.000Z","2026-09-29T18:30:00.000Z","0.00","0.00","0.00","Draft","Draft","","2026-09-05T16:13:06.820Z"
"2271","EMP-62BEDE","Meera Banerjee","Marketing & Sales","September 2026 Payroll","2026-08-31T18:30:00.000Z","2026-09-29T18:30:00.000Z","0.00","0.00","0.00","Draft","Draft","","2026-09-05T16:13:06.473Z"
"2270","EMP-135933","Manish Deshmukh","Human Resources","September 2026 Payroll","2026-08-31T18:30:00.000Z","2026-09-29T18:30:00.000Z","0.00","0.00","0.00","Draft","Draft","","2026-09-05T16:13:06.195Z"
"2269","EMP-9B0341","Siddharth Chauhan","Engineering","September 2026 Payroll","2026-08-31T18:30:00.000Z","2026-09-29T18:30:00.000Z","0.00","0.00","0.00","Draft","Draft","","2026-09-05T16:13:06.192Z"
"2268","EMP-9B0341","Siddharth Chauhan","Engineering","September 2026 Payroll","2026-08-31T18:30:00.000Z","2026-09-29T18:30:00.000Z","0.00","0.00","0.00","Draft","Draft","","2026-09-05T16:13:06.190Z"
"2267","EMP-A6B296","Aryan Saxena","Human Resources","September 2026 Payroll","2026-08-31T18:30:00.000Z","2026-09-29T18:30:00.000Z","0.00","0.00","0.00","Draft","Draft","","2026-09-05T16:13:05.534Z"
"2266","EMP-B321B8","Ayaan Verma","Marketing & Sales","September 2026 Payroll","2026-08-31T18:30:00.000Z","2026-09-29T18:30:00.000Z","0.00","0.00","0.00","Draft","Draft","","2026-09-05T16:13:05.327Z"
"2265","EMP-ED4A92","Karan Das","Engineering","September 2026 Payroll","2026-08-31T18:30:00.000Z","2026-09-29T18:30:00.000Z","0.00","0.00","0.00","Draft","Draft","","2026-09-05T16:13:05.276Z"
"2264","EMP-B321B8","Ayaan Verma","Marketing & Sales","September 2026 Payroll","2026-08-31T18:30:00.000Z","2026-09-29T18:30:00.000Z","0.00","0.00","0.00","Draft","Draft","","2026-09-05T16:13:05.232Z"
"2263","EMP-AD50E4","Sanjay Bhatt","Finance","September 2026 Payroll","2026-08-31T18:30:00.000Z","2026-09-29T18:30:00.000Z","0.00","0.00","0.00","Draft","Draft","","2026-09-05T16:13:05.006Z"
"2262","EMP-EA22B8","Amit Bhatt","Marketing & Sales","September 2026 Payroll","2026-08-31T18:30:00.000Z","2026-09-29T18:30:00.000Z","0.00","0.00","0.00","Draft","Draft","","2026-09-05T16:13:04.709Z"
"2261","EMP-E331CE","Kavya Gupta","Marketing & Sales","September 2026 Payroll","2026-08-31T18:30:00.000Z","2026-09-29T18:30:00.000Z","0.00","0.00","0.00","Draft","Draft","","2026-09-05T16:13:04.403Z"
"2260","EMP-9B0341","Siddharth Chauhan","Engineering","September 2026 Payroll","2026-08-31T18:30:00.000Z","2026-09-29T18:30:00.000Z","0.00","0.00","0.00","Draft","Draft","","2026-09-05T16:13:04.130Z"
"2259","EMP-E1E4EB","Naveen Trivedi","Engineering","September 2026 Payroll","2026-08-31T18:30:00.000Z","2026-09-29T18:30:00.000Z","0.00","0.00","0.00","Draft","Draft","","2026-09-05T16:13:03.821Z"
"2258","EMP-B321B8","Ayaan Verma","Marketing & Sales","September 2026 Payroll","2026-08-31T18:30:00.000Z","2026-09-29T18:30:00.000Z","0.00","0.00","0.00","Draft","Draft","","2026-09-05T16:13:03.524Z"
"2257","EMP-D11D6F","Sanjay Menon","Engineering","September 2026 Payroll","2026-08-31T18:30:00.000Z","2026-09-29T18:30:00.000Z","0.00","0.00","0.00","Draft","Draft","","2026-09-05T16:13:03.180Z"
"2256","EMP-43E7D8","Nisha Shah","Human Resources","September 2026 Payroll","2026-08-31T18:30:00.000Z","2026-09-29T18:30:00.000Z","0.00","0.00","0.00","Draft","Draft","","2026-09-05T16:13:02.614Z"
"2255","EMP-135933","Manish Deshmukh","Human Resources","September 2026 Payroll","2026-08-31T18:30:00.000Z","2026-09-29T18:30:00.000Z","0.00","0.00","0.00","Draft","Draft","","2026-09-05T16:13:01.943Z"
"2254","EMP-ED4A92","Karan Das","Engineering","September 2026 Payroll","2026-08-31T18:30:00.000Z","2026-09-29T18:30:00.000Z","0.00","0.00","0.00","Draft","Draft","","2026-09-05T16:13:01.329Z"
"2253","EMP-EA22B8","Amit Bhatt","Marketing & Sales","September 2026 Payroll","2026-08-31T18:30:00.000Z","2026-09-29T18:30:00.000Z","0.00","0.00","0.00","Draft","Draft","","2026-09-05T16:13:00.111Z"
"2252","EMP-9B0341","Siddharth Chauhan","Engineering","September 2026 Payroll","2026-08-31T18:30:00.000Z","2026-09-29T18:30:00.000Z","0.00","0.00","0.00","Draft","Draft","","2026-09-05T16:12:59.532Z"
"2251","EMP-B321B8","Ayaan Verma","Marketing & Sales","September 2026 Payroll","2026-08-31T18:30:00.000Z","2026-09-29T18:30:00.000Z","0.00","0.00","0.00","Draft","Draft","","2026-09-05T16:12:58.879Z"
"2250","EMP-AC6A7A","Gaurav Bansal","Finance","July 2026 Payroll","2026-06-30T18:30:00.000Z","2026-07-30T18:30:00.000Z","104760.00","6485.60","98274.40","Sent","Paid","","2026-09-05T15:16:11.175Z"
"2249","EMP-A2FF2A","Rahul Reddy","Marketing & Sales","July 2026 Payroll","2026-06-30T18:30:00.000Z","2026-07-30T18:30:00.000Z","60480.00","3828.80","56651.20","Sent","Paid","","2026-09-05T15:16:11.175Z"
"2248","EMP-1358A4","Sneha Yadav","Engineering","May 2026 Payroll","2026-04-30T18:30:00.000Z","2026-05-30T18:30:00.000Z","83640.00","5218.40","78421.60","Sent","Paid","","2026-09-05T15:16:11.175Z"
"2247","EMP-B0A6B8","Kavya Bose","Finance","March 2026 Payroll","2026-02-28T18:30:00.000Z","2026-03-30T18:30:00.000Z","65340.00","4120.40","61219.60","Sent","Paid","","2026-09-05T15:16:11.175Z"
"2246","EMP-C9D423","Neha Gupta","Finance","June 2026 Payroll","2026-05-31T18:30:00.000Z","2026-06-29T18:30:00.000Z","61100.00","3866.00","57234.00","Sent","Paid","","2026-09-05T15:16:11.175Z"
"2245","EMP-06D6D7","Krishna Trivedi","Marketing & Sales","July 2026 Payroll","2026-06-30T18:30:00.000Z","2026-07-30T18:30:00.000Z","73440.00","4606.40","68833.60","Sent","Paid","","2026-09-05T15:16:11.175Z"
"2244","EMP-B9CB81","Sai Mehta","Human Resources","June 2026 Payroll","2026-05-31T18:30:00.000Z","2026-06-29T18:30:00.000Z","51700.00","3302.00","48398.00","Sent","Paid","","2026-09-05T15:16:11.175Z"
"2243","EMP-034BC9","Nisha Rathore","Engineering","March 2026 Payroll","2026-02-28T18:30:00.000Z","2026-03-30T18:30:00.000Z","70290.00","4417.40","65872.60","Sent","Paid","","2026-09-05T15:16:11.175Z"
"2242","EMP-B2ABBD","Pooja Sengupta","Human Resources","February 2026 Payroll","2026-01-31T18:30:00.000Z","2026-02-27T18:30:00.000Z","101920.00","6315.20","95604.80","Sent","Paid","","2026-09-05T15:16:11.175Z"
"2241","EMP-A34F0C","Gaurav Chatterjee","Engineering","April 2026 Payroll","2026-03-31T18:30:00.000Z","2026-04-29T18:30:00.000Z","88810.00","5528.60","83281.40","Sent","Paid","","2026-09-05T15:16:11.175Z"
"2240","EMP-83C86A","Riya Menon","Human Resources","May 2026 Payroll","2026-04-30T18:30:00.000Z","2026-05-30T18:30:00.000Z","79560.00","4973.60","74586.40","Sent","Paid","","2026-09-05T15:16:11.175Z"
"2239","EMP-616A52","Simran Bhatt","Marketing & Sales","February 2026 Payroll","2026-01-31T18:30:00.000Z","2026-02-27T18:30:00.000Z","86320.00","5379.20","80940.80","Sent","Paid","","2026-09-05T15:16:11.175Z"
"2238","EMP-87001D","Anjali Krishnan","Marketing & Sales","May 2026 Payroll","2026-04-30T18:30:00.000Z","2026-05-30T18:30:00.000Z","89760.00","5585.60","84174.40","Sent","Paid","","2026-09-05T15:16:11.175Z"
"2237","EMP-0C09F1","Reyansh Sharma","Human Resources","May 2026 Payroll","2026-04-30T18:30:00.000Z","2026-05-30T18:30:00.000Z","80580.00","5034.80","75545.20","Sent","Paid","","2026-09-05T15:16:11.175Z"
"2236","EMP-9B6E89","Manish Agarwal","Finance","February 2026 Payroll","2026-01-31T18:30:00.000Z","2026-02-27T18:30:00.000Z","100880.00","6252.80","94627.20","Sent","Paid","","2026-09-05T15:16:11.175Z"
"2235","EMP-3654EA","Kabir Verma","Human Resources","July 2026 Payroll","2026-06-30T18:30:00.000Z","2026-07-30T18:30:00.000Z","106920.00","6615.20","100304.80","Sent","Paid","","2026-09-05T15:16:11.175Z"
"2234","EMP-65BCD0","Pooja Sengupta","Human Resources","March 2026 Payroll","2026-02-28T18:30:00.000Z","2026-03-30T18:30:00.000Z","76230.00","4773.80","71456.20","Sent","Paid","","2026-09-05T15:16:11.175Z"
"2233","EMP-7A2A04","Karan Menon","Engineering","May 2026 Payroll","2026-04-30T18:30:00.000Z","2026-05-30T18:30:00.000Z","96900.00","6014.00","90886.00","Sent","Paid","","2026-09-05T15:16:11.175Z"
"2232","EMP-4B7CD5","Kavya Shah","Human Resources","March 2026 Payroll","2026-02-28T18:30:00.000Z","2026-03-30T18:30:00.000Z","55440.00","3526.40","51913.60","Sent","Paid","","2026-09-05T15:16:11.175Z"
"2231","EMP-6B5B44","Manish Tiwari","Human Resources","February 2026 Payroll","2026-01-31T18:30:00.000Z","2026-02-27T18:30:00.000Z","73840.00","4630.40","69209.60","Sent","Paid","","2026-09-05T15:16:11.175Z"
"2230","EMP-754829","Pooja Chatterjee","Finance","May 2026 Payroll","2026-04-30T18:30:00.000Z","2026-05-30T18:30:00.000Z","64260.00","4055.60","60204.40","Sent","Paid","","2026-09-05T15:16:11.175Z"
"2229","EMP-FCCC73","Kabir Pandey","Marketing & Sales","January 2026 Payroll","2025-12-31T18:30:00.000Z","2026-01-30T18:30:00.000Z","75840.00","4750.40","71089.60","Sent","Paid","","2026-09-05T15:16:11.175Z"
"2228","EMP-5EF5E5","Varun Ghosh","Engineering","June 2026 Payroll","2026-05-31T18:30:00.000Z","2026-06-29T18:30:00.000Z","90240.00","5614.40","84625.60","Sent","Paid","","2026-09-05T15:16:11.175Z"
"2227","EMP-0032EB","Nikhil Chauhan","Finance","March 2026 Payroll","2026-02-28T18:30:00.000Z","2026-03-30T18:30:00.000Z","63360.00","4001.60","59358.40","Sent","Paid","","2026-09-05T15:16:11.175Z"
"2226","EMP-46A33D","Tanvi Pandey","Marketing & Sales","May 2026 Payroll","2026-04-30T18:30:00.000Z","2026-05-30T18:30:00.000Z","92820.00","5769.20","87050.80","Sent","Paid","","2026-09-05T15:16:11.175Z"
"2225","EMP-18C787","Nikhil Banerjee","Human Resources","February 2026 Payroll","2026-01-31T18:30:00.000Z","2026-02-27T18:30:00.000Z","61360.00","3881.60","57478.40","Sent","Paid","","2026-09-05T15:16:11.175Z"
"2224","EMP-B39B2F","Vivaan Chauhan","Marketing & Sales","March 2026 Payroll","2026-02-28T18:30:00.000Z","2026-03-30T18:30:00.000Z","88110.00","5486.60","82623.40","Sent","Paid","","2026-09-05T15:16:11.175Z"
"2223","EMP-9A0ED4","Naveen Bhatia","Engineering","June 2026 Payroll","2026-05-31T18:30:00.000Z","2026-06-29T18:30:00.000Z","78960.00","4937.60","74022.40","Sent","Paid","","2026-09-05T15:16:11.175Z"
"2222","EMP-884FC9","Reyansh Chopra","Engineering","January 2026 Payroll","2025-12-31T18:30:00.000Z","2026-01-30T18:30:00.000Z","92160.00","5729.60","86430.40","Sent","Paid","","2026-09-05T15:16:11.175Z"
"2221","EMP-C923B6","Reyansh Subramaniam","Marketing & Sales","April 2026 Payroll","2026-03-31T18:30:00.000Z","2026-04-29T18:30:00.000Z","72760.00","4565.60","68194.40","Sent","Paid","","2026-09-05T15:16:11.175Z"
"2220","EMP-010161","Isha Krishnan","Finance","January 2026 Payroll","2025-12-31T18:30:00.000Z","2026-01-30T18:30:00.000Z","87360.00","5441.60","81918.40","Sent","Paid","","2026-09-05T15:16:11.175Z"
"2219","EMP-465F89","Siddharth Rathore","Finance","July 2026 Payroll","2026-06-30T18:30:00.000Z","2026-07-30T18:30:00.000Z","93960.00","5837.60","88122.40","Sent","Paid","","2026-09-05T15:16:11.175Z"
"2218","EMP-DA36F1","Vihaan Desai","Finance","May 2026 Payroll","2026-04-30T18:30:00.000Z","2026-05-30T18:30:00.000Z","87720.00","5463.20","82256.80","Sent","Paid","","2026-09-05T15:16:11.175Z"
"2217","EMP-8FE05D","Vihaan Chauhan","Engineering","May 2026 Payroll","2026-04-30T18:30:00.000Z","2026-05-30T18:30:00.000Z","56100.00","3566.00","52534.00","Sent","Paid","","2026-09-05T15:16:11.175Z"
"2216","EMP-A79F59","Kavya Reddy","Human Resources","January 2026 Payroll","2025-12-31T18:30:00.000Z","2026-01-30T18:30:00.000Z","76800.00","4808.00","71992.00","Sent","Paid","","2026-09-05T15:16:11.175Z"
"2215","EMP-9753BA","Aditya Pandey","Finance","January 2026 Payroll","2025-12-31T18:30:00.000Z","2026-01-30T18:30:00.000Z","66240.00","4174.40","62065.60","Sent","Paid","","2026-09-05T15:16:11.175Z"
"2214","EMP-B87E01","Shreya Mehta","Marketing & Sales","July 2026 Payroll","2026-06-30T18:30:00.000Z","2026-07-30T18:30:00.000Z","66960.00","4217.60","62742.40","Sent","Paid","","2026-09-05T15:16:11.175Z"
"2213","EMP-8B20DA","Anjali Chauhan","Marketing & Sales","April 2026 Payroll","2026-03-31T18:30:00.000Z","2026-04-29T18:30:00.000Z","100580.00","6234.80","94345.20","Sent","Paid","","2026-09-05T15:16:11.175Z"
"2212","EMP-2BB817","Riya Pandey","Finance","July 2026 Payroll","2026-06-30T18:30:00.000Z","2026-07-30T18:30:00.000Z","84240.00","5254.40","78985.60","Sent","Paid","","2026-09-05T15:16:11.175Z"
"2211","EMP-E64FD0","Ananya Chopra","Human Resources","June 2026 Payroll","2026-05-31T18:30:00.000Z","2026-06-29T18:30:00.000Z","73320.00","4599.20","68720.80","Sent","Paid","","2026-09-05T15:16:11.175Z"
"2210","EMP-3868B5","Sneha Kaur","Marketing & Sales","July 2026 Payroll","2026-06-30T18:30:00.000Z","2026-07-30T18:30:00.000Z","88560.00","5513.60","83046.40","Sent","Paid","","2026-09-05T15:16:11.175Z"
"2209","EMP-D21DA7","Nikhil Reddy","Finance","June 2026 Payroll","2026-05-31T18:30:00.000Z","2026-06-29T18:30:00.000Z","83660.00","5219.60","78440.40","Sent","Paid","","2026-09-05T15:16:11.175Z"
"2208","EMP-EE0A11","Anjali Gupta","Marketing & Sales","March 2026 Payroll","2026-02-28T18:30:00.000Z","2026-03-30T18:30:00.000Z","69300.00","4358.00","64942.00","Sent","Paid","","2026-09-05T15:16:11.175Z"
"2207","EMP-F998DD","Nisha Tiwari","Human Resources","February 2026 Payroll","2026-01-31T18:30:00.000Z","2026-02-27T18:30:00.000Z","102960.00","6377.60","96582.40","Sent","Paid","","2026-09-05T15:16:11.175Z"
"2206","EMP-FED9BF","Ayaan Das","Marketing & Sales","July 2026 Payroll","2026-06-30T18:30:00.000Z","2026-07-30T18:30:00.000Z","75600.00","4736.00","70864.00","Sent","Paid","","2026-09-05T15:16:11.175Z"
"2205","EMP-A780D2","Priya Krishnan","Engineering","July 2026 Payroll","2026-06-30T18:30:00.000Z","2026-07-30T18:30:00.000Z","85320.00","5319.20","80000.80","Sent","Paid","","2026-09-05T15:16:11.175Z"
"2204","EMP-AEECBA","Rohan Bhatt","Finance","April 2026 Payroll","2026-03-31T18:30:00.000Z","2026-04-29T18:30:00.000Z","62060.00","3923.60","58136.40","Sent","Paid","","2026-09-05T15:16:11.175Z"
"2203","EMP-B70E93","Arjun Gupta","Engineering","June 2026 Payroll","2026-05-31T18:30:00.000Z","2026-06-29T18:30:00.000Z","57340.00","3640.40","53699.60","Sent","Paid","","2026-09-05T15:16:11.175Z"
"2202","EMP-24DB2B","Pooja Yadav","Marketing & Sales","June 2026 Payroll","2026-05-31T18:30:00.000Z","2026-06-29T18:30:00.000Z","85540.00","5332.40","80207.60","Sent","Paid","","2026-09-05T15:16:11.175Z"
"2201","EMP-33CA16","Rahul Sengupta","Human Resources","February 2026 Payroll","2026-01-31T18:30:00.000Z","2026-02-27T18:30:00.000Z","84240.00","5254.40","78985.60","Sent","Paid","","2026-09-05T15:16:11.175Z"
"2200","EMP-631D7A","Divya Iyer","Human Resources","June 2026 Payroll","2026-05-31T18:30:00.000Z","2026-06-29T18:30:00.000Z","76140.00","4768.40","71371.60","Sent","Paid","","2026-09-05T15:16:11.175Z"
"2199","EMP-9B0341","Siddharth Chauhan","Engineering","April 2026 Payroll","2026-03-31T18:30:00.000Z","2026-04-29T18:30:00.000Z","59920.00","3795.20","56124.80","Sent","Paid","","2026-09-05T15:16:11.175Z"
"2198","EMP-242D9D","Karan Pillai","Human Resources","March 2026 Payroll","2026-02-28T18:30:00.000Z","2026-03-30T18:30:00.000Z","71280.00","4476.80","66803.20","Sent","Paid","","2026-09-05T15:16:11.175Z"
"2197","EMP-A7011A","Meera Agarwal","Engineering","March 2026 Payroll","2026-02-28T18:30:00.000Z","2026-03-30T18:30:00.000Z","84150.00","5249.00","78901.00","Sent","Paid","","2026-09-05T15:16:11.175Z"
"2196","EMP-3E483C","Divya Shah","Marketing & Sales","February 2026 Payroll","2026-01-31T18:30:00.000Z","2026-02-27T18:30:00.000Z","68640.00","4318.40","64321.60","Sent","Paid","","2026-09-05T15:16:11.175Z"
"2195","EMP-593F92","Ayaan Menon","Finance","June 2026 Payroll","2026-05-31T18:30:00.000Z","2026-06-29T18:30:00.000Z","77080.00","4824.80","72255.20","Sent","Paid","","2026-09-05T15:16:11.175Z"
"2194","EMP-135933","Manish Deshmukh","Human Resources","April 2026 Payroll","2026-03-31T18:30:00.000Z","2026-04-29T18:30:00.000Z","63130.00","3987.80","59142.20","Sent","Paid","","2026-09-05T15:16:11.175Z"
"2193","EMP-334E8F","Aarav Ghosh","Human Resources","June 2026 Payroll","2026-05-31T18:30:00.000Z","2026-06-29T18:30:00.000Z","70500.00","4430.00","66070.00","Sent","Paid","","2026-09-05T15:16:11.175Z"
"2192","EMP-E331CE","Kavya Gupta","Marketing & Sales","July 2026 Payroll","2026-06-30T18:30:00.000Z","2026-07-30T18:30:00.000Z","68040.00","4282.40","63757.60","Sent","Paid","","2026-09-05T15:16:11.175Z"
"2191","EMP-729B37","Shreya Pandey","Finance","April 2026 Payroll","2026-03-31T18:30:00.000Z","2026-04-29T18:30:00.000Z","96300.00","5978.00","90322.00","Sent","Paid","","2026-09-05T15:16:11.175Z"
"2190","EMP-E8DBA7","Vihaan Trivedi","Marketing & Sales","June 2026 Payroll","2026-05-31T18:30:00.000Z","2026-06-29T18:30:00.000Z","59220.00","3753.20","55466.80","Sent","Paid","","2026-09-05T15:16:11.175Z"
"2189","EMP-68D7E7","Meera Ghosh","Human Resources","January 2026 Payroll","2025-12-31T18:30:00.000Z","2026-01-30T18:30:00.000Z","85440.00","5326.40","80113.60","Sent","Paid","","2026-09-05T15:16:11.175Z"
"2188","EMP-5AD2CA","Simran Chatterjee","Engineering","February 2026 Payroll","2026-01-31T18:30:00.000Z","2026-02-27T18:30:00.000Z","59280.00","3756.80","55523.20","Sent","Paid","","2026-09-05T15:16:11.175Z"
"2187","EMP-487FAF","Deepak Bhatia","Human Resources","April 2026 Payroll","2026-03-31T18:30:00.000Z","2026-04-29T18:30:00.000Z","64200.00","4052.00","60148.00","Sent","Paid","","2026-09-05T15:16:11.175Z"
"2186","EMP-1358A4","Sneha Yadav","Engineering","July 2026 Payroll","2026-06-30T18:30:00.000Z","2026-07-30T18:30:00.000Z","88560.00","5513.60","83046.40","Sent","Paid","","2026-09-05T15:16:11.175Z"
"2185","EMP-AC6A7A","Gaurav Bansal","Finance","May 2026 Payroll","2026-04-30T18:30:00.000Z","2026-05-30T18:30:00.000Z","98940.00","6136.40","92803.60","Sent","Paid","","2026-09-05T15:16:11.175Z"
"2184","EMP-A2FF2A","Rahul Reddy","Marketing & Sales","May 2026 Payroll","2026-04-30T18:30:00.000Z","2026-05-30T18:30:00.000Z","57120.00","3627.20","53492.80","Sent","Paid","","2026-09-05T15:16:11.175Z"
"2183","EMP-B465CB","Krishna Ghosh","Finance","March 2026 Payroll","2026-02-28T18:30:00.000Z","2026-03-30T18:30:00.000Z","55440.00","3526.40","51913.60","Sent","Paid","","2026-09-05T15:16:11.175Z"
"2182","EMP-A97CC8","Aryan Chauhan","Marketing & Sales","June 2026 Payroll","2026-05-31T18:30:00.000Z","2026-06-29T18:30:00.000Z","84600.00","5276.00","79324.00","Sent","Paid","","2026-09-05T15:16:11.175Z"
"2181","EMP-3BCB82","Neha Kulkarni","Engineering","March 2026 Payroll","2026-02-28T18:30:00.000Z","2026-03-30T18:30:00.000Z","92070.00","5724.20","86345.80","Sent","Paid","","2026-09-05T15:16:11.175Z"
"2180","EMP-06D6D7","Krishna Trivedi","Marketing & Sales","May 2026 Payroll","2026-04-30T18:30:00.000Z","2026-05-30T18:30:00.000Z","69360.00","4361.60","64998.40","Sent","Paid","","2026-09-05T15:16:11.175Z"
"2179","EMP-5FC753","Siddharth Reddy","Human Resources","June 2026 Payroll","2026-05-31T18:30:00.000Z","2026-06-29T18:30:00.000Z","58280.00","3696.80","54583.20","Sent","Paid","","2026-09-05T15:16:11.175Z"
"2178","EMP-395314","Aarav Mishra","Engineering","June 2026 Payroll","2026-05-31T18:30:00.000Z","2026-06-29T18:30:00.000Z","64860.00","4091.60","60768.40","Sent","Paid","","2026-09-05T15:16:11.175Z"
"2177","EMP-F7D61A","Vivaan Bansal","Human Resources","February 2026 Payroll","2026-01-31T18:30:00.000Z","2026-02-27T18:30:00.000Z","74880.00","4692.80","70187.20","Sent","Paid","","2026-09-05T15:16:11.175Z"
"2176","EMP-12A7C2","Siddharth Kaur","Finance","February 2026 Payroll","2026-01-31T18:30:00.000Z","2026-02-27T18:30:00.000Z","61360.00","3881.60","57478.40","Sent","Paid","","2026-09-05T15:16:11.175Z"
"2175","EMP-87001D","Anjali Krishnan","Marketing & Sales","July 2026 Payroll","2026-06-30T18:30:00.000Z","2026-07-30T18:30:00.000Z","95040.00","5902.40","89137.60","Sent","Paid","","2026-09-05T15:16:11.175Z"
"2174","EMP-0C09F1","Reyansh Sharma","Human Resources","July 2026 Payroll","2026-06-30T18:30:00.000Z","2026-07-30T18:30:00.000Z","85320.00","5319.20","80000.80","Sent","Paid","","2026-09-05T15:16:11.175Z"
"2173","EMP-ADADC1","Kabir Trivedi","Marketing & Sales","April 2026 Payroll","2026-03-31T18:30:00.000Z","2026-04-29T18:30:00.000Z","69550.00","4373.00","65177.00","Sent","Paid","","2026-09-05T15:16:11.175Z"
"2172","EMP-83C86A","Riya Menon","Human Resources","July 2026 Payroll","2026-06-30T18:30:00.000Z","2026-07-30T18:30:00.000Z","84240.00","5254.40","78985.60","Sent","Paid","","2026-09-05T15:16:11.175Z"
"2171","EMP-3654EA","Kabir Verma","Human Resources","May 2026 Payroll","2026-04-30T18:30:00.000Z","2026-05-30T18:30:00.000Z","100980.00","6258.80","94721.20","Sent","Paid","","2026-09-05T15:16:11.175Z"
"2170","EMP-633EC5","Naveen Iyer","Marketing & Sales","June 2026 Payroll","2026-05-31T18:30:00.000Z","2026-06-29T18:30:00.000Z","59220.00","3753.20","55466.80","Sent","Paid","","2026-09-05T15:16:11.175Z"
"2169","EMP-754829","Pooja Chatterjee","Finance","July 2026 Payroll","2026-06-30T18:30:00.000Z","2026-07-30T18:30:00.000Z","68040.00","4282.40","63757.60","Sent","Paid","","2026-09-05T15:16:11.175Z"
"2168","EMP-23D32C","Sanjay Yadav","Human Resources","January 2026 Payroll","2025-12-31T18:30:00.000Z","2026-01-30T18:30:00.000Z","59520.00","3771.20","55748.80","Sent","Paid","","2026-09-05T15:16:11.175Z"
"2167","EMP-7A2A04","Karan Menon","Engineering","July 2026 Payroll","2026-06-30T18:30:00.000Z","2026-07-30T18:30:00.000Z","102600.00","6356.00","96244.00","Sent","Paid","","2026-09-05T15:16:11.175Z"
"2166","EMP-9C1299","Aarav Bhatia","Human Resources","March 2026 Payroll","2026-02-28T18:30:00.000Z","2026-03-30T18:30:00.000Z","89100.00","5546.00","83554.00","Sent","Paid","","2026-09-05T15:16:11.175Z"
"2165","EMP-E14561","Nikhil Chauhan","Marketing & Sales","April 2026 Payroll","2026-03-31T18:30:00.000Z","2026-04-29T18:30:00.000Z","98440.00","6106.40","92333.60","Sent","Paid","","2026-09-05T15:16:11.175Z"
"2164","EMP-CAB3DA","Kabir Verma","Engineering","June 2026 Payroll","2026-05-31T18:30:00.000Z","2026-06-29T18:30:00.000Z","55460.00","3527.60","51932.40","Sent","Paid","","2026-09-05T15:16:11.175Z"
"2163","EMP-B030CD","Shreya Deshmukh","Finance","March 2026 Payroll","2026-02-28T18:30:00.000Z","2026-03-30T18:30:00.000Z","67320.00","4239.20","63080.80","Sent","Paid","","2026-09-05T15:16:11.175Z"
"2162","EMP-8B4D44","Sanjay Bose","Human Resources","March 2026 Payroll","2026-02-28T18:30:00.000Z","2026-03-30T18:30:00.000Z","95040.00","5902.40","89137.60","Sent","Paid","","2026-09-05T15:16:11.175Z"
"2161","EMP-288B30","Divya Rao","Human Resources","February 2026 Payroll","2026-01-31T18:30:00.000Z","2026-02-27T18:30:00.000Z","62400.00","3944.00","58456.00","Sent","Paid","","2026-09-05T15:16:11.175Z"
"2160","EMP-BA3D04","Nisha Reddy","Human Resources","January 2026 Payroll","2025-12-31T18:30:00.000Z","2026-01-30T18:30:00.000Z","70080.00","4404.80","65675.20","Sent","Paid","","2026-09-05T15:16:11.175Z"
"2159","EMP-46A33D","Tanvi Pandey","Marketing & Sales","July 2026 Payroll","2026-06-30T18:30:00.000Z","2026-07-30T18:30:00.000Z","98280.00","6096.80","92183.20","Sent","Paid","","2026-09-05T15:16:11.175Z"
"2158","EMP-EA22B8","Amit Bhatt","Marketing & Sales","January 2026 Payroll","2025-12-31T18:30:00.000Z","2026-01-30T18:30:00.000Z","54720.00","3483.20","51236.80","Sent","Paid","","2026-09-05T15:16:11.175Z"
"2157","EMP-FB4A53","Pooja Bansal","Finance","January 2026 Payroll","2025-12-31T18:30:00.000Z","2026-01-30T18:30:00.000Z","55680.00","3540.80","52139.20","Sent","Paid","","2026-09-05T15:16:11.175Z"
"2156","EMP-6DC9C3","Divya Sengupta","Marketing & Sales","January 2026 Payroll","2025-12-31T18:30:00.000Z","2026-01-30T18:30:00.000Z","83520.00","5211.20","78308.80","Sent","Paid","","2026-09-05T15:16:11.175Z"
"2155","EMP-8FE05D","Vihaan Chauhan","Engineering","July 2026 Payroll","2026-06-30T18:30:00.000Z","2026-07-30T18:30:00.000Z","59400.00","3764.00","55636.00","Sent","Paid","","2026-09-05T15:16:11.175Z"
"2154","EMP-43E7D8","Nisha Shah","Human Resources","February 2026 Payroll","2026-01-31T18:30:00.000Z","2026-02-27T18:30:00.000Z","62400.00","3944.00","58456.00","Sent","Paid","","2026-09-05T15:16:11.175Z"
"2153","EMP-DA36F1","Vihaan Desai","Finance","July 2026 Payroll","2026-06-30T18:30:00.000Z","2026-07-30T18:30:00.000Z","92880.00","5772.80","87107.20","Sent","Paid","","2026-09-05T15:16:11.175Z"
"2152","EMP-465F89","Siddharth Rathore","Finance","May 2026 Payroll","2026-04-30T18:30:00.000Z","2026-05-30T18:30:00.000Z","88740.00","5524.40","83215.60","Sent","Paid","","2026-09-05T15:16:11.175Z"
"2151","EMP-2C41F3","Pooja Agarwal","Human Resources","June 2026 Payroll","2026-05-31T18:30:00.000Z","2026-06-29T18:30:00.000Z","82720.00","5163.20","77556.80","Sent","Paid","","2026-09-05T15:16:11.175Z"
"2150","EMP-B55DE9","Naveen Trivedi","Engineering","February 2026 Payroll","2026-01-31T18:30:00.000Z","2026-02-27T18:30:00.000Z","100880.00","6252.80","94627.20","Sent","Paid","","2026-09-05T15:16:11.175Z"
"2149","EMP-2BB817","Riya Pandey","Finance","May 2026 Payroll","2026-04-30T18:30:00.000Z","2026-05-30T18:30:00.000Z","79560.00","4973.60","74586.40","Sent","Paid","","2026-09-05T15:16:11.175Z"
"2148","EMP-75C6ED","Tanvi Sengupta","Engineering","February 2026 Payroll","2026-01-31T18:30:00.000Z","2026-02-27T18:30:00.000Z","79040.00","4942.40","74097.60","Sent","Paid","","2026-09-05T15:16:11.175Z"
"2147","EMP-B87E01","Shreya Mehta","Marketing & Sales","May 2026 Payroll","2026-04-30T18:30:00.000Z","2026-05-30T18:30:00.000Z","63240.00","3994.40","59245.60","Sent","Paid","","2026-09-05T15:16:11.175Z"
"2146","EMP-219061","Anjali Yadav","Marketing & Sales","February 2026 Payroll","2026-01-31T18:30:00.000Z","2026-02-27T18:30:00.000Z","87360.00","5441.60","81918.40","Sent","Paid","","2026-09-05T15:16:11.175Z"
"2145","EMP-FED9BF","Ayaan Das","Marketing & Sales","May 2026 Payroll","2026-04-30T18:30:00.000Z","2026-05-30T18:30:00.000Z","71400.00","4484.00","66916.00","Sent","Paid","","2026-09-05T15:16:11.175Z"
"2144","EMP-C077C9","Aarav Bhatia","Marketing & Sales","January 2026 Payroll","2025-12-31T18:30:00.000Z","2026-01-30T18:30:00.000Z","87360.00","5441.60","81918.40","Sent","Paid","","2026-09-05T15:16:11.175Z"
"2143","EMP-299D2B","Krishna Deshmukh","Finance","February 2026 Payroll","2026-01-31T18:30:00.000Z","2026-02-27T18:30:00.000Z","66560.00","4193.60","62366.40","Sent","Paid","","2026-09-05T15:16:11.175Z"
"2142","EMP-3868B5","Sneha Kaur","Marketing & Sales","May 2026 Payroll","2026-04-30T18:30:00.000Z","2026-05-30T18:30:00.000Z","83640.00","5218.40","78421.60","Sent","Paid","","2026-09-05T15:16:11.175Z"
"2141","EMP-CAD3C8","Sanjay Subramaniam","Human Resources","April 2026 Payroll","2026-03-31T18:30:00.000Z","2026-04-29T18:30:00.000Z","68480.00","4308.80","64171.20","Sent","Paid","","2026-09-05T15:16:11.175Z"
"2140","EMP-AD50E4","Sanjay Bhatt","Finance","June 2026 Payroll","2026-05-31T18:30:00.000Z","2026-06-29T18:30:00.000Z","60160.00","3809.60","56350.40","Sent","Paid","","2026-09-05T15:16:11.175Z"
"2139","EMP-380E32","Kabir Kaur","Engineering","June 2026 Payroll","2026-05-31T18:30:00.000Z","2026-06-29T18:30:00.000Z","79900.00","4994.00","74906.00","Sent","Paid","","2026-09-05T15:16:11.175Z"
"2138","EMP-4BB327","Reyansh Desai","Finance","April 2026 Payroll","2026-03-31T18:30:00.000Z","2026-04-29T18:30:00.000Z","82390.00","5143.40","77246.60","Sent","Paid","","2026-09-05T15:16:11.175Z"
"2137","EMP-A780D2","Priya Krishnan","Engineering","May 2026 Payroll","2026-04-30T18:30:00.000Z","2026-05-30T18:30:00.000Z","80580.00","5034.80","75545.20","Sent","Paid","","2026-09-05T15:16:11.175Z"
"2136","EMP-49902F","Anjali Sengupta","Finance","April 2026 Payroll","2026-03-31T18:30:00.000Z","2026-04-29T18:30:00.000Z","72760.00","4565.60","68194.40","Sent","Paid","","2026-09-05T15:16:11.175Z"
"2135","EMP-1F9328","Tanvi Banerjee","Marketing & Sales","January 2026 Payroll","2025-12-31T18:30:00.000Z","2026-01-30T18:30:00.000Z","72000.00","4520.00","67480.00","Sent","Paid","","2026-09-05T15:16:11.175Z"
"2134","EMP-0ADF2E","Divya Bhatia","Human Resources","February 2026 Payroll","2026-01-31T18:30:00.000Z","2026-02-27T18:30:00.000Z","102960.00","6377.60","96582.40","Sent","Paid","","2026-09-05T15:16:11.175Z"
"2133","EMP-47BB8E","Naveen Shah","Finance","June 2026 Payroll","2026-05-31T18:30:00.000Z","2026-06-29T18:30:00.000Z","88360.00","5501.60","82858.40","Sent","Paid","","2026-09-05T15:16:11.175Z"
"2132","EMP-7D953E","Deepak Chatterjee","Finance","June 2026 Payroll","2026-05-31T18:30:00.000Z","2026-06-29T18:30:00.000Z","65800.00","4148.00","61652.00","Sent","Paid","","2026-09-05T15:16:11.175Z"
"2131","EMP-E331CE","Kavya Gupta","Marketing & Sales","May 2026 Payroll","2026-04-30T18:30:00.000Z","2026-05-30T18:30:00.000Z","64260.00","4055.60","60204.40","Sent","Paid","","2026-09-05T15:16:11.175Z"
"2130","EMP-3654EA","Kabir Verma","Human Resources","January 2026 Payroll","2025-12-31T18:30:00.000Z","2026-01-30T18:30:00.000Z","95040.00","5902.40","89137.60","Sent","Paid","","2026-09-05T15:16:11.175Z"
"2129","EMP-E1E4EB","Naveen Trivedi","Engineering","April 2026 Payroll","2026-03-31T18:30:00.000Z","2026-04-29T18:30:00.000Z","66340.00","4180.40","62159.60","Sent","Paid","","2026-09-05T15:16:11.175Z"
"2128","EMP-FCCC73","Kabir Pandey","Marketing & Sales","July 2026 Payroll","2026-06-30T18:30:00.000Z","2026-07-30T18:30:00.000Z","85320.00","5319.20","80000.80","Sent","Paid","","2026-09-05T15:16:11.175Z"
"2127","EMP-23D32C","Sanjay Yadav","Human Resources","May 2026 Payroll","2026-04-30T18:30:00.000Z","2026-05-30T18:30:00.000Z","63240.00","3994.40","59245.60","Sent","Paid","","2026-09-05T15:16:11.175Z"
"2126","EMP-D11D6F","Sanjay Menon","Engineering","March 2026 Payroll","2026-02-28T18:30:00.000Z","2026-03-30T18:30:00.000Z","60390.00","3823.40","56566.60","Sent","Paid","","2026-09-05T15:16:11.175Z"
"2125","EMP-BDF979","Rahul Bose","Finance","April 2026 Payroll","2026-03-31T18:30:00.000Z","2026-04-29T18:30:00.000Z","98440.00","6106.40","92333.60","Sent","Paid","","2026-09-05T15:16:11.175Z"
"2124","EMP-EDD910","Naveen Agarwal","Marketing & Sales","June 2026 Payroll","2026-05-31T18:30:00.000Z","2026-06-29T18:30:00.000Z","89300.00","5558.00","83742.00","Sent","Paid","","2026-09-05T15:16:11.175Z"
"2123","EMP-C290EE","Amit Verma","Engineering","March 2026 Payroll","2026-02-28T18:30:00.000Z","2026-03-30T18:30:00.000Z","99000.00","6140.00","92860.00","Sent","Paid","","2026-09-05T15:16:11.175Z"
"2122","EMP-32F7E7","Gaurav Pandey","Human Resources","June 2026 Payroll","2026-05-31T18:30:00.000Z","2026-06-29T18:30:00.000Z","92120.00","5727.20","86392.80","Sent","Paid","","2026-09-05T15:16:11.175Z"
"2121","EMP-414629","Ishaan Shah","Finance","March 2026 Payroll","2026-02-28T18:30:00.000Z","2026-03-30T18:30:00.000Z","55440.00","3526.40","51913.60","Sent","Paid","","2026-09-05T15:16:11.175Z"
"2120","EMP-2DB9E9","Sneha Chatterjee","Finance","June 2026 Payroll","2026-05-31T18:30:00.000Z","2026-06-29T18:30:00.000Z","78020.00","4881.20","73138.80","Sent","Paid","","2026-09-05T15:16:11.175Z"
"2119","EMP-A6B296","Aryan Saxena","Human Resources","March 2026 Payroll","2026-02-28T18:30:00.000Z","2026-03-30T18:30:00.000Z","64350.00","4061.00","60289.00","Sent","Paid","","2026-09-05T15:16:11.175Z"
"2118","EMP-BA3D04","Nisha Reddy","Human Resources","May 2026 Payroll","2026-04-30T18:30:00.000Z","2026-05-30T18:30:00.000Z","74460.00","4667.60","69792.40","Sent","Paid","","2026-09-05T15:16:11.175Z"
"2117","EMP-CEB2D1","Rahul Das","Finance","June 2026 Payroll","2026-05-31T18:30:00.000Z","2026-06-29T18:30:00.000Z","52640.00","3358.40","49281.60","Sent","Paid","","2026-09-05T15:16:11.175Z"
"2116","EMP-FC3880","Pooja Pillai","Engineering","February 2026 Payroll","2026-01-31T18:30:00.000Z","2026-02-27T18:30:00.000Z","102960.00","6377.60","96582.40","Sent","Paid","","2026-09-05T15:16:11.175Z"
"2115","EMP-AC6A7A","Gaurav Bansal","Finance","January 2026 Payroll","2025-12-31T18:30:00.000Z","2026-01-30T18:30:00.000Z","93120.00","5787.20","87332.80","Sent","Paid","","2026-09-05T15:16:11.175Z"
"2114","EMP-A2FF2A","Rahul Reddy","Marketing & Sales","January 2026 Payroll","2025-12-31T18:30:00.000Z","2026-01-30T18:30:00.000Z","53760.00","3425.60","50334.40","Sent","Paid","","2026-09-05T15:16:11.175Z"
"2113","EMP-06D6D7","Krishna Trivedi","Marketing & Sales","January 2026 Payroll","2025-12-31T18:30:00.000Z","2026-01-30T18:30:00.000Z","65280.00","4116.80","61163.20","Sent","Paid","","2026-09-05T15:16:11.175Z"
"2112","EMP-A771AB","Krishna Pandey","Marketing & Sales","February 2026 Payroll","2026-01-31T18:30:00.000Z","2026-02-27T18:30:00.000Z","73840.00","4630.40","69209.60","Sent","Paid","","2026-09-05T15:16:11.175Z"
"2111","EMP-196CAC","Ayaan Rao","Engineering","April 2026 Payroll","2026-03-31T18:30:00.000Z","2026-04-29T18:30:00.000Z","62060.00","3923.60","58136.40","Sent","Paid","","2026-09-05T15:16:11.175Z"
"2110","EMP-C7FBCE","Shreya Trivedi","Engineering","March 2026 Payroll","2026-02-28T18:30:00.000Z","2026-03-30T18:30:00.000Z","72270.00","4536.20","67733.80","Sent","Paid","","2026-09-05T15:16:11.175Z"
"2109","EMP-190639","Meera Malhotra","Engineering","March 2026 Payroll","2026-02-28T18:30:00.000Z","2026-03-30T18:30:00.000Z","63360.00","4001.60","59358.40","Sent","Paid","","2026-09-05T15:16:11.175Z"
"2108","EMP-8F2F80","Aryan Pandey","Human Resources","April 2026 Payroll","2026-03-31T18:30:00.000Z","2026-04-29T18:30:00.000Z","64200.00","4052.00","60148.00","Sent","Paid","","2026-09-05T15:16:11.175Z"
"2107","EMP-A9E145","Neha Kapoor","Human Resources","April 2026 Payroll","2026-03-31T18:30:00.000Z","2026-04-29T18:30:00.000Z","84530.00","5271.80","79258.20","Sent","Paid","","2026-09-05T15:16:11.175Z"
"2106","EMP-A780D2","Priya Krishnan","Engineering","January 2026 Payroll","2025-12-31T18:30:00.000Z","2026-01-30T18:30:00.000Z","75840.00","4750.40","71089.60","Sent","Paid","","2026-09-05T15:16:11.175Z"
"2105","EMP-63B1D1","Riya Krishnan","Finance","February 2026 Payroll","2026-01-31T18:30:00.000Z","2026-02-27T18:30:00.000Z","83200.00","5192.00","78008.00","Sent","Paid","","2026-09-05T15:16:11.175Z"
"2104","EMP-1F9328","Tanvi Banerjee","Marketing & Sales","May 2026 Payroll","2026-04-30T18:30:00.000Z","2026-05-30T18:30:00.000Z","76500.00","4790.00","71710.00","Sent","Paid","","2026-09-05T15:16:11.175Z"
"2103","EMP-68D7E7","Meera Ghosh","Human Resources","July 2026 Payroll","2026-06-30T18:30:00.000Z","2026-07-30T18:30:00.000Z","96120.00","5967.20","90152.80","Sent","Paid","","2026-09-05T15:16:11.175Z"
"2102","EMP-363EFE","Nisha Kapoor","Human Resources","June 2026 Payroll","2026-05-31T18:30:00.000Z","2026-06-29T18:30:00.000Z","61100.00","3866.00","57234.00","Sent","Paid","","2026-09-05T15:16:11.175Z"
"2101","EMP-E331CE","Kavya Gupta","Marketing & Sales","January 2026 Payroll","2025-12-31T18:30:00.000Z","2026-01-30T18:30:00.000Z","60480.00","3828.80","56651.20","Sent","Paid","","2026-09-05T15:16:11.175Z"
"2100","EMP-010161","Isha Krishnan","Finance","July 2026 Payroll","2026-06-30T18:30:00.000Z","2026-07-30T18:30:00.000Z","98280.00","6096.80","92183.20","Sent","Paid","","2026-09-05T15:16:11.175Z"
"2099","EMP-FB4A53","Pooja Bansal","Finance","May 2026 Payroll","2026-04-30T18:30:00.000Z","2026-05-30T18:30:00.000Z","59160.00","3749.60","55410.40","Sent","Paid","","2026-09-05T15:16:11.175Z"
"2098","EMP-D60A23","Gaurav Kulkarni","Engineering","April 2026 Payroll","2026-03-31T18:30:00.000Z","2026-04-29T18:30:00.000Z","88810.00","5528.60","83281.40","Sent","Paid","","2026-09-05T15:16:11.175Z"
"2097","EMP-EA22B8","Amit Bhatt","Marketing & Sales","May 2026 Payroll","2026-04-30T18:30:00.000Z","2026-05-30T18:30:00.000Z","58140.00","3688.40","54451.60","Sent","Paid","","2026-09-05T15:16:11.175Z"
"2096","EMP-884FC9","Reyansh Chopra","Engineering","July 2026 Payroll","2026-06-30T18:30:00.000Z","2026-07-30T18:30:00.000Z","103680.00","6420.80","97259.20","Sent","Paid","","2026-09-05T15:16:11.175Z"
"2095","EMP-728205","Neha Desai","Finance","June 2026 Payroll","2026-05-31T18:30:00.000Z","2026-06-29T18:30:00.000Z","70500.00","4430.00","66070.00","Sent","Paid","","2026-09-05T15:16:11.175Z"
"2094","EMP-304B6F","Ishaan Iyer","Marketing & Sales","June 2026 Payroll","2026-05-31T18:30:00.000Z","2026-06-29T18:30:00.000Z","82720.00","5163.20","77556.80","Sent","Paid","","2026-09-05T15:16:11.175Z"
"2093","EMP-373BCD","Vivaan Ghosh","Marketing & Sales","April 2026 Payroll","2026-03-31T18:30:00.000Z","2026-04-29T18:30:00.000Z","86670.00","5400.20","81269.80","Sent","Paid","","2026-09-05T15:16:11.175Z"
"2092","EMP-C362EF","Nikhil Pandey","Engineering","April 2026 Payroll","2026-03-31T18:30:00.000Z","2026-04-29T18:30:00.000Z","90950.00","5657.00","85293.00","Sent","Paid","","2026-09-05T15:16:11.175Z"
"2091","EMP-9753BA","Aditya Pandey","Finance","July 2026 Payroll","2026-06-30T18:30:00.000Z","2026-07-30T18:30:00.000Z","74520.00","4671.20","69848.80","Sent","Paid","","2026-09-05T15:16:11.175Z"
"2090","EMP-6DC9C3","Divya Sengupta","Marketing & Sales","May 2026 Payroll","2026-04-30T18:30:00.000Z","2026-05-30T18:30:00.000Z","88740.00","5524.40","83215.60","Sent","Paid","","2026-09-05T15:16:11.175Z"
"2089","EMP-31A68C","Krishna Chatterjee","Finance","March 2026 Payroll","2026-02-28T18:30:00.000Z","2026-03-30T18:30:00.000Z","98010.00","6080.60","91929.40","Sent","Paid","","2026-09-05T15:16:11.175Z"
"2088","EMP-821759","Kavya Bansal","Marketing & Sales","June 2026 Payroll","2026-05-31T18:30:00.000Z","2026-06-29T18:30:00.000Z","62040.00","3922.40","58117.60","Sent","Paid","","2026-09-05T15:16:11.175Z"
"2087","EMP-A79F59","Kavya Reddy","Human Resources","July 2026 Payroll","2026-06-30T18:30:00.000Z","2026-07-30T18:30:00.000Z","86400.00","5384.00","81016.00","Sent","Paid","","2026-09-05T15:16:11.175Z"
"2086","EMP-465F89","Siddharth Rathore","Finance","January 2026 Payroll","2025-12-31T18:30:00.000Z","2026-01-30T18:30:00.000Z","83520.00","5211.20","78308.80","Sent","Paid","","2026-09-05T15:16:11.175Z"
"2085","EMP-B321B8","Ayaan Verma","Marketing & Sales","March 2026 Payroll","2026-02-28T18:30:00.000Z","2026-03-30T18:30:00.000Z","54450.00","3467.00","50983.00","Sent","Paid","","2026-09-05T15:16:11.175Z"
"2084","EMP-62BEDE","Meera Banerjee","Marketing & Sales","June 2026 Payroll","2026-05-31T18:30:00.000Z","2026-06-29T18:30:00.000Z","62040.00","3922.40","58117.60","Sent","Paid","","2026-09-05T15:16:11.175Z"
"2083","EMP-03D313","Vivaan Chopra","Finance","April 2026 Payroll","2026-03-31T18:30:00.000Z","2026-04-29T18:30:00.000Z","77040.00","4822.40","72217.60","Sent","Paid","","2026-09-05T15:16:11.175Z"
"2082","EMP-2BB817","Riya Pandey","Finance","January 2026 Payroll","2025-12-31T18:30:00.000Z","2026-01-30T18:30:00.000Z","74880.00","4692.80","70187.20","Sent","Paid","","2026-09-05T15:16:11.175Z"
"2081","EMP-B87E01","Shreya Mehta","Marketing & Sales","January 2026 Payroll","2025-12-31T18:30:00.000Z","2026-01-30T18:30:00.000Z","59520.00","3771.20","55748.80","Sent","Paid","","2026-09-05T15:16:11.175Z"
"2080","EMP-C405C7","Arjun Sengupta","Marketing & Sales","February 2026 Payroll","2026-01-31T18:30:00.000Z","2026-02-27T18:30:00.000Z","57200.00","3632.00","53568.00","Sent","Paid","","2026-09-05T15:16:11.175Z"
"2079","EMP-C077C9","Aarav Bhatia","Marketing & Sales","May 2026 Payroll","2026-04-30T18:30:00.000Z","2026-05-30T18:30:00.000Z","92820.00","5769.20","87050.80","Sent","Paid","","2026-09-05T15:16:11.175Z"
"2078","EMP-ED4A92","Karan Das","Engineering","April 2026 Payroll","2026-03-31T18:30:00.000Z","2026-04-29T18:30:00.000Z","62060.00","3923.60","58136.40","Sent","Paid","","2026-09-05T15:16:11.175Z"
"2077","EMP-FED9BF","Ayaan Das","Marketing & Sales","January 2026 Payroll","2025-12-31T18:30:00.000Z","2026-01-30T18:30:00.000Z","67200.00","4232.00","62968.00","Sent","Paid","","2026-09-05T15:16:11.175Z"
"2076","EMP-3868B5","Sneha Kaur","Marketing & Sales","January 2026 Payroll","2025-12-31T18:30:00.000Z","2026-01-30T18:30:00.000Z","78720.00","4923.20","73796.80","Sent","Paid","","2026-09-05T15:16:11.175Z"
"2075","EMP-DE1D39","Siddharth Bose","Human Resources","April 2026 Payroll","2026-03-31T18:30:00.000Z","2026-04-29T18:30:00.000Z","92020.00","5721.20","86298.80","Sent","Paid","","2026-09-05T15:16:11.175Z"
"2074","EMP-1F7DE5","Amit Bose","Marketing & Sales","April 2026 Payroll","2026-03-31T18:30:00.000Z","2026-04-29T18:30:00.000Z","67410.00","4244.60","63165.40","Sent","Paid","","2026-09-05T15:16:11.175Z"
"2073","EMP-16F1F2","Vihaan Chatterjee","Finance","March 2026 Payroll","2026-02-28T18:30:00.000Z","2026-03-30T18:30:00.000Z","69300.00","4358.00","64942.00","Sent","Paid","","2026-09-05T15:16:11.175Z"
"2072","EMP-7F2E45","Riya Bose","Engineering","March 2026 Payroll","2026-02-28T18:30:00.000Z","2026-03-30T18:30:00.000Z","96030.00","5961.80","90068.20","Sent","Paid","","2026-09-05T15:16:11.175Z"
"2071","EMP-7A2A04","Karan Menon","Engineering","January 2026 Payroll","2025-12-31T18:30:00.000Z","2026-01-30T18:30:00.000Z","91200.00","5672.00","85528.00","Sent","Paid","","2026-09-05T15:16:11.175Z"
"2070","EMP-23D32C","Sanjay Yadav","Human Resources","July 2026 Payroll","2026-06-30T18:30:00.000Z","2026-07-30T18:30:00.000Z","66960.00","4217.60","62742.40","Sent","Paid","","2026-09-05T15:16:11.175Z"
"2069","EMP-FCCC73","Kabir Pandey","Marketing & Sales","May 2026 Payroll","2026-04-30T18:30:00.000Z","2026-05-30T18:30:00.000Z","80580.00","5034.80","75545.20","Sent","Paid","","2026-09-05T15:16:11.175Z"
"2068","EMP-754829","Pooja Chatterjee","Finance","January 2026 Payroll","2025-12-31T18:30:00.000Z","2026-01-30T18:30:00.000Z","60480.00","3828.80","56651.20","Sent","Paid","","2026-09-05T15:16:11.175Z"
"2067","EMP-F00A1D","Kabir Desai","Marketing & Sales","February 2026 Payroll","2026-01-31T18:30:00.000Z","2026-02-27T18:30:00.000Z","96720.00","6003.20","90716.80","Sent","Paid","","2026-09-05T15:16:11.175Z"
"2066","EMP-007415","Siddharth Banerjee","Engineering","April 2026 Payroll","2026-03-31T18:30:00.000Z","2026-04-29T18:30:00.000Z","97370.00","6042.20","91327.80","Sent","Paid","","2026-09-05T15:16:11.175Z"
"2065","EMP-9F4A66","Nisha Chopra","Engineering","June 2026 Payroll","2026-05-31T18:30:00.000Z","2026-06-29T18:30:00.000Z","80840.00","5050.40","75789.60","Sent","Paid","","2026-09-05T15:16:11.175Z"
"2064","EMP-5CD515","Aryan Desai","Marketing & Sales","June 2026 Payroll","2026-05-31T18:30:00.000Z","2026-06-29T18:30:00.000Z","87420.00","5445.20","81974.80","Sent","Paid","","2026-09-05T15:16:11.175Z"
"2063","EMP-46A33D","Tanvi Pandey","Marketing & Sales","January 2026 Payroll","2025-12-31T18:30:00.000Z","2026-01-30T18:30:00.000Z","87360.00","5441.60","81918.40","Sent","Paid","","2026-09-05T15:16:11.175Z"
"2062","EMP-BA3D04","Nisha Reddy","Human Resources","July 2026 Payroll","2026-06-30T18:30:00.000Z","2026-07-30T18:30:00.000Z","78840.00","4930.40","73909.60","Sent","Paid","","2026-09-05T15:16:11.175Z"
"2061","EMP-40ADF9","Ananya Shah","Marketing & Sales","June 2026 Payroll","2026-05-31T18:30:00.000Z","2026-06-29T18:30:00.000Z","91180.00","5670.80","85509.20","Sent","Paid","","2026-09-05T15:16:11.175Z"
"2060","EMP-B16B1C","Divya Kumar","Engineering","April 2026 Payroll","2026-03-31T18:30:00.000Z","2026-04-29T18:30:00.000Z","62060.00","3923.60","58136.40","Sent","Paid","","2026-09-05T15:16:11.175Z"
"2059","EMP-1358A4","Sneha Yadav","Engineering","January 2026 Payroll","2025-12-31T18:30:00.000Z","2026-01-30T18:30:00.000Z","78720.00","4923.20","73796.80","Sent","Paid","","2026-09-05T15:16:11.175Z"
"2058","EMP-C6D3B0","Arjun Iyer","Marketing & Sales","February 2026 Payroll","2026-01-31T18:30:00.000Z","2026-02-27T18:30:00.000Z","66560.00","4193.60","62366.40","Sent","Paid","","2026-09-05T15:16:11.175Z"
"2057","EMP-28C386","Krishna Menon","Marketing & Sales","June 2026 Payroll","2026-05-31T18:30:00.000Z","2026-06-29T18:30:00.000Z","70500.00","4430.00","66070.00","Sent","Paid","","2026-09-05T15:16:11.175Z"
"2056","EMP-3AC409","Tanvi Sharma","Engineering","March 2026 Payroll","2026-02-28T18:30:00.000Z","2026-03-30T18:30:00.000Z","68310.00","4298.60","64011.40","Sent","Paid","","2026-09-05T15:16:11.175Z"
"2055","EMP-14F1B9","Neha Verma","Marketing & Sales","February 2026 Payroll","2026-01-31T18:30:00.000Z","2026-02-27T18:30:00.000Z","74880.00","4692.80","70187.20","Sent","Paid","","2026-09-05T15:16:11.175Z"
"2054","EMP-4F5C3F","Vihaan Chauhan","Engineering","June 2026 Payroll","2026-05-31T18:30:00.000Z","2026-06-29T18:30:00.000Z","83660.00","5219.60","78440.40","Sent","Paid","","2026-09-05T15:16:11.175Z"
"2053","EMP-E5316F","Meera Joshi","Finance","March 2026 Payroll","2026-02-28T18:30:00.000Z","2026-03-30T18:30:00.000Z","71280.00","4476.80","66803.20","Sent","Paid","","2026-09-05T15:16:11.175Z"
"2052","EMP-7FD731","Deepak Ghosh","Engineering","February 2026 Payroll","2026-01-31T18:30:00.000Z","2026-02-27T18:30:00.000Z","59280.00","3756.80","55523.20","Sent","Paid","","2026-09-05T15:16:11.175Z"
"2051","EMP-83C86A","Riya Menon","Human Resources","January 2026 Payroll","2025-12-31T18:30:00.000Z","2026-01-30T18:30:00.000Z","74880.00","4692.80","70187.20","Sent","Paid","","2026-09-05T15:16:11.175Z"
"2050","EMP-EBBBB3","Siddharth Joshi","Human Resources","March 2026 Payroll","2026-02-28T18:30:00.000Z","2026-03-30T18:30:00.000Z","89100.00","5546.00","83554.00","Sent","Paid","","2026-09-05T15:16:11.175Z"
"2049","EMP-D8E3B9","Gaurav Rathore","Engineering","April 2026 Payroll","2026-03-31T18:30:00.000Z","2026-04-29T18:30:00.000Z","66340.00","4180.40","62159.60","Sent","Paid","","2026-09-05T15:16:11.175Z"
"2048","EMP-87001D","Anjali Krishnan","Marketing & Sales","January 2026 Payroll","2025-12-31T18:30:00.000Z","2026-01-30T18:30:00.000Z","84480.00","5268.80","79211.20","Sent","Paid","","2026-09-05T15:16:11.175Z"
"2047","EMP-0C09F1","Reyansh Sharma","Human Resources","January 2026 Payroll","2025-12-31T18:30:00.000Z","2026-01-30T18:30:00.000Z","75840.00","4750.40","71089.60","Sent","Paid","","2026-09-05T15:16:11.175Z"
"2046","EMP-5C5A2C","Sai Agarwal","Marketing & Sales","February 2026 Payroll","2026-01-31T18:30:00.000Z","2026-02-27T18:30:00.000Z","99840.00","6190.40","93649.60","Sent","Paid","","2026-09-05T15:16:11.175Z"
"2045","EMP-7E71AD","Krishna Nair","Finance","April 2026 Payroll","2026-03-31T18:30:00.000Z","2026-04-29T18:30:00.000Z","101650.00","6299.00","95351.00","Sent","Paid","","2026-09-05T15:16:11.175Z"
"2044","EMP-29137D","Nisha Saxena","Finance","June 2026 Payroll","2026-05-31T18:30:00.000Z","2026-06-29T18:30:00.000Z","66740.00","4204.40","62535.60","Sent","Paid","","2026-09-05T15:16:11.175Z"
"2043","EMP-185D9A","Manish Gupta","Finance","February 2026 Payroll","2026-01-31T18:30:00.000Z","2026-02-27T18:30:00.000Z","59280.00","3756.80","55523.20","Sent","Paid","","2026-09-05T15:16:11.175Z"
"2042","EMP-1F9328","Tanvi Banerjee","Marketing & Sales","July 2026 Payroll","2026-06-30T18:30:00.000Z","2026-07-30T18:30:00.000Z","81000.00","5060.00","75940.00","Sent","Paid","","2026-09-05T15:16:11.175Z"
"2041","EMP-5096E5","Ishaan Chopra","Marketing & Sales","April 2026 Payroll","2026-03-31T18:30:00.000Z","2026-04-29T18:30:00.000Z","65270.00","4116.20","61153.80","Sent","Paid","","2026-09-05T15:16:11.175Z"
"2040","EMP-43F6C1","Ishaan Malhotra","Human Resources","April 2026 Payroll","2026-03-31T18:30:00.000Z","2026-04-29T18:30:00.000Z","79180.00","4950.80","74229.20","Sent","Paid","","2026-09-05T15:16:11.175Z"
"2039","EMP-BD481C","Sanjay Rao","Human Resources","April 2026 Payroll","2026-03-31T18:30:00.000Z","2026-04-29T18:30:00.000Z","104860.00","6491.60","98368.40","Sent","Paid","","2026-09-05T15:16:11.175Z"
"2038","EMP-7EF0F0","Shreya Das","Engineering","March 2026 Payroll","2026-02-28T18:30:00.000Z","2026-03-30T18:30:00.000Z","59400.00","3764.00","55636.00","Sent","Paid","","2026-09-05T15:16:11.175Z"
"2037","EMP-3CA43C","Deepak Das","Marketing & Sales","June 2026 Payroll","2026-05-31T18:30:00.000Z","2026-06-29T18:30:00.000Z","59220.00","3753.20","55466.80","Sent","Paid","","2026-09-05T15:16:11.175Z"
"2036","EMP-68D7E7","Meera Ghosh","Human Resources","May 2026 Payroll","2026-04-30T18:30:00.000Z","2026-05-30T18:30:00.000Z","90780.00","5646.80","85133.20","Sent","Paid","","2026-09-05T15:16:11.175Z"
"2035","EMP-884FC9","Reyansh Chopra","Engineering","May 2026 Payroll","2026-04-30T18:30:00.000Z","2026-05-30T18:30:00.000Z","97920.00","6075.20","91844.80","Sent","Paid","","2026-09-05T15:16:11.175Z"
"2034","EMP-FB4A53","Pooja Bansal","Finance","July 2026 Payroll","2026-06-30T18:30:00.000Z","2026-07-30T18:30:00.000Z","62640.00","3958.40","58681.60","Sent","Paid","","2026-09-05T15:16:11.175Z"
"2033","EMP-010161","Isha Krishnan","Finance","May 2026 Payroll","2026-04-30T18:30:00.000Z","2026-05-30T18:30:00.000Z","92820.00","5769.20","87050.80","Sent","Paid","","2026-09-05T15:16:11.175Z"
"2032","EMP-EA22B8","Amit Bhatt","Marketing & Sales","July 2026 Payroll","2026-06-30T18:30:00.000Z","2026-07-30T18:30:00.000Z","61560.00","3893.60","57666.40","Sent","Paid","","2026-09-05T15:16:11.175Z"
"2031","EMP-C12C94","Ananya Yadav","Engineering","June 2026 Payroll","2026-05-31T18:30:00.000Z","2026-06-29T18:30:00.000Z","82720.00","5163.20","77556.80","Sent","Paid","","2026-09-05T15:16:11.175Z"
"2030","EMP-DA36F1","Vihaan Desai","Finance","January 2026 Payroll","2025-12-31T18:30:00.000Z","2026-01-30T18:30:00.000Z","82560.00","5153.60","77406.40","Sent","Paid","","2026-09-05T15:16:11.175Z"
"2029","EMP-A79F59","Kavya Reddy","Human Resources","May 2026 Payroll","2026-04-30T18:30:00.000Z","2026-05-30T18:30:00.000Z","81600.00","5096.00","76504.00","Sent","Paid","","2026-09-05T15:16:11.175Z"
"2028","EMP-8FE05D","Vihaan Chauhan","Engineering","January 2026 Payroll","2025-12-31T18:30:00.000Z","2026-01-30T18:30:00.000Z","52800.00","3368.00","49432.00","Sent","Paid","","2026-09-05T15:16:11.175Z"
"2027","EMP-6DC9C3","Divya Sengupta","Marketing & Sales","July 2026 Payroll","2026-06-30T18:30:00.000Z","2026-07-30T18:30:00.000Z","93960.00","5837.60","88122.40","Sent","Paid","","2026-09-05T15:16:11.175Z"
"2026","EMP-9753BA","Aditya Pandey","Finance","May 2026 Payroll","2026-04-30T18:30:00.000Z","2026-05-30T18:30:00.000Z","70380.00","4422.80","65957.20","Sent","Paid","","2026-09-05T15:16:11.175Z"
"2025","EMP-85224C","Kavya Reddy","Marketing & Sales","March 2026 Payroll","2026-02-28T18:30:00.000Z","2026-03-30T18:30:00.000Z","72270.00","4536.20","67733.80","Sent","Paid","","2026-09-05T15:16:11.175Z"
"2024","EMP-20B9DC","Isha Kumar","Human Resources","March 2026 Payroll","2026-02-28T18:30:00.000Z","2026-03-30T18:30:00.000Z","85140.00","5308.40","79831.60","Sent","Paid","","2026-09-05T15:16:11.175Z"
"2023","EMP-3AC246","Deepak Rathore","Finance","February 2026 Payroll","2026-01-31T18:30:00.000Z","2026-02-27T18:30:00.000Z","83200.00","5192.00","78008.00","Sent","Paid","","2026-09-05T15:16:11.175Z"
"2022","EMP-C077C9","Aarav Bhatia","Marketing & Sales","July 2026 Payroll","2026-06-30T18:30:00.000Z","2026-07-30T18:30:00.000Z","98280.00","6096.80","92183.20","Sent","Paid","","2026-09-05T15:16:11.175Z"
"2021","EMP-CD10FE","Kavya Yadav","Finance","February 2026 Payroll","2026-01-31T18:30:00.000Z","2026-02-27T18:30:00.000Z","88400.00","5504.00","82896.00","Sent","Paid","","2026-09-05T15:16:11.175Z"
"2020","EMP-43F6C1","Ishaan Malhotra","Human Resources","June 2026 Payroll","2026-05-31T18:30:00.000Z","2026-06-29T18:30:00.000Z","69560.00","4373.60","65186.40","Sent","Paid","","2026-09-05T15:16:11.175Z"
"2019","EMP-BD481C","Sanjay Rao","Human Resources","June 2026 Payroll","2026-05-31T18:30:00.000Z","2026-06-29T18:30:00.000Z","92120.00","5727.20","86392.80","Sent","Paid","","2026-09-05T15:16:11.175Z"
"2018","EMP-3CA43C","Deepak Das","Marketing & Sales","April 2026 Payroll","2026-03-31T18:30:00.000Z","2026-04-29T18:30:00.000Z","67410.00","4244.60","63165.40","Sent","Paid","","2026-09-05T15:16:11.175Z"
"2017","EMP-2A9D2A","Nikhil Chatterjee","Human Resources","March 2026 Payroll","2026-02-28T18:30:00.000Z","2026-03-30T18:30:00.000Z","99000.00","6140.00","92860.00","Sent","Paid","","2026-09-05T15:16:11.175Z"
"2016","EMP-29137D","Nisha Saxena","Finance","April 2026 Payroll","2026-03-31T18:30:00.000Z","2026-04-29T18:30:00.000Z","75970.00","4758.20","71211.80","Sent","Paid","","2026-09-05T15:16:11.175Z"
"2015","EMP-5C5A2C","Sai Agarwal","Marketing & Sales","July 2026 Payroll","2026-06-30T18:30:00.000Z","2026-07-30T18:30:00.000Z","103680.00","6420.80","97259.20","Sent","Paid","","2026-09-05T15:16:11.175Z"
"2014","EMP-7E71AD","Krishna Nair","Finance","June 2026 Payroll","2026-05-31T18:30:00.000Z","2026-06-29T18:30:00.000Z","89300.00","5558.00","83742.00","Sent","Paid","","2026-09-05T15:16:11.175Z"
"2013","EMP-D37FDD","Nikhil Mishra","Engineering","March 2026 Payroll","2026-02-28T18:30:00.000Z","2026-03-30T18:30:00.000Z","60390.00","3823.40","56566.60","Sent","Paid","","2026-09-05T15:16:11.175Z"
"2012","EMP-5096E5","Ishaan Chopra","Marketing & Sales","June 2026 Payroll","2026-05-31T18:30:00.000Z","2026-06-29T18:30:00.000Z","57340.00","3640.40","53699.60","Sent","Paid","","2026-09-05T15:16:11.175Z"
"2011","EMP-63B1D1","Riya Krishnan","Finance","May 2026 Payroll","2026-04-30T18:30:00.000Z","2026-05-30T18:30:00.000Z","81600.00","5096.00","76504.00","Sent","Paid","","2026-09-05T15:16:11.175Z"
"2010","EMP-0ADF2E","Divya Bhatia","Human Resources","January 2026 Payroll","2025-12-31T18:30:00.000Z","2026-01-30T18:30:00.000Z","95040.00","5902.40","89137.60","Sent","Paid","","2026-09-05T15:16:11.175Z"
"2009","EMP-1F9328","Tanvi Banerjee","Marketing & Sales","February 2026 Payroll","2026-01-31T18:30:00.000Z","2026-02-27T18:30:00.000Z","78000.00","4880.00","73120.00","Sent","Paid","","2026-09-05T15:16:11.175Z"
"2008","EMP-185D9A","Manish Gupta","Finance","July 2026 Payroll","2026-06-30T18:30:00.000Z","2026-07-30T18:30:00.000Z","61560.00","3893.60","57666.40","Sent","Paid","","2026-09-05T15:16:11.175Z"
"2007","EMP-75C6ED","Tanvi Sengupta","Engineering","January 2026 Payroll","2025-12-31T18:30:00.000Z","2026-01-30T18:30:00.000Z","72960.00","4577.60","68382.40","Sent","Paid","","2026-09-05T15:16:11.175Z"
"2006","EMP-C405C7","Arjun Sengupta","Marketing & Sales","May 2026 Payroll","2026-04-30T18:30:00.000Z","2026-05-30T18:30:00.000Z","56100.00","3566.00","52534.00","Sent","Paid","","2026-09-05T15:16:11.175Z"
"2005","EMP-219061","Anjali Yadav","Marketing & Sales","January 2026 Payroll","2025-12-31T18:30:00.000Z","2026-01-30T18:30:00.000Z","80640.00","5038.40","75601.60","Sent","Paid","","2026-09-05T15:16:11.175Z"
"2004","EMP-CD10FE","Kavya Yadav","Finance","July 2026 Payroll","2026-06-30T18:30:00.000Z","2026-07-30T18:30:00.000Z","91800.00","5708.00","86092.00","Sent","Paid","","2026-09-05T15:16:11.175Z"
"2003","EMP-299D2B","Krishna Deshmukh","Finance","January 2026 Payroll","2025-12-31T18:30:00.000Z","2026-01-30T18:30:00.000Z","61440.00","3886.40","57553.60","Sent","Paid","","2026-09-05T15:16:11.175Z"
"2002","EMP-C077C9","Aarav Bhatia","Marketing & Sales","February 2026 Payroll","2026-01-31T18:30:00.000Z","2026-02-27T18:30:00.000Z","94640.00","5878.40","88761.60","Sent","Paid","","2026-09-05T15:16:11.175Z"
"2001","EMP-3AC246","Deepak Rathore","Finance","July 2026 Payroll","2026-06-30T18:30:00.000Z","2026-07-30T18:30:00.000Z","86400.00","5384.00","81016.00","Sent","Paid","","2026-09-05T15:16:11.175Z"
"2000","EMP-782D89","Arjun Deshmukh","Engineering","March 2026 Payroll","2026-02-28T18:30:00.000Z","2026-03-30T18:30:00.000Z","95040.00","5902.40","89137.60","Sent","Paid","","2026-09-05T15:16:11.175Z"
"1999","EMP-AFEE5B","Nisha Chatterjee","Finance","March 2026 Payroll","2026-02-28T18:30:00.000Z","2026-03-30T18:30:00.000Z","82170.00","5130.20","77039.80","Sent","Paid","","2026-09-05T15:16:11.175Z"
"1998","EMP-EA22B8","Amit Bhatt","Marketing & Sales","February 2026 Payroll","2026-01-31T18:30:00.000Z","2026-02-27T18:30:00.000Z","59280.00","3756.80","55523.20","Sent","Paid","","2026-09-05T15:16:11.175Z"
"1997","EMP-FB4A53","Pooja Bansal","Finance","February 2026 Payroll","2026-01-31T18:30:00.000Z","2026-02-27T18:30:00.000Z","60320.00","3819.20","56500.80","Sent","Paid","","2026-09-05T15:16:11.175Z"
"1996","EMP-6DC9C3","Divya Sengupta","Marketing & Sales","February 2026 Payroll","2026-01-31T18:30:00.000Z","2026-02-27T18:30:00.000Z","90480.00","5628.80","84851.20","Sent","Paid","","2026-09-05T15:16:11.175Z"
"1995","EMP-C12C94","Ananya Yadav","Engineering","April 2026 Payroll","2026-03-31T18:30:00.000Z","2026-04-29T18:30:00.000Z","94160.00","5849.60","88310.40","Sent","Paid","","2026-09-05T15:16:11.175Z"
"1994","EMP-43E7D8","Nisha Shah","Human Resources","January 2026 Payroll","2025-12-31T18:30:00.000Z","2026-01-30T18:30:00.000Z","57600.00","3656.00","53944.00","Sent","Paid","","2026-09-05T15:16:11.175Z"
"1993","EMP-B55DE9","Naveen Trivedi","Engineering","January 2026 Payroll","2025-12-31T18:30:00.000Z","2026-01-30T18:30:00.000Z","93120.00","5787.20","87332.80","Sent","Paid","","2026-09-05T15:16:11.175Z"
"1992","EMP-007415","Siddharth Banerjee","Engineering","June 2026 Payroll","2026-05-31T18:30:00.000Z","2026-06-29T18:30:00.000Z","85540.00","5332.40","80207.60","Sent","Paid","","2026-09-05T15:16:11.175Z"
"1991","EMP-288B30","Divya Rao","Human Resources","January 2026 Payroll","2025-12-31T18:30:00.000Z","2026-01-30T18:30:00.000Z","57600.00","3656.00","53944.00","Sent","Paid","","2026-09-05T15:16:11.175Z"
"1990","EMP-BA3D04","Nisha Reddy","Human Resources","February 2026 Payroll","2026-01-31T18:30:00.000Z","2026-02-27T18:30:00.000Z","75920.00","4755.20","71164.80","Sent","Paid","","2026-09-05T15:16:11.175Z"
"1989","EMP-9F4A66","Nisha Chopra","Engineering","April 2026 Payroll","2026-03-31T18:30:00.000Z","2026-04-29T18:30:00.000Z","92020.00","5721.20","86298.80","Sent","Paid","","2026-09-05T15:16:11.175Z"
"1988","EMP-5CD515","Aryan Desai","Marketing & Sales","April 2026 Payroll","2026-03-31T18:30:00.000Z","2026-04-29T18:30:00.000Z","99510.00","6170.60","93339.40","Sent","Paid","","2026-09-05T15:16:11.175Z"
"1987","EMP-B11947","Reyansh Deshmukh","Marketing & Sales","March 2026 Payroll","2026-02-28T18:30:00.000Z","2026-03-30T18:30:00.000Z","58410.00","3704.60","54705.40","Sent","Paid","","2026-09-05T15:16:11.175Z"
"1986","EMP-C75932","Ananya Iyer","Engineering","March 2026 Payroll","2026-02-28T18:30:00.000Z","2026-03-30T18:30:00.000Z","83160.00","5189.60","77970.40","Sent","Paid","","2026-09-05T15:16:11.175Z"
"1985","EMP-F00A1D","Kabir Desai","Marketing & Sales","July 2026 Payroll","2026-06-30T18:30:00.000Z","2026-07-30T18:30:00.000Z","100440.00","6226.40","94213.60","Sent","Paid","","2026-09-05T15:16:11.175Z"
"1984","EMP-23D32C","Sanjay Yadav","Human Resources","February 2026 Payroll","2026-01-31T18:30:00.000Z","2026-02-27T18:30:00.000Z","64480.00","4068.80","60411.20","Sent","Paid","","2026-09-05T15:16:11.175Z"
"1983","EMP-A771AB","Krishna Pandey","Marketing & Sales","May 2026 Payroll","2026-04-30T18:30:00.000Z","2026-05-30T18:30:00.000Z","72420.00","4545.20","67874.80","Sent","Paid","","2026-09-05T15:16:11.175Z"
"1982","EMP-554886","Arjun Banerjee","Engineering","March 2026 Payroll","2026-02-28T18:30:00.000Z","2026-03-30T18:30:00.000Z","99000.00","6140.00","92860.00","Sent","Paid","","2026-09-05T15:16:11.175Z"
"1981","EMP-F7D61A","Vivaan Bansal","Human Resources","January 2026 Payroll","2025-12-31T18:30:00.000Z","2026-01-30T18:30:00.000Z","69120.00","4347.20","64772.80","Sent","Paid","","2026-09-05T15:16:11.175Z"
"1980","EMP-12A7C2","Siddharth Kaur","Finance","January 2026 Payroll","2025-12-31T18:30:00.000Z","2026-01-30T18:30:00.000Z","56640.00","3598.40","53041.60","Sent","Paid","","2026-09-05T15:16:11.175Z"
"1979","EMP-BEE951","Amit Kulkarni","Finance","March 2026 Payroll","2026-02-28T18:30:00.000Z","2026-03-30T18:30:00.000Z","89100.00","5546.00","83554.00","Sent","Paid","","2026-09-05T15:16:11.175Z"
"1978","EMP-D8E3B9","Gaurav Rathore","Engineering","June 2026 Payroll","2026-05-31T18:30:00.000Z","2026-06-29T18:30:00.000Z","58280.00","3696.80","54583.20","Sent","Paid","","2026-09-05T15:16:11.175Z"
"1977","EMP-14F1B9","Neha Verma","Marketing & Sales","July 2026 Payroll","2026-06-30T18:30:00.000Z","2026-07-30T18:30:00.000Z","77760.00","4865.60","72894.40","Sent","Paid","","2026-09-05T15:16:11.175Z"
"1976","EMP-5AD2CA","Simran Chatterjee","Engineering","January 2026 Payroll","2025-12-31T18:30:00.000Z","2026-01-30T18:30:00.000Z","54720.00","3483.20","51236.80","Sent","Paid","","2026-09-05T15:16:11.175Z"
"1975","EMP-B16B1C","Divya Kumar","Engineering","June 2026 Payroll","2026-05-31T18:30:00.000Z","2026-06-29T18:30:00.000Z","54520.00","3471.20","51048.80","Sent","Paid","","2026-09-05T15:16:11.175Z"
"1974","EMP-40ADF9","Ananya Shah","Marketing & Sales","April 2026 Payroll","2026-03-31T18:30:00.000Z","2026-04-29T18:30:00.000Z","103790.00","6427.40","97362.60","Sent","Paid","","2026-09-05T15:16:11.175Z"
"1973","EMP-FC3880","Pooja Pillai","Engineering","May 2026 Payroll","2026-04-30T18:30:00.000Z","2026-05-30T18:30:00.000Z","100980.00","6258.80","94721.20","Sent","Paid","","2026-09-05T15:16:11.175Z"
"1972","EMP-C6D3B0","Arjun Iyer","Marketing & Sales","July 2026 Payroll","2026-06-30T18:30:00.000Z","2026-07-30T18:30:00.000Z","69120.00","4347.20","64772.80","Sent","Paid","","2026-09-05T15:16:11.175Z"
"1971","EMP-28C386","Krishna Menon","Marketing & Sales","April 2026 Payroll","2026-03-31T18:30:00.000Z","2026-04-29T18:30:00.000Z","80250.00","5015.00","75235.00","Sent","Paid","","2026-09-05T15:16:11.175Z"
"1970","EMP-7FD731","Deepak Ghosh","Engineering","July 2026 Payroll","2026-06-30T18:30:00.000Z","2026-07-30T18:30:00.000Z","61560.00","3893.60","57666.40","Sent","Paid","","2026-09-05T15:16:11.175Z"
"1969","EMP-4CC9C8","Amit Chatterjee","Engineering","March 2026 Payroll","2026-02-28T18:30:00.000Z","2026-03-30T18:30:00.000Z","75240.00","4714.40","70525.60","Sent","Paid","","2026-09-05T15:16:11.175Z"
"1968","EMP-4F5C3F","Vihaan Chauhan","Engineering","April 2026 Payroll","2026-03-31T18:30:00.000Z","2026-04-29T18:30:00.000Z","95230.00","5913.80","89316.20","Sent","Paid","","2026-09-05T15:16:11.175Z"
"1967","EMP-36ACC3","Varun Das","Marketing & Sales","March 2026 Payroll","2026-02-28T18:30:00.000Z","2026-03-30T18:30:00.000Z","76230.00","4773.80","71456.20","Sent","Paid","","2026-09-05T15:16:11.175Z"
"1966","EMP-3E483C","Divya Shah","Marketing & Sales","January 2026 Payroll","2025-12-31T18:30:00.000Z","2026-01-30T18:30:00.000Z","63360.00","4001.60","59358.40","Sent","Paid","","2026-09-05T15:16:11.175Z"
"1965","EMP-363EFE","Nisha Kapoor","Human Resources","April 2026 Payroll","2026-03-31T18:30:00.000Z","2026-04-29T18:30:00.000Z","69550.00","4373.00","65177.00","Sent","Paid","","2026-09-05T15:16:11.175Z"
"1964","EMP-68D7E7","Meera Ghosh","Human Resources","February 2026 Payroll","2026-01-31T18:30:00.000Z","2026-02-27T18:30:00.000Z","92560.00","5753.60","86806.40","Sent","Paid","","2026-09-05T15:16:11.175Z"
"1963","EMP-5C5A2C","Sai Agarwal","Marketing & Sales","May 2026 Payroll","2026-04-30T18:30:00.000Z","2026-05-30T18:30:00.000Z","97920.00","6075.20","91844.80","Sent","Paid","","2026-09-05T15:16:11.175Z"
"1962","EMP-8F2F80","Aryan Pandey","Human Resources","June 2026 Payroll","2026-05-31T18:30:00.000Z","2026-06-29T18:30:00.000Z","56400.00","3584.00","52816.00","Sent","Paid","","2026-09-05T15:16:11.175Z"
"1961","EMP-8D4B72","Aditya Shah","Marketing & Sales","March 2026 Payroll","2026-02-28T18:30:00.000Z","2026-03-30T18:30:00.000Z","77220.00","4833.20","72386.80","Sent","Paid","","2026-09-05T15:16:11.175Z"
"1960","EMP-A9E145","Neha Kapoor","Human Resources","June 2026 Payroll","2026-05-31T18:30:00.000Z","2026-06-29T18:30:00.000Z","74260.00","4655.60","69604.40","Sent","Paid","","2026-09-05T15:16:11.175Z"
"1959","EMP-185D9A","Manish Gupta","Finance","May 2026 Payroll","2026-04-30T18:30:00.000Z","2026-05-30T18:30:00.000Z","58140.00","3688.40","54451.60","Sent","Paid","","2026-09-05T15:16:11.175Z"
"1958","EMP-18B74E","Isha Sharma","Engineering","March 2026 Payroll","2026-02-28T18:30:00.000Z","2026-03-30T18:30:00.000Z","73260.00","4595.60","68664.40","Sent","Paid","","2026-09-05T15:16:11.175Z"
"1957","EMP-33CA16","Rahul Sengupta","Human Resources","January 2026 Payroll","2025-12-31T18:30:00.000Z","2026-01-30T18:30:00.000Z","77760.00","4865.60","72894.40","Sent","Paid","","2026-09-05T15:16:11.175Z"
"1956","EMP-63B1D1","Riya Krishnan","Finance","July 2026 Payroll","2026-06-30T18:30:00.000Z","2026-07-30T18:30:00.000Z","86400.00","5384.00","81016.00","Sent","Paid","","2026-09-05T15:16:11.175Z"
"1955","EMP-C405C7","Arjun Sengupta","Marketing & Sales","July 2026 Payroll","2026-06-30T18:30:00.000Z","2026-07-30T18:30:00.000Z","59400.00","3764.00","55636.00","Sent","Paid","","2026-09-05T15:16:11.175Z"
"1954","EMP-03D313","Vivaan Chopra","Finance","June 2026 Payroll","2026-05-31T18:30:00.000Z","2026-06-29T18:30:00.000Z","67680.00","4260.80","63419.20","Sent","Paid","","2026-09-05T15:16:11.175Z"
"1953","EMP-62BEDE","Meera Banerjee","Marketing & Sales","April 2026 Payroll","2026-03-31T18:30:00.000Z","2026-04-29T18:30:00.000Z","70620.00","4437.20","66182.80","Sent","Paid","","2026-09-05T15:16:11.175Z"
"1952","EMP-6F7C5C","Aditya Ghosh","Human Resources","March 2026 Payroll","2026-02-28T18:30:00.000Z","2026-03-30T18:30:00.000Z","66330.00","4179.80","62150.20","Sent","Paid","","2026-09-05T15:16:11.175Z"
"1951","EMP-3AC246","Deepak Rathore","Finance","May 2026 Payroll","2026-04-30T18:30:00.000Z","2026-05-30T18:30:00.000Z","81600.00","5096.00","76504.00","Sent","Paid","","2026-09-05T15:16:11.175Z"
"1950","EMP-ED4A92","Karan Das","Engineering","June 2026 Payroll","2026-05-31T18:30:00.000Z","2026-06-29T18:30:00.000Z","54520.00","3471.20","51048.80","Sent","Paid","","2026-09-05T15:16:11.175Z"
"1949","EMP-DE1D39","Siddharth Bose","Human Resources","June 2026 Payroll","2026-05-31T18:30:00.000Z","2026-06-29T18:30:00.000Z","80840.00","5050.40","75789.60","Sent","Paid","","2026-09-05T15:16:11.175Z"
"1948","EMP-1F7DE5","Amit Bose","Marketing & Sales","June 2026 Payroll","2026-05-31T18:30:00.000Z","2026-06-29T18:30:00.000Z","59220.00","3753.20","55466.80","Sent","Paid","","2026-09-05T15:16:11.175Z"
"1947","EMP-F998DD","Nisha Tiwari","Human Resources","January 2026 Payroll","2025-12-31T18:30:00.000Z","2026-01-30T18:30:00.000Z","95040.00","5902.40","89137.60","Sent","Paid","","2026-09-05T15:16:11.175Z"
"1946","EMP-CD10FE","Kavya Yadav","Finance","May 2026 Payroll","2026-04-30T18:30:00.000Z","2026-05-30T18:30:00.000Z","86700.00","5402.00","81298.00","Sent","Paid","","2026-09-05T15:16:11.175Z"
"1945","EMP-D60A23","Gaurav Kulkarni","Engineering","June 2026 Payroll","2026-05-31T18:30:00.000Z","2026-06-29T18:30:00.000Z","78020.00","4881.20","73138.80","Sent","Paid","","2026-09-05T15:16:11.175Z"
"1944","EMP-373BCD","Vivaan Ghosh","Marketing & Sales","June 2026 Payroll","2026-05-31T18:30:00.000Z","2026-06-29T18:30:00.000Z","76140.00","4768.40","71371.60","Sent","Paid","","2026-09-05T15:16:11.175Z"
"1943","EMP-C362EF","Nikhil Pandey","Engineering","June 2026 Payroll","2026-05-31T18:30:00.000Z","2026-06-29T18:30:00.000Z","79900.00","4994.00","74906.00","Sent","Paid","","2026-09-05T15:16:11.175Z"
"1942","EMP-728205","Neha Desai","Finance","April 2026 Payroll","2026-03-31T18:30:00.000Z","2026-04-29T18:30:00.000Z","80250.00","5015.00","75235.00","Sent","Paid","","2026-09-05T15:16:11.175Z"
"1941","EMP-304B6F","Ishaan Iyer","Marketing & Sales","April 2026 Payroll","2026-03-31T18:30:00.000Z","2026-04-29T18:30:00.000Z","94160.00","5849.60","88310.40","Sent","Paid","","2026-09-05T15:16:11.175Z"
"1940","EMP-884FC9","Reyansh Chopra","Engineering","February 2026 Payroll","2026-01-31T18:30:00.000Z","2026-02-27T18:30:00.000Z","99840.00","6190.40","93649.60","Sent","Paid","","2026-09-05T15:16:11.175Z"
"1939","EMP-010161","Isha Krishnan","Finance","February 2026 Payroll","2026-01-31T18:30:00.000Z","2026-02-27T18:30:00.000Z","94640.00","5878.40","88761.60","Sent","Paid","","2026-09-05T15:16:11.175Z"
"1938","EMP-821759","Kavya Bansal","Marketing & Sales","April 2026 Payroll","2026-03-31T18:30:00.000Z","2026-04-29T18:30:00.000Z","70620.00","4437.20","66182.80","Sent","Paid","","2026-09-05T15:16:11.175Z"
"1937","EMP-A79F59","Kavya Reddy","Human Resources","February 2026 Payroll","2026-01-31T18:30:00.000Z","2026-02-27T18:30:00.000Z","83200.00","5192.00","78008.00","Sent","Paid","","2026-09-05T15:16:11.175Z"
"1936","EMP-9753BA","Aditya Pandey","Finance","February 2026 Payroll","2026-01-31T18:30:00.000Z","2026-02-27T18:30:00.000Z","71760.00","4505.60","67254.40","Sent","Paid","","2026-09-05T15:16:11.175Z"
"1935","EMP-32F7E7","Gaurav Pandey","Human Resources","April 2026 Payroll","2026-03-31T18:30:00.000Z","2026-04-29T18:30:00.000Z","104860.00","6491.60","98368.40","Sent","Paid","","2026-09-05T15:16:11.175Z"
"1934","EMP-EDD910","Naveen Agarwal","Marketing & Sales","April 2026 Payroll","2026-03-31T18:30:00.000Z","2026-04-29T18:30:00.000Z","101650.00","6299.00","95351.00","Sent","Paid","","2026-09-05T15:16:11.175Z"
"1933","EMP-2DB9E9","Sneha Chatterjee","Finance","April 2026 Payroll","2026-03-31T18:30:00.000Z","2026-04-29T18:30:00.000Z","88810.00","5528.60","83281.40","Sent","Paid","","2026-09-05T15:16:11.175Z"
"1932","EMP-CEB2D1","Rahul Das","Finance","April 2026 Payroll","2026-03-31T18:30:00.000Z","2026-04-29T18:30:00.000Z","59920.00","3795.20","56124.80","Sent","Paid","","2026-09-05T15:16:11.175Z"
"1931","EMP-18C787","Nikhil Banerjee","Human Resources","January 2026 Payroll","2025-12-31T18:30:00.000Z","2026-01-30T18:30:00.000Z","56640.00","3598.40","53041.60","Sent","Paid","","2026-09-05T15:16:11.175Z"
"1930","EMP-9B6E89","Manish Agarwal","Finance","January 2026 Payroll","2025-12-31T18:30:00.000Z","2026-01-30T18:30:00.000Z","93120.00","5787.20","87332.80","Sent","Paid","","2026-09-05T15:16:11.175Z"
"1929","EMP-E1E4EB","Naveen Trivedi","Engineering","June 2026 Payroll","2026-05-31T18:30:00.000Z","2026-06-29T18:30:00.000Z","58280.00","3696.80","54583.20","Sent","Paid","","2026-09-05T15:16:11.175Z"
"1928","EMP-BDF979","Rahul Bose","Finance","June 2026 Payroll","2026-05-31T18:30:00.000Z","2026-06-29T18:30:00.000Z","86480.00","5388.80","81091.20","Sent","Paid","","2026-09-05T15:16:11.175Z"
"1927","EMP-6B5B44","Manish Tiwari","Human Resources","January 2026 Payroll","2025-12-31T18:30:00.000Z","2026-01-30T18:30:00.000Z","68160.00","4289.60","63870.40","Sent","Paid","","2026-09-05T15:16:11.175Z"
"1926","EMP-F00A1D","Kabir Desai","Marketing & Sales","May 2026 Payroll","2026-04-30T18:30:00.000Z","2026-05-30T18:30:00.000Z","94860.00","5891.60","88968.40","Sent","Paid","","2026-09-05T15:16:11.175Z"
"1925","EMP-FCCC73","Kabir Pandey","Marketing & Sales","February 2026 Payroll","2026-01-31T18:30:00.000Z","2026-02-27T18:30:00.000Z","82160.00","5129.60","77030.40","Sent","Paid","","2026-09-05T15:16:11.175Z"
"1924","EMP-196CAC","Ayaan Rao","Engineering","June 2026 Payroll","2026-05-31T18:30:00.000Z","2026-06-29T18:30:00.000Z","54520.00","3471.20","51048.80","Sent","Paid","","2026-09-05T15:16:11.175Z"
"1923","EMP-B2ABBD","Pooja Sengupta","Human Resources","January 2026 Payroll","2025-12-31T18:30:00.000Z","2026-01-30T18:30:00.000Z","94080.00","5844.80","88235.20","Sent","Paid","","2026-09-05T15:16:11.175Z"
"1922","EMP-A771AB","Krishna Pandey","Marketing & Sales","July 2026 Payroll","2026-06-30T18:30:00.000Z","2026-07-30T18:30:00.000Z","76680.00","4800.80","71879.20","Sent","Paid","","2026-09-05T15:16:11.175Z"
"1921","EMP-C35DF4","Ayaan Reddy","Finance","March 2026 Payroll","2026-02-28T18:30:00.000Z","2026-03-30T18:30:00.000Z","54450.00","3467.00","50983.00","Sent","Paid","","2026-09-05T15:16:11.175Z"
"1920","EMP-616A52","Simran Bhatt","Marketing & Sales","January 2026 Payroll","2025-12-31T18:30:00.000Z","2026-01-30T18:30:00.000Z","79680.00","4980.80","74699.20","Sent","Paid","","2026-09-05T15:16:11.175Z"
"1919","EMP-C6D3B0","Arjun Iyer","Marketing & Sales","May 2026 Payroll","2026-04-30T18:30:00.000Z","2026-05-30T18:30:00.000Z","65280.00","4116.80","61163.20","Sent","Paid","","2026-09-05T15:16:11.175Z"
"1918","EMP-FC3880","Pooja Pillai","Engineering","July 2026 Payroll","2026-06-30T18:30:00.000Z","2026-07-30T18:30:00.000Z","106920.00","6615.20","100304.80","Sent","Paid","","2026-09-05T15:16:11.175Z"
"1917","EMP-14F1B9","Neha Verma","Marketing & Sales","May 2026 Payroll","2026-04-30T18:30:00.000Z","2026-05-30T18:30:00.000Z","73440.00","4606.40","68833.60","Sent","Paid","","2026-09-05T15:16:11.175Z"
"1916","EMP-7FD731","Deepak Ghosh","Engineering","May 2026 Payroll","2026-04-30T18:30:00.000Z","2026-05-30T18:30:00.000Z","58140.00","3688.40","54451.60","Sent","Paid","","2026-09-05T15:16:11.175Z"
"1915","EMP-219061","Anjali Yadav","Marketing & Sales","July 2026 Payroll","2026-06-30T18:30:00.000Z","2026-07-30T18:30:00.000Z","90720.00","5643.20","85076.80","Sent","Paid","","2026-09-05T15:16:11.175Z"
"1914","EMP-75C6ED","Tanvi Sengupta","Engineering","July 2026 Payroll","2026-06-30T18:30:00.000Z","2026-07-30T18:30:00.000Z","82080.00","5124.80","76955.20","Sent","Paid","","2026-09-05T15:16:11.175Z"
"1913","EMP-3AC246","Deepak Rathore","Finance","January 2026 Payroll","2025-12-31T18:30:00.000Z","2026-01-30T18:30:00.000Z","76800.00","4808.00","71992.00","Sent","Paid","","2026-09-05T15:16:11.175Z"
"1912","EMP-F998DD","Nisha Tiwari","Human Resources","May 2026 Payroll","2026-04-30T18:30:00.000Z","2026-05-30T18:30:00.000Z","100980.00","6258.80","94721.20","Sent","Paid","","2026-09-05T15:16:11.175Z"
"1911","EMP-CAD3C8","Sanjay Subramaniam","Human Resources","June 2026 Payroll","2026-05-31T18:30:00.000Z","2026-06-29T18:30:00.000Z","60160.00","3809.60","56350.40","Sent","Paid","","2026-09-05T15:16:11.175Z"
"1910","EMP-6E7B98","Kabir Ghosh","Marketing & Sales","March 2026 Payroll","2026-02-28T18:30:00.000Z","2026-03-30T18:30:00.000Z","80190.00","5011.40","75178.60","Sent","Paid","","2026-09-05T15:16:11.175Z"
"1909","EMP-299D2B","Krishna Deshmukh","Finance","July 2026 Payroll","2026-06-30T18:30:00.000Z","2026-07-30T18:30:00.000Z","69120.00","4347.20","64772.80","Sent","Paid","","2026-09-05T15:16:11.175Z"
"1908","EMP-CD10FE","Kavya Yadav","Finance","January 2026 Payroll","2025-12-31T18:30:00.000Z","2026-01-30T18:30:00.000Z","81600.00","5096.00","76504.00","Sent","Paid","","2026-09-05T15:16:11.175Z"
"1907","EMP-B55DE9","Naveen Trivedi","Engineering","July 2026 Payroll","2026-06-30T18:30:00.000Z","2026-07-30T18:30:00.000Z","104760.00","6485.60","98274.40","Sent","Paid","","2026-09-05T15:16:11.175Z"
"1906","EMP-DA36F1","Vihaan Desai","Finance","February 2026 Payroll","2026-01-31T18:30:00.000Z","2026-02-27T18:30:00.000Z","89440.00","5566.40","83873.60","Sent","Paid","","2026-09-05T15:16:11.175Z"
"1905","EMP-43E7D8","Nisha Shah","Human Resources","July 2026 Payroll","2026-06-30T18:30:00.000Z","2026-07-30T18:30:00.000Z","64800.00","4088.00","60712.00","Sent","Paid","","2026-09-05T15:16:11.175Z"
"1904","EMP-FDABCC","Isha Rathore","Engineering","March 2026 Payroll","2026-02-28T18:30:00.000Z","2026-03-30T18:30:00.000Z","93060.00","5783.60","87276.40","Sent","Paid","","2026-09-05T15:16:11.175Z"
"1903","EMP-2C41F3","Pooja Agarwal","Human Resources","April 2026 Payroll","2026-03-31T18:30:00.000Z","2026-04-29T18:30:00.000Z","94160.00","5849.60","88310.40","Sent","Paid","","2026-09-05T15:16:11.175Z"
"1902","EMP-8FE05D","Vihaan Chauhan","Engineering","February 2026 Payroll","2026-01-31T18:30:00.000Z","2026-02-27T18:30:00.000Z","57200.00","3632.00","53568.00","Sent","Paid","","2026-09-05T15:16:11.175Z"
"1901","EMP-3E483C","Divya Shah","Marketing & Sales","May 2026 Payroll","2026-04-30T18:30:00.000Z","2026-05-30T18:30:00.000Z","67320.00","4239.20","63080.80","Sent","Paid","","2026-09-05T15:16:11.175Z"
"1900","EMP-63FFD0","Rahul Das","Finance","March 2026 Payroll","2026-02-28T18:30:00.000Z","2026-03-30T18:30:00.000Z","79200.00","4952.00","74248.00","Sent","Paid","","2026-09-05T15:16:11.175Z"
"1899","EMP-47BB8E","Naveen Shah","Finance","April 2026 Payroll","2026-03-31T18:30:00.000Z","2026-04-29T18:30:00.000Z","100580.00","6234.80","94345.20","Sent","Paid","","2026-09-05T15:16:11.175Z"
"1898","EMP-FFCBB7","Riya Malhotra","Marketing & Sales","March 2026 Payroll","2026-02-28T18:30:00.000Z","2026-03-30T18:30:00.000Z","54450.00","3467.00","50983.00","Sent","Paid","","2026-09-05T15:16:11.175Z"
"1897","EMP-7D953E","Deepak Chatterjee","Finance","April 2026 Payroll","2026-03-31T18:30:00.000Z","2026-04-29T18:30:00.000Z","74900.00","4694.00","70206.00","Sent","Paid","","2026-09-05T15:16:11.175Z"
"1896","EMP-AD50E4","Sanjay Bhatt","Finance","April 2026 Payroll","2026-03-31T18:30:00.000Z","2026-04-29T18:30:00.000Z","68480.00","4308.80","64171.20","Sent","Paid","","2026-09-05T15:16:11.175Z"
"1895","EMP-5C5A2C","Sai Agarwal","Marketing & Sales","January 2026 Payroll","2025-12-31T18:30:00.000Z","2026-01-30T18:30:00.000Z","92160.00","5729.60","86430.40","Sent","Paid","","2026-09-05T15:16:11.175Z"
"1894","EMP-64A7A0","Ayaan Tiwari","Marketing & Sales","March 2026 Payroll","2026-02-28T18:30:00.000Z","2026-03-30T18:30:00.000Z","84150.00","5249.00","78901.00","Sent","Paid","","2026-09-05T15:16:11.175Z"
"1893","EMP-237A46","Pooja Gupta","Marketing & Sales","March 2026 Payroll","2026-02-28T18:30:00.000Z","2026-03-30T18:30:00.000Z","91080.00","5664.80","85415.20","Sent","Paid","","2026-09-05T15:16:11.175Z"
"1892","EMP-4BB327","Reyansh Desai","Finance","June 2026 Payroll","2026-05-31T18:30:00.000Z","2026-06-29T18:30:00.000Z","72380.00","4542.80","67837.20","Sent","Paid","","2026-09-05T15:16:11.175Z"
"1891","EMP-380E32","Kabir Kaur","Engineering","April 2026 Payroll","2026-03-31T18:30:00.000Z","2026-04-29T18:30:00.000Z","90950.00","5657.00","85293.00","Sent","Paid","","2026-09-05T15:16:11.175Z"
"1890","EMP-49902F","Anjali Sengupta","Finance","June 2026 Payroll","2026-05-31T18:30:00.000Z","2026-06-29T18:30:00.000Z","63920.00","4035.20","59884.80","Sent","Paid","","2026-09-05T15:16:11.175Z"
"1889","EMP-185D9A","Manish Gupta","Finance","January 2026 Payroll","2025-12-31T18:30:00.000Z","2026-01-30T18:30:00.000Z","54720.00","3483.20","51236.80","Sent","Paid","","2026-09-05T15:16:11.175Z"
"1888","EMP-0ADF2E","Divya Bhatia","Human Resources","July 2026 Payroll","2026-06-30T18:30:00.000Z","2026-07-30T18:30:00.000Z","106920.00","6615.20","100304.80","Sent","Paid","","2026-09-05T15:16:11.175Z"
"1887","EMP-33CA16","Rahul Sengupta","Human Resources","May 2026 Payroll","2026-04-30T18:30:00.000Z","2026-05-30T18:30:00.000Z","82620.00","5157.20","77462.80","Sent","Paid","","2026-09-05T15:16:11.175Z"
"1886","EMP-12A7C2","Siddharth Kaur","Finance","July 2026 Payroll","2026-06-30T18:30:00.000Z","2026-07-30T18:30:00.000Z","63720.00","4023.20","59696.80","Sent","Paid","","2026-09-05T15:16:11.175Z"
"1885","EMP-F7D61A","Vivaan Bansal","Human Resources","July 2026 Payroll","2026-06-30T18:30:00.000Z","2026-07-30T18:30:00.000Z","77760.00","4865.60","72894.40","Sent","Paid","","2026-09-05T15:16:11.175Z"
"1884","EMP-B2ABBD","Pooja Sengupta","Human Resources","May 2026 Payroll","2026-04-30T18:30:00.000Z","2026-05-30T18:30:00.000Z","99960.00","6197.60","93762.40","Sent","Paid","","2026-09-05T15:16:11.175Z"
"1883","EMP-395314","Aarav Mishra","Engineering","April 2026 Payroll","2026-03-31T18:30:00.000Z","2026-04-29T18:30:00.000Z","73830.00","4629.80","69200.20","Sent","Paid","","2026-09-05T15:16:11.175Z"
"1882","EMP-616A52","Simran Bhatt","Marketing & Sales","May 2026 Payroll","2026-04-30T18:30:00.000Z","2026-05-30T18:30:00.000Z","84660.00","5279.60","79380.40","Sent","Paid","","2026-09-05T15:16:11.175Z"
"1881","EMP-ADADC1","Kabir Trivedi","Marketing & Sales","June 2026 Payroll","2026-05-31T18:30:00.000Z","2026-06-29T18:30:00.000Z","61100.00","3866.00","57234.00","Sent","Paid","","2026-09-05T15:16:11.175Z"
"1880","EMP-44D134","Aditya Malhotra","Engineering","March 2026 Payroll","2026-02-28T18:30:00.000Z","2026-03-30T18:30:00.000Z","72270.00","4536.20","67733.80","Sent","Paid","","2026-09-05T15:16:11.175Z"
"1879","EMP-F9A332","Meera Ghosh","Finance","March 2026 Payroll","2026-02-28T18:30:00.000Z","2026-03-30T18:30:00.000Z","86130.00","5367.80","80762.20","Sent","Paid","","2026-09-05T15:16:11.175Z"
"1878","EMP-83C86A","Riya Menon","Human Resources","February 2026 Payroll","2026-01-31T18:30:00.000Z","2026-02-27T18:30:00.000Z","81120.00","5067.20","76052.80","Sent","Paid","","2026-09-05T15:16:11.175Z"
"1877","EMP-77AC95","Sneha Yadav","Human Resources","March 2026 Payroll","2026-02-28T18:30:00.000Z","2026-03-30T18:30:00.000Z","86130.00","5367.80","80762.20","Sent","Paid","","2026-09-05T15:16:11.175Z"
"1876","EMP-87001D","Anjali Krishnan","Marketing & Sales","February 2026 Payroll","2026-01-31T18:30:00.000Z","2026-02-27T18:30:00.000Z","91520.00","5691.20","85828.80","Sent","Paid","","2026-09-05T15:16:11.175Z"
"1875","EMP-0C09F1","Reyansh Sharma","Human Resources","February 2026 Payroll","2026-01-31T18:30:00.000Z","2026-02-27T18:30:00.000Z","82160.00","5129.60","77030.40","Sent","Paid","","2026-09-05T15:16:11.175Z"
"1874","EMP-C6D3B0","Arjun Iyer","Marketing & Sales","January 2026 Payroll","2025-12-31T18:30:00.000Z","2026-01-30T18:30:00.000Z","61440.00","3886.40","57553.60","Sent","Paid","","2026-09-05T15:16:11.175Z"
"1873","EMP-1358A4","Sneha Yadav","Engineering","February 2026 Payroll","2026-01-31T18:30:00.000Z","2026-02-27T18:30:00.000Z","85280.00","5316.80","79963.20","Sent","Paid","","2026-09-05T15:16:11.175Z"
"1872","EMP-5AD2CA","Simran Chatterjee","Engineering","July 2026 Payroll","2026-06-30T18:30:00.000Z","2026-07-30T18:30:00.000Z","61560.00","3893.60","57666.40","Sent","Paid","","2026-09-05T15:16:11.175Z"
"1871","EMP-487FAF","Deepak Bhatia","Human Resources","June 2026 Payroll","2026-05-31T18:30:00.000Z","2026-06-29T18:30:00.000Z","56400.00","3584.00","52816.00","Sent","Paid","","2026-09-05T15:16:11.175Z"
"1870","EMP-14F1B9","Neha Verma","Marketing & Sales","January 2026 Payroll","2025-12-31T18:30:00.000Z","2026-01-30T18:30:00.000Z","69120.00","4347.20","64772.80","Sent","Paid","","2026-09-05T15:16:11.175Z"
"1869","EMP-A97CC8","Aryan Chauhan","Marketing & Sales","April 2026 Payroll","2026-03-31T18:30:00.000Z","2026-04-29T18:30:00.000Z","96300.00","5978.00","90322.00","Sent","Paid","","2026-09-05T15:16:11.175Z"
"1868","EMP-5FC753","Siddharth Reddy","Human Resources","April 2026 Payroll","2026-03-31T18:30:00.000Z","2026-04-29T18:30:00.000Z","66340.00","4180.40","62159.60","Sent","Paid","","2026-09-05T15:16:11.175Z"
"1867","EMP-7FD731","Deepak Ghosh","Engineering","January 2026 Payroll","2025-12-31T18:30:00.000Z","2026-01-30T18:30:00.000Z","54720.00","3483.20","51236.80","Sent","Paid","","2026-09-05T15:16:11.175Z"
"1866","EMP-288B30","Divya Rao","Human Resources","July 2026 Payroll","2026-06-30T18:30:00.000Z","2026-07-30T18:30:00.000Z","64800.00","4088.00","60712.00","Sent","Paid","","2026-09-05T15:16:11.175Z"
"1865","EMP-CAB3DA","Kabir Verma","Engineering","April 2026 Payroll","2026-03-31T18:30:00.000Z","2026-04-29T18:30:00.000Z","63130.00","3987.80","59142.20","Sent","Paid","","2026-09-05T15:16:11.175Z"
"1864","EMP-4A7545","Varun Kaur","Finance","March 2026 Payroll","2026-02-28T18:30:00.000Z","2026-03-30T18:30:00.000Z","92070.00","5724.20","86345.80","Sent","Paid","","2026-09-05T15:16:11.175Z"
"1863","EMP-46A33D","Tanvi Pandey","Marketing & Sales","February 2026 Payroll","2026-01-31T18:30:00.000Z","2026-02-27T18:30:00.000Z","94640.00","5878.40","88761.60","Sent","Paid","","2026-09-05T15:16:11.175Z"
"1862","EMP-18C787","Nikhil Banerjee","Human Resources","May 2026 Payroll","2026-04-30T18:30:00.000Z","2026-05-30T18:30:00.000Z","60180.00","3810.80","56369.20","Sent","Paid","","2026-09-05T15:16:11.175Z"
"1861","EMP-977362","Dev Deshmukh","Engineering","March 2026 Payroll","2026-02-28T18:30:00.000Z","2026-03-30T18:30:00.000Z","65340.00","4120.40","61219.60","Sent","Paid","","2026-09-05T15:16:11.175Z"
"1860","EMP-9B6E89","Manish Agarwal","Finance","May 2026 Payroll","2026-04-30T18:30:00.000Z","2026-05-30T18:30:00.000Z","98940.00","6136.40","92803.60","Sent","Paid","","2026-09-05T15:16:11.175Z"
"1859","EMP-633EC5","Naveen Iyer","Marketing & Sales","April 2026 Payroll","2026-03-31T18:30:00.000Z","2026-04-29T18:30:00.000Z","67410.00","4244.60","63165.40","Sent","Paid","","2026-09-05T15:16:11.175Z"
"1858","EMP-7A2A04","Karan Menon","Engineering","February 2026 Payroll","2026-01-31T18:30:00.000Z","2026-02-27T18:30:00.000Z","98800.00","6128.00","92672.00","Sent","Paid","","2026-09-05T15:16:11.175Z"
"1857","EMP-E14561","Nikhil Chauhan","Marketing & Sales","June 2026 Payroll","2026-05-31T18:30:00.000Z","2026-06-29T18:30:00.000Z","86480.00","5388.80","81091.20","Sent","Paid","","2026-09-05T15:16:11.175Z"
"1856","EMP-AD155F","Karan Krishnan","Human Resources","March 2026 Payroll","2026-02-28T18:30:00.000Z","2026-03-30T18:30:00.000Z","66330.00","4179.80","62150.20","Sent","Paid","","2026-09-05T15:16:11.175Z"
"1855","EMP-6B5B44","Manish Tiwari","Human Resources","May 2026 Payroll","2026-04-30T18:30:00.000Z","2026-05-30T18:30:00.000Z","72420.00","4545.20","67874.80","Sent","Paid","","2026-09-05T15:16:11.175Z"
"1854","EMP-F00A1D","Kabir Desai","Marketing & Sales","January 2026 Payroll","2025-12-31T18:30:00.000Z","2026-01-30T18:30:00.000Z","89280.00","5556.80","83723.20","Sent","Paid","","2026-09-05T15:16:11.175Z"
"1853","EMP-754829","Pooja Chatterjee","Finance","February 2026 Payroll","2026-01-31T18:30:00.000Z","2026-02-27T18:30:00.000Z","65520.00","4131.20","61388.80","Sent","Paid","","2026-09-05T15:16:11.175Z"
"1852","EMP-8B20DA","Anjali Chauhan","Marketing & Sales","June 2026 Payroll","2026-05-31T18:30:00.000Z","2026-06-29T18:30:00.000Z","88360.00","5501.60","82858.40","Sent","Paid","","2026-09-05T15:16:11.175Z"
"1851","EMP-75C6ED","Tanvi Sengupta","Engineering","May 2026 Payroll","2026-04-30T18:30:00.000Z","2026-05-30T18:30:00.000Z","77520.00","4851.20","72668.80","Sent","Paid","","2026-09-05T15:16:11.175Z"
"1850","EMP-2BB817","Riya Pandey","Finance","February 2026 Payroll","2026-01-31T18:30:00.000Z","2026-02-27T18:30:00.000Z","81120.00","5067.20","76052.80","Sent","Paid","","2026-09-05T15:16:11.175Z"
"1849","EMP-C405C7","Arjun Sengupta","Marketing & Sales","January 2026 Payroll","2025-12-31T18:30:00.000Z","2026-01-30T18:30:00.000Z","52800.00","3368.00","49432.00","Sent","Paid","","2026-09-05T15:16:11.175Z"
"1848","EMP-B87E01","Shreya Mehta","Marketing & Sales","February 2026 Payroll","2026-01-31T18:30:00.000Z","2026-02-27T18:30:00.000Z","64480.00","4068.80","60411.20","Sent","Paid","","2026-09-05T15:16:11.175Z"
"1847","EMP-219061","Anjali Yadav","Marketing & Sales","May 2026 Payroll","2026-04-30T18:30:00.000Z","2026-05-30T18:30:00.000Z","85680.00","5340.80","80339.20","Sent","Paid","","2026-09-05T15:16:11.175Z"
"1846","EMP-299D2B","Krishna Deshmukh","Finance","May 2026 Payroll","2026-04-30T18:30:00.000Z","2026-05-30T18:30:00.000Z","65280.00","4116.80","61163.20","Sent","Paid","","2026-09-05T15:16:11.175Z"
"1845","EMP-D21DA7","Nikhil Reddy","Finance","April 2026 Payroll","2026-03-31T18:30:00.000Z","2026-04-29T18:30:00.000Z","95230.00","5913.80","89316.20","Sent","Paid","","2026-09-05T15:16:11.175Z"
"1844","EMP-FED9BF","Ayaan Das","Marketing & Sales","February 2026 Payroll","2026-01-31T18:30:00.000Z","2026-02-27T18:30:00.000Z","72800.00","4568.00","68232.00","Sent","Paid","","2026-09-05T15:16:11.175Z"
"1843","EMP-F998DD","Nisha Tiwari","Human Resources","July 2026 Payroll","2026-06-30T18:30:00.000Z","2026-07-30T18:30:00.000Z","106920.00","6615.20","100304.80","Sent","Paid","","2026-09-05T15:16:11.175Z"
"1842","EMP-E64FD0","Ananya Chopra","Human Resources","April 2026 Payroll","2026-03-31T18:30:00.000Z","2026-04-29T18:30:00.000Z","83460.00","5207.60","78252.40","Sent","Paid","","2026-09-05T15:16:11.175Z"
"1841","EMP-3868B5","Sneha Kaur","Marketing & Sales","February 2026 Payroll","2026-01-31T18:30:00.000Z","2026-02-27T18:30:00.000Z","85280.00","5316.80","79963.20","Sent","Paid","","2026-09-05T15:16:11.175Z"
"1840","EMP-0DAABA","Neha Chatterjee","Finance","March 2026 Payroll","2026-02-28T18:30:00.000Z","2026-03-30T18:30:00.000Z","76230.00","4773.80","71456.20","Sent","Paid","","2026-09-05T15:16:11.175Z"
"1839","EMP-C923B6","Reyansh Subramaniam","Marketing & Sales","June 2026 Payroll","2026-05-31T18:30:00.000Z","2026-06-29T18:30:00.000Z","63920.00","4035.20","59884.80","Sent","Paid","","2026-09-05T15:16:11.175Z"
"1838","EMP-9A0ED4","Naveen Bhatia","Engineering","April 2026 Payroll","2026-03-31T18:30:00.000Z","2026-04-29T18:30:00.000Z","89880.00","5592.80","84287.20","Sent","Paid","","2026-09-05T15:16:11.175Z"
"1837","EMP-43E7D8","Nisha Shah","Human Resources","May 2026 Payroll","2026-04-30T18:30:00.000Z","2026-05-30T18:30:00.000Z","61200.00","3872.00","57328.00","Sent","Paid","","2026-09-05T15:16:11.175Z"
"1836","EMP-465F89","Siddharth Rathore","Finance","February 2026 Payroll","2026-01-31T18:30:00.000Z","2026-02-27T18:30:00.000Z","90480.00","5628.80","84851.20","Sent","Paid","","2026-09-05T15:16:11.175Z"
"1835","EMP-B55DE9","Naveen Trivedi","Engineering","May 2026 Payroll","2026-04-30T18:30:00.000Z","2026-05-30T18:30:00.000Z","98940.00","6136.40","92803.60","Sent","Paid","","2026-09-05T15:16:11.175Z"
"1834","EMP-3E483C","Divya Shah","Marketing & Sales","July 2026 Payroll","2026-06-30T18:30:00.000Z","2026-07-30T18:30:00.000Z","71280.00","4476.80","66803.20","Sent","Paid","","2026-09-05T15:16:11.175Z"
"1833","EMP-9B0341","Siddharth Chauhan","Engineering","June 2026 Payroll","2026-05-31T18:30:00.000Z","2026-06-29T18:30:00.000Z","52640.00","3358.40","49281.60","Sent","Paid","","2026-09-05T15:16:11.175Z"
"1832","EMP-631D7A","Divya Iyer","Human Resources","April 2026 Payroll","2026-03-31T18:30:00.000Z","2026-04-29T18:30:00.000Z","86670.00","5400.20","81269.80","Sent","Paid","","2026-09-05T15:16:11.175Z"
"1831","EMP-729B37","Shreya Pandey","Finance","June 2026 Payroll","2026-05-31T18:30:00.000Z","2026-06-29T18:30:00.000Z","84600.00","5276.00","79324.00","Sent","Paid","","2026-09-05T15:16:11.175Z"
"1830","EMP-334E8F","Aarav Ghosh","Human Resources","April 2026 Payroll","2026-03-31T18:30:00.000Z","2026-04-29T18:30:00.000Z","80250.00","5015.00","75235.00","Sent","Paid","","2026-09-05T15:16:11.175Z"
"1829","EMP-135933","Manish Deshmukh","Human Resources","June 2026 Payroll","2026-05-31T18:30:00.000Z","2026-06-29T18:30:00.000Z","55460.00","3527.60","51932.40","Sent","Paid","","2026-09-05T15:16:11.175Z"
"1828","EMP-593F92","Ayaan Menon","Finance","April 2026 Payroll","2026-03-31T18:30:00.000Z","2026-04-29T18:30:00.000Z","87740.00","5464.40","82275.60","Sent","Paid","","2026-09-05T15:16:11.175Z"
"1827","EMP-E8DBA7","Vihaan Trivedi","Marketing & Sales","April 2026 Payroll","2026-03-31T18:30:00.000Z","2026-04-29T18:30:00.000Z","67410.00","4244.60","63165.40","Sent","Paid","","2026-09-05T15:16:11.175Z"
"1826","EMP-E331CE","Kavya Gupta","Marketing & Sales","February 2026 Payroll","2026-01-31T18:30:00.000Z","2026-02-27T18:30:00.000Z","65520.00","4131.20","61388.80","Sent","Paid","","2026-09-05T15:16:11.175Z"
"1825","EMP-B70E93","Arjun Gupta","Engineering","April 2026 Payroll","2026-03-31T18:30:00.000Z","2026-04-29T18:30:00.000Z","65270.00","4116.20","61153.80","Sent","Paid","","2026-09-05T15:16:11.175Z"
"1824","EMP-AEECBA","Rohan Bhatt","Finance","June 2026 Payroll","2026-05-31T18:30:00.000Z","2026-06-29T18:30:00.000Z","54520.00","3471.20","51048.80","Sent","Paid","","2026-09-05T15:16:11.175Z"
"1823","EMP-ECD855","Naveen Bansal","Human Resources","March 2026 Payroll","2026-02-28T18:30:00.000Z","2026-03-30T18:30:00.000Z","94050.00","5843.00","88207.00","Sent","Paid","","2026-09-05T15:16:11.175Z"
"1822","EMP-A780D2","Priya Krishnan","Engineering","February 2026 Payroll","2026-01-31T18:30:00.000Z","2026-02-27T18:30:00.000Z","82160.00","5129.60","77030.40","Sent","Paid","","2026-09-05T15:16:11.175Z"
"1821","EMP-24DB2B","Pooja Yadav","Marketing & Sales","April 2026 Payroll","2026-03-31T18:30:00.000Z","2026-04-29T18:30:00.000Z","97370.00","6042.20","91327.80","Sent","Paid","","2026-09-05T15:16:11.175Z"
"1820","EMP-63B1D1","Riya Krishnan","Finance","January 2026 Payroll","2025-12-31T18:30:00.000Z","2026-01-30T18:30:00.000Z","76800.00","4808.00","71992.00","Sent","Paid","","2026-09-05T15:16:11.175Z"
"1819","EMP-33CA16","Rahul Sengupta","Human Resources","July 2026 Payroll","2026-06-30T18:30:00.000Z","2026-07-30T18:30:00.000Z","87480.00","5448.80","82031.20","Sent","Paid","","2026-09-05T15:16:11.175Z"
"1818","EMP-0ADF2E","Divya Bhatia","Human Resources","May 2026 Payroll","2026-04-30T18:30:00.000Z","2026-05-30T18:30:00.000Z","100980.00","6258.80","94721.20","Sent","Paid","","2026-09-05T15:16:11.175Z"
"1817","EMP-A771AB","Krishna Pandey","Marketing & Sales","January 2026 Payroll","2025-12-31T18:30:00.000Z","2026-01-30T18:30:00.000Z","68160.00","4289.60","63870.40","Sent","Paid","","2026-09-05T15:16:11.175Z"
"1816","EMP-BD3339","Aryan Kapoor","Engineering","March 2026 Payroll","2026-02-28T18:30:00.000Z","2026-03-30T18:30:00.000Z","70290.00","4417.40","65872.60","Sent","Paid","","2026-09-05T15:16:11.175Z"
"1815","EMP-B9CB81","Sai Mehta","Human Resources","April 2026 Payroll","2026-03-31T18:30:00.000Z","2026-04-29T18:30:00.000Z","58850.00","3731.00","55119.00","Sent","Paid","","2026-09-05T15:16:11.175Z"
"1814","EMP-B2ABBD","Pooja Sengupta","Human Resources","July 2026 Payroll","2026-06-30T18:30:00.000Z","2026-07-30T18:30:00.000Z","105840.00","6550.40","99289.60","Sent","Paid","","2026-09-05T15:16:11.175Z"
"1813","EMP-12A7C2","Siddharth Kaur","Finance","May 2026 Payroll","2026-04-30T18:30:00.000Z","2026-05-30T18:30:00.000Z","60180.00","3810.80","56369.20","Sent","Paid","","2026-09-05T15:16:11.175Z"
"1812","EMP-A34F0C","Gaurav Chatterjee","Engineering","June 2026 Payroll","2026-05-31T18:30:00.000Z","2026-06-29T18:30:00.000Z","78020.00","4881.20","73138.80","Sent","Paid","","2026-09-05T15:16:11.175Z"
"1811","EMP-F7D61A","Vivaan Bansal","Human Resources","May 2026 Payroll","2026-04-30T18:30:00.000Z","2026-05-30T18:30:00.000Z","73440.00","4606.40","68833.60","Sent","Paid","","2026-09-05T15:16:11.175Z"
"1810","EMP-7E296F","Siddharth Kulkarni","Engineering","March 2026 Payroll","2026-02-28T18:30:00.000Z","2026-03-30T18:30:00.000Z","69300.00","4358.00","64942.00","Sent","Paid","","2026-09-05T15:16:11.175Z"
"1809","EMP-616A52","Simran Bhatt","Marketing & Sales","July 2026 Payroll","2026-06-30T18:30:00.000Z","2026-07-30T18:30:00.000Z","89640.00","5578.40","84061.60","Sent","Paid","","2026-09-05T15:16:11.175Z"
"1808","EMP-5AD2CA","Simran Chatterjee","Engineering","May 2026 Payroll","2026-04-30T18:30:00.000Z","2026-05-30T18:30:00.000Z","58140.00","3688.40","54451.60","Sent","Paid","","2026-09-05T15:16:11.175Z"
"1807","EMP-FC3880","Pooja Pillai","Engineering","January 2026 Payroll","2025-12-31T18:30:00.000Z","2026-01-30T18:30:00.000Z","95040.00","5902.40","89137.60","Sent","Paid","","2026-09-05T15:16:11.175Z"
"1806","EMP-AC6A7A","Gaurav Bansal","Finance","February 2026 Payroll","2026-01-31T18:30:00.000Z","2026-02-27T18:30:00.000Z","100880.00","6252.80","94627.20","Sent","Paid","","2026-09-05T15:16:11.175Z"
"1805","EMP-A2FF2A","Rahul Reddy","Marketing & Sales","February 2026 Payroll","2026-01-31T18:30:00.000Z","2026-02-27T18:30:00.000Z","58240.00","3694.40","54545.60","Sent","Paid","","2026-09-05T15:16:11.175Z"
"1804","EMP-C9D423","Neha Gupta","Finance","April 2026 Payroll","2026-03-31T18:30:00.000Z","2026-04-29T18:30:00.000Z","69550.00","4373.00","65177.00","Sent","Paid","","2026-09-05T15:16:11.175Z"
"1803","EMP-06D6D7","Krishna Trivedi","Marketing & Sales","February 2026 Payroll","2026-01-31T18:30:00.000Z","2026-02-27T18:30:00.000Z","70720.00","4443.20","66276.80","Sent","Paid","","2026-09-05T15:16:11.175Z"
"1802","EMP-5EF5E5","Varun Ghosh","Engineering","April 2026 Payroll","2026-03-31T18:30:00.000Z","2026-04-29T18:30:00.000Z","102720.00","6363.20","96356.80","Sent","Paid","","2026-09-05T15:16:11.175Z"
"1801","EMP-288B30","Divya Rao","Human Resources","May 2026 Payroll","2026-04-30T18:30:00.000Z","2026-05-30T18:30:00.000Z","61200.00","3872.00","57328.00","Sent","Paid","","2026-09-05T15:16:11.175Z"
"1800","EMP-F8E9A1","Simran Kumar","Marketing & Sales","March 2026 Payroll","2026-02-28T18:30:00.000Z","2026-03-30T18:30:00.000Z","67320.00","4239.20","63080.80","Sent","Paid","","2026-09-05T15:16:11.175Z"
"1799","EMP-18C787","Nikhil Banerjee","Human Resources","July 2026 Payroll","2026-06-30T18:30:00.000Z","2026-07-30T18:30:00.000Z","63720.00","4023.20","59696.80","Sent","Paid","","2026-09-05T15:16:11.175Z"
"1798","EMP-3654EA","Kabir Verma","Human Resources","February 2026 Payroll","2026-01-31T18:30:00.000Z","2026-02-27T18:30:00.000Z","102960.00","6377.60","96582.40","Sent","Paid","","2026-09-05T15:16:11.175Z"
"1797","EMP-9B6E89","Manish Agarwal","Finance","July 2026 Payroll","2026-06-30T18:30:00.000Z","2026-07-30T18:30:00.000Z","104760.00","6485.60","98274.40","Sent","Paid","","2026-09-05T15:16:11.175Z"
"1796","EMP-6B5B44","Manish Tiwari","Human Resources","July 2026 Payroll","2026-06-30T18:30:00.000Z","2026-07-30T18:30:00.000Z","76680.00","4800.80","71879.20","Sent","Paid","","2026-09-05T15:16:11.175Z"
"1795","EMP-D12354","Gaurav Bhatt","Finance","March 2026 Payroll","2026-02-28T18:30:00.000Z","2026-03-30T18:30:00.000Z","73260.00","4595.60","68664.40","Sent","Paid","","2026-09-05T15:16:11.175Z"
"1794","EMP-DD5A61","Reyansh Shah","Human Resources","March 2026 Payroll","2026-02-28T18:30:00.000Z","2026-03-30T18:30:00.000Z","97020.00","6021.20","90998.80","Sent","Paid","","2026-09-05T15:16:11.175Z"
"1793","EMP-46A33D","Tanvi Pandey","Marketing & Sales","April 2026 Payroll","2026-03-31T18:30:00.000Z","2026-04-29T18:30:00.000Z","97370.00","6042.20","91327.80","Sent","Paid","","2026-09-05T15:16:11.175Z"
"1792","EMP-007415","Siddharth Banerjee","Engineering","January 2026 Payroll","2025-12-31T18:30:00.000Z","2026-01-30T18:30:00.000Z","87360.00","5441.60","81918.40","Sent","Paid","","2026-09-05T15:16:11.175Z"
"1791","EMP-288B30","Divya Rao","Human Resources","June 2026 Payroll","2026-05-31T18:30:00.000Z","2026-06-29T18:30:00.000Z","56400.00","3584.00","52816.00","Sent","Paid","","2026-09-05T15:16:11.175Z"
"1790","EMP-79A6BD","Divya Pillai","Finance","March 2026 Payroll","2026-02-28T18:30:00.000Z","2026-03-30T18:30:00.000Z","56430.00","3585.80","52844.20","Sent","Paid","","2026-09-05T15:16:11.175Z"
"1789","EMP-CAB3DA","Kabir Verma","Engineering","February 2026 Payroll","2026-01-31T18:30:00.000Z","2026-02-27T18:30:00.000Z","61360.00","3881.60","57478.40","Sent","Paid","","2026-09-05T15:16:11.175Z"
"1788","EMP-754829","Pooja Chatterjee","Finance","April 2026 Payroll","2026-03-31T18:30:00.000Z","2026-04-29T18:30:00.000Z","67410.00","4244.60","63165.40","Sent","Paid","","2026-09-05T15:16:11.175Z"
"1787","EMP-7A2A04","Karan Menon","Engineering","April 2026 Payroll","2026-03-31T18:30:00.000Z","2026-04-29T18:30:00.000Z","101650.00","6299.00","95351.00","Sent","Paid","","2026-09-05T15:16:11.175Z"
"1786","EMP-E14561","Nikhil Chauhan","Marketing & Sales","July 2026 Payroll","2026-06-30T18:30:00.000Z","2026-07-30T18:30:00.000Z","99360.00","6161.60","93198.40","Sent","Paid","","2026-09-05T15:16:11.175Z"
"1785","EMP-633EC5","Naveen Iyer","Marketing & Sales","February 2026 Payroll","2026-01-31T18:30:00.000Z","2026-02-27T18:30:00.000Z","65520.00","4131.20","61388.80","Sent","Paid","","2026-09-05T15:16:11.175Z"
"1784","EMP-759739","Arjun Chatterjee","Finance","March 2026 Payroll","2026-02-28T18:30:00.000Z","2026-03-30T18:30:00.000Z","81180.00","5070.80","76109.20","Sent","Paid","","2026-09-05T15:16:11.175Z"
"1783","EMP-87001D","Anjali Krishnan","Marketing & Sales","April 2026 Payroll","2026-03-31T18:30:00.000Z","2026-04-29T18:30:00.000Z","94160.00","5849.60","88310.40","Sent","Paid","","2026-09-05T15:16:11.175Z"
"1782","EMP-0C09F1","Reyansh Sharma","Human Resources","April 2026 Payroll","2026-03-31T18:30:00.000Z","2026-04-29T18:30:00.000Z","84530.00","5271.80","79258.20","Sent","Paid","","2026-09-05T15:16:11.175Z"
"1781","EMP-D8E3B9","Gaurav Rathore","Engineering","January 2026 Payroll","2025-12-31T18:30:00.000Z","2026-01-30T18:30:00.000Z","59520.00","3771.20","55748.80","Sent","Paid","","2026-09-05T15:16:11.175Z"
"1780","EMP-ADADC1","Kabir Trivedi","Marketing & Sales","July 2026 Payroll","2026-06-30T18:30:00.000Z","2026-07-30T18:30:00.000Z","70200.00","4412.00","65788.00","Sent","Paid","","2026-09-05T15:16:11.175Z"
"1779","EMP-83C86A","Riya Menon","Human Resources","April 2026 Payroll","2026-03-31T18:30:00.000Z","2026-04-29T18:30:00.000Z","83460.00","5207.60","78252.40","Sent","Paid","","2026-09-05T15:16:11.175Z"
"1778","EMP-A34F0C","Gaurav Chatterjee","Engineering","May 2026 Payroll","2026-04-30T18:30:00.000Z","2026-05-30T18:30:00.000Z","84660.00","5279.60","79380.40","Sent","Paid","","2026-09-05T15:16:11.175Z"
"1777","EMP-F7D61A","Vivaan Bansal","Human Resources","June 2026 Payroll","2026-05-31T18:30:00.000Z","2026-06-29T18:30:00.000Z","67680.00","4260.80","63419.20","Sent","Paid","","2026-09-05T15:16:11.175Z"
"1776","EMP-12A7C2","Siddharth Kaur","Finance","June 2026 Payroll","2026-05-31T18:30:00.000Z","2026-06-29T18:30:00.000Z","55460.00","3527.60","51932.40","Sent","Paid","","2026-09-05T15:16:11.175Z"
"1775","EMP-395314","Aarav Mishra","Engineering","February 2026 Payroll","2026-01-31T18:30:00.000Z","2026-02-27T18:30:00.000Z","71760.00","4505.60","67254.40","Sent","Paid","","2026-09-05T15:16:11.175Z"
"1774","EMP-5FC753","Siddharth Reddy","Human Resources","February 2026 Payroll","2026-01-31T18:30:00.000Z","2026-02-27T18:30:00.000Z","64480.00","4068.80","60411.20","Sent","Paid","","2026-09-05T15:16:11.175Z"
"1773","EMP-A97CC8","Aryan Chauhan","Marketing & Sales","February 2026 Payroll","2026-01-31T18:30:00.000Z","2026-02-27T18:30:00.000Z","93600.00","5816.00","87784.00","Sent","Paid","","2026-09-05T15:16:11.175Z"
"1772","EMP-86960E","Nisha Kapoor","Marketing & Sales","March 2026 Payroll","2026-02-28T18:30:00.000Z","2026-03-30T18:30:00.000Z","64350.00","4061.00","60289.00","Sent","Paid","","2026-09-05T15:16:11.175Z"
"1771","EMP-487FAF","Deepak Bhatia","Human Resources","July 2026 Payroll","2026-06-30T18:30:00.000Z","2026-07-30T18:30:00.000Z","64800.00","4088.00","60712.00","Sent","Paid","","2026-09-05T15:16:11.175Z"
"1770","EMP-5AD2CA","Simran Chatterjee","Engineering","June 2026 Payroll","2026-05-31T18:30:00.000Z","2026-06-29T18:30:00.000Z","53580.00","3414.80","50165.20","Sent","Paid","","2026-09-05T15:16:11.175Z"
"1769","EMP-1358A4","Sneha Yadav","Engineering","April 2026 Payroll","2026-03-31T18:30:00.000Z","2026-04-29T18:30:00.000Z","87740.00","5464.40","82275.60","Sent","Paid","","2026-09-05T15:16:11.175Z"
"1768","EMP-B16B1C","Divya Kumar","Engineering","January 2026 Payroll","2025-12-31T18:30:00.000Z","2026-01-30T18:30:00.000Z","55680.00","3540.80","52139.20","Sent","Paid","","2026-09-05T15:16:11.175Z"
"1767","EMP-7D953E","Deepak Chatterjee","Finance","February 2026 Payroll","2026-01-31T18:30:00.000Z","2026-02-27T18:30:00.000Z","72800.00","4568.00","68232.00","Sent","Paid","","2026-09-05T15:16:11.175Z"
"1766","EMP-729B37","Shreya Pandey","Finance","May 2026 Payroll","2026-04-30T18:30:00.000Z","2026-05-30T18:30:00.000Z","91800.00","5708.00","86092.00","Sent","Paid","","2026-09-05T15:16:11.175Z"
"1765","EMP-47BB8E","Naveen Shah","Finance","February 2026 Payroll","2026-01-31T18:30:00.000Z","2026-02-27T18:30:00.000Z","97760.00","6065.60","91694.40","Sent","Paid","","2026-09-05T15:16:11.175Z"
"1764","EMP-135933","Manish Deshmukh","Human Resources","May 2026 Payroll","2026-04-30T18:30:00.000Z","2026-05-30T18:30:00.000Z","60180.00","3810.80","56369.20","Sent","Paid","","2026-09-05T15:16:11.175Z"
"1763","EMP-4230E9","Kavya Banerjee","Marketing & Sales","March 2026 Payroll","2026-02-28T18:30:00.000Z","2026-03-30T18:30:00.000Z","73260.00","4595.60","68664.40","Sent","Paid","","2026-09-05T15:16:11.175Z"
"1762","EMP-9B0341","Siddharth Chauhan","Engineering","May 2026 Payroll","2026-04-30T18:30:00.000Z","2026-05-30T18:30:00.000Z","57120.00","3627.20","53492.80","Sent","Paid","","2026-09-05T15:16:11.175Z"
"1761","EMP-43F6C1","Ishaan Malhotra","Human Resources","January 2026 Payroll","2025-12-31T18:30:00.000Z","2026-01-30T18:30:00.000Z","71040.00","4462.40","66577.60","Sent","Paid","","2026-09-05T15:16:11.175Z"
"1760","EMP-BD481C","Sanjay Rao","Human Resources","January 2026 Payroll","2025-12-31T18:30:00.000Z","2026-01-30T18:30:00.000Z","94080.00","5844.80","88235.20","Sent","Paid","","2026-09-05T15:16:11.175Z"
"1759","EMP-2B423B","Rohan Krishnan","Human Resources","March 2026 Payroll","2026-02-28T18:30:00.000Z","2026-03-30T18:30:00.000Z","83160.00","5189.60","77970.40","Sent","Paid","","2026-09-05T15:16:11.175Z"
"1758","EMP-0ADF2E","Divya Bhatia","Human Resources","June 2026 Payroll","2026-05-31T18:30:00.000Z","2026-06-29T18:30:00.000Z","93060.00","5783.60","87276.40","Sent","Paid","","2026-09-05T15:16:11.175Z"
"1757","EMP-49902F","Anjali Sengupta","Finance","July 2026 Payroll","2026-06-30T18:30:00.000Z","2026-07-30T18:30:00.000Z","73440.00","4606.40","68833.60","Sent","Paid","","2026-09-05T15:16:11.175Z"
"1756","EMP-5096E5","Ishaan Chopra","Marketing & Sales","January 2026 Payroll","2025-12-31T18:30:00.000Z","2026-01-30T18:30:00.000Z","58560.00","3713.60","54846.40","Sent","Paid","","2026-09-05T15:16:11.175Z"
"1755","EMP-380E32","Kabir Kaur","Engineering","February 2026 Payroll","2026-01-31T18:30:00.000Z","2026-02-27T18:30:00.000Z","88400.00","5504.00","82896.00","Sent","Paid","","2026-09-05T15:16:11.175Z"
"1754","EMP-7E71AD","Krishna Nair","Finance","January 2026 Payroll","2025-12-31T18:30:00.000Z","2026-01-30T18:30:00.000Z","91200.00","5672.00","85528.00","Sent","Paid","","2026-09-05T15:16:11.175Z"
"1753","EMP-4BB327","Reyansh Desai","Finance","July 2026 Payroll","2026-06-30T18:30:00.000Z","2026-07-30T18:30:00.000Z","83160.00","5189.60","77970.40","Sent","Paid","","2026-09-05T15:16:11.175Z"
"1752","EMP-8F867A","Manish Sengupta","Finance","March 2026 Payroll","2026-02-28T18:30:00.000Z","2026-03-30T18:30:00.000Z","91080.00","5664.80","85415.20","Sent","Paid","","2026-09-05T15:16:11.175Z"
"1751","EMP-AEECBA","Rohan Bhatt","Finance","May 2026 Payroll","2026-04-30T18:30:00.000Z","2026-05-30T18:30:00.000Z","59160.00","3749.60","55410.40","Sent","Paid","","2026-09-05T15:16:11.175Z"
"1750","EMP-AD50E4","Sanjay Bhatt","Finance","February 2026 Payroll","2026-01-31T18:30:00.000Z","2026-02-27T18:30:00.000Z","66560.00","4193.60","62366.40","Sent","Paid","","2026-09-05T15:16:11.175Z"
"1749","EMP-299D2B","Krishna Deshmukh","Finance","June 2026 Payroll","2026-05-31T18:30:00.000Z","2026-06-29T18:30:00.000Z","60160.00","3809.60","56350.40","Sent","Paid","","2026-09-05T15:16:11.175Z"
"1748","EMP-CAD3C8","Sanjay Subramaniam","Human Resources","July 2026 Payroll","2026-06-30T18:30:00.000Z","2026-07-30T18:30:00.000Z","69120.00","4347.20","64772.80","Sent","Paid","","2026-09-05T15:16:11.175Z"
"1747","EMP-219061","Anjali Yadav","Marketing & Sales","June 2026 Payroll","2026-05-31T18:30:00.000Z","2026-06-29T18:30:00.000Z","78960.00","4937.60","74022.40","Sent","Paid","","2026-09-05T15:16:11.175Z"
"1746","EMP-8B20DA","Anjali Chauhan","Marketing & Sales","May 2026 Payroll","2026-04-30T18:30:00.000Z","2026-05-30T18:30:00.000Z","95880.00","5952.80","89927.20","Sent","Paid","","2026-09-05T15:16:11.175Z"
"1745","EMP-75C6ED","Tanvi Sengupta","Engineering","June 2026 Payroll","2026-05-31T18:30:00.000Z","2026-06-29T18:30:00.000Z","71440.00","4486.40","66953.60","Sent","Paid","","2026-09-05T15:16:11.175Z"
"1744","EMP-B55DE9","Naveen Trivedi","Engineering","June 2026 Payroll","2026-05-31T18:30:00.000Z","2026-06-29T18:30:00.000Z","91180.00","5670.80","85509.20","Sent","Paid","","2026-09-05T15:16:11.175Z"
"1743","EMP-8FE05D","Vihaan Chauhan","Engineering","April 2026 Payroll","2026-03-31T18:30:00.000Z","2026-04-29T18:30:00.000Z","58850.00","3731.00","55119.00","Sent","Paid","","2026-09-05T15:16:11.175Z"
"1742","EMP-2C41F3","Pooja Agarwal","Human Resources","February 2026 Payroll","2026-01-31T18:30:00.000Z","2026-02-27T18:30:00.000Z","91520.00","5691.20","85828.80","Sent","Paid","","2026-09-05T15:16:11.175Z"
"1741","EMP-DA36F1","Vihaan Desai","Finance","April 2026 Payroll","2026-03-31T18:30:00.000Z","2026-04-29T18:30:00.000Z","92020.00","5721.20","86298.80","Sent","Paid","","2026-09-05T15:16:11.175Z"
"1740","EMP-43E7D8","Nisha Shah","Human Resources","June 2026 Payroll","2026-05-31T18:30:00.000Z","2026-06-29T18:30:00.000Z","56400.00","3584.00","52816.00","Sent","Paid","","2026-09-05T15:16:11.175Z"
"1739","EMP-C923B6","Reyansh Subramaniam","Marketing & Sales","May 2026 Payroll","2026-04-30T18:30:00.000Z","2026-05-30T18:30:00.000Z","69360.00","4361.60","64998.40","Sent","Paid","","2026-09-05T15:16:11.175Z"
"1738","EMP-18C787","Nikhil Banerjee","Human Resources","June 2026 Payroll","2026-05-31T18:30:00.000Z","2026-06-29T18:30:00.000Z","55460.00","3527.60","51932.40","Sent","Paid","","2026-09-05T15:16:11.175Z"
"1737","EMP-186813","Karan Ghosh","Engineering","March 2026 Payroll","2026-02-28T18:30:00.000Z","2026-03-30T18:30:00.000Z","58410.00","3704.60","54705.40","Sent","Paid","","2026-09-05T15:16:11.175Z"
"1736","EMP-5EF5E5","Varun Ghosh","Engineering","February 2026 Payroll","2026-01-31T18:30:00.000Z","2026-02-27T18:30:00.000Z","99840.00","6190.40","93649.60","Sent","Paid","","2026-09-05T15:16:11.175Z"
"1735","EMP-9DE65A","Sai Pandey","Human Resources","March 2026 Payroll","2026-02-28T18:30:00.000Z","2026-03-30T18:30:00.000Z","81180.00","5070.80","76109.20","Sent","Paid","","2026-09-05T15:16:11.175Z"
"1734","EMP-E14561","Nikhil Chauhan","Marketing & Sales","May 2026 Payroll","2026-04-30T18:30:00.000Z","2026-05-30T18:30:00.000Z","93840.00","5830.40","88009.60","Sent","Paid","","2026-09-05T15:16:11.175Z"
"1733","EMP-6B5B44","Manish Tiwari","Human Resources","June 2026 Payroll","2026-05-31T18:30:00.000Z","2026-06-29T18:30:00.000Z","66740.00","4204.40","62535.60","Sent","Paid","","2026-09-05T15:16:11.175Z"
"1732","EMP-BDF979","Rahul Bose","Finance","January 2026 Payroll","2025-12-31T18:30:00.000Z","2026-01-30T18:30:00.000Z","88320.00","5499.20","82820.80","Sent","Paid","","2026-09-05T15:16:11.175Z"
"1731","EMP-E1E4EB","Naveen Trivedi","Engineering","January 2026 Payroll","2025-12-31T18:30:00.000Z","2026-01-30T18:30:00.000Z","59520.00","3771.20","55748.80","Sent","Paid","","2026-09-05T15:16:11.175Z"
"1730","EMP-9B6E89","Manish Agarwal","Finance","June 2026 Payroll","2026-05-31T18:30:00.000Z","2026-06-29T18:30:00.000Z","91180.00","5670.80","85509.20","Sent","Paid","","2026-09-05T15:16:11.175Z"
"1729","EMP-3654EA","Kabir Verma","Human Resources","April 2026 Payroll","2026-03-31T18:30:00.000Z","2026-04-29T18:30:00.000Z","105930.00","6555.80","99374.20","Sent","Paid","","2026-09-05T15:16:11.175Z"
"1728","EMP-ADADC1","Kabir Trivedi","Marketing & Sales","May 2026 Payroll","2026-04-30T18:30:00.000Z","2026-05-30T18:30:00.000Z","66300.00","4178.00","62122.00","Sent","Paid","","2026-09-05T15:16:11.175Z"
"1727","EMP-616A52","Simran Bhatt","Marketing & Sales","June 2026 Payroll","2026-05-31T18:30:00.000Z","2026-06-29T18:30:00.000Z","78020.00","4881.20","73138.80","Sent","Paid","","2026-09-05T15:16:11.175Z"
"1726","EMP-A34F0C","Gaurav Chatterjee","Engineering","July 2026 Payroll","2026-06-30T18:30:00.000Z","2026-07-30T18:30:00.000Z","89640.00","5578.40","84061.60","Sent","Paid","","2026-09-05T15:16:11.175Z"
"1725","EMP-A2063B","Simran Desai","Human Resources","March 2026 Payroll","2026-02-28T18:30:00.000Z","2026-03-30T18:30:00.000Z","59400.00","3764.00","55636.00","Sent","Paid","","2026-09-05T15:16:11.175Z"
"1724","EMP-196CAC","Ayaan Rao","Engineering","January 2026 Payroll","2025-12-31T18:30:00.000Z","2026-01-30T18:30:00.000Z","55680.00","3540.80","52139.20","Sent","Paid","","2026-09-05T15:16:11.175Z"
"1723","EMP-B9CB81","Sai Mehta","Human Resources","February 2026 Payroll","2026-01-31T18:30:00.000Z","2026-02-27T18:30:00.000Z","57200.00","3632.00","53568.00","Sent","Paid","","2026-09-05T15:16:11.175Z"
"1722","EMP-B2ABBD","Pooja Sengupta","Human Resources","June 2026 Payroll","2026-05-31T18:30:00.000Z","2026-06-29T18:30:00.000Z","92120.00","5727.20","86392.80","Sent","Paid","","2026-09-05T15:16:11.175Z"
"1721","EMP-06D6D7","Krishna Trivedi","Marketing & Sales","April 2026 Payroll","2026-03-31T18:30:00.000Z","2026-04-29T18:30:00.000Z","72760.00","4565.60","68194.40","Sent","Paid","","2026-09-05T15:16:11.175Z"
"1720","EMP-C9D423","Neha Gupta","Finance","February 2026 Payroll","2026-01-31T18:30:00.000Z","2026-02-27T18:30:00.000Z","67600.00","4256.00","63344.00","Sent","Paid","","2026-09-05T15:16:11.175Z"
"1719","EMP-AC6A7A","Gaurav Bansal","Finance","April 2026 Payroll","2026-03-31T18:30:00.000Z","2026-04-29T18:30:00.000Z","103790.00","6427.40","97362.60","Sent","Paid","","2026-09-05T15:16:11.175Z"
"1718","EMP-A2FF2A","Rahul Reddy","Marketing & Sales","April 2026 Payroll","2026-03-31T18:30:00.000Z","2026-04-29T18:30:00.000Z","59920.00","3795.20","56124.80","Sent","Paid","","2026-09-05T15:16:11.175Z"
"1717","EMP-487FAF","Deepak Bhatia","Human Resources","May 2026 Payroll","2026-04-30T18:30:00.000Z","2026-05-30T18:30:00.000Z","61200.00","3872.00","57328.00","Sent","Paid","","2026-09-05T15:16:11.175Z"
"1716","EMP-135933","Manish Deshmukh","Human Resources","July 2026 Payroll","2026-06-30T18:30:00.000Z","2026-07-30T18:30:00.000Z","63720.00","4023.20","59696.80","Sent","Paid","","2026-09-05T15:16:11.175Z"
"1715","EMP-3ABC1F","Krishna Trivedi","Marketing & Sales","March 2026 Payroll","2026-02-28T18:30:00.000Z","2026-03-30T18:30:00.000Z","68310.00","4298.60","64011.40","Sent","Paid","","2026-09-05T15:16:11.175Z"
"1714","EMP-729B37","Shreya Pandey","Finance","July 2026 Payroll","2026-06-30T18:30:00.000Z","2026-07-30T18:30:00.000Z","97200.00","6032.00","91168.00","Sent","Paid","","2026-09-05T15:16:11.175Z"
"1713","EMP-E331CE","Kavya Gupta","Marketing & Sales","April 2026 Payroll","2026-03-31T18:30:00.000Z","2026-04-29T18:30:00.000Z","67410.00","4244.60","63165.40","Sent","Paid","","2026-09-05T15:16:11.175Z"
"1712","EMP-E8DBA7","Vihaan Trivedi","Marketing & Sales","February 2026 Payroll","2026-01-31T18:30:00.000Z","2026-02-27T18:30:00.000Z","65520.00","4131.20","61388.80","Sent","Paid","","2026-09-05T15:16:11.175Z"
"1711","EMP-593F92","Ayaan Menon","Finance","February 2026 Payroll","2026-01-31T18:30:00.000Z","2026-02-27T18:30:00.000Z","85280.00","5316.80","79963.20","Sent","Paid","","2026-09-05T15:16:11.175Z"
"1710","EMP-334E8F","Aarav Ghosh","Human Resources","February 2026 Payroll","2026-01-31T18:30:00.000Z","2026-02-27T18:30:00.000Z","78000.00","4880.00","73120.00","Sent","Paid","","2026-09-05T15:16:11.175Z"
"1709","EMP-3E483C","Divya Shah","Marketing & Sales","June 2026 Payroll","2026-05-31T18:30:00.000Z","2026-06-29T18:30:00.000Z","62040.00","3922.40","58117.60","Sent","Paid","","2026-09-05T15:16:11.175Z"
"1708","EMP-9B0341","Siddharth Chauhan","Engineering","July 2026 Payroll","2026-06-30T18:30:00.000Z","2026-07-30T18:30:00.000Z","60480.00","3828.80","56651.20","Sent","Paid","","2026-09-05T15:16:11.175Z"
"1707","EMP-99DA86","Riya Mehta","Engineering","March 2026 Payroll","2026-02-28T18:30:00.000Z","2026-03-30T18:30:00.000Z","65340.00","4120.40","61219.60","Sent","Paid","","2026-09-05T15:16:11.175Z"
"1706","EMP-631D7A","Divya Iyer","Human Resources","February 2026 Payroll","2026-01-31T18:30:00.000Z","2026-02-27T18:30:00.000Z","84240.00","5254.40","78985.60","Sent","Paid","","2026-09-05T15:16:11.175Z"
"1705","EMP-49902F","Anjali Sengupta","Finance","May 2026 Payroll","2026-04-30T18:30:00.000Z","2026-05-30T18:30:00.000Z","69360.00","4361.60","64998.40","Sent","Paid","","2026-09-05T15:16:11.175Z"
"1704","EMP-24DB2B","Pooja Yadav","Marketing & Sales","February 2026 Payroll","2026-01-31T18:30:00.000Z","2026-02-27T18:30:00.000Z","94640.00","5878.40","88761.60","Sent","Paid","","2026-09-05T15:16:11.175Z"
"1703","EMP-33CA16","Rahul Sengupta","Human Resources","June 2026 Payroll","2026-05-31T18:30:00.000Z","2026-06-29T18:30:00.000Z","76140.00","4768.40","71371.60","Sent","Paid","","2026-09-05T15:16:11.175Z"
"1702","EMP-AEECBA","Rohan Bhatt","Finance","July 2026 Payroll","2026-06-30T18:30:00.000Z","2026-07-30T18:30:00.000Z","62640.00","3958.40","58681.60","Sent","Paid","","2026-09-05T15:16:11.175Z"
"1701","EMP-A780D2","Priya Krishnan","Engineering","April 2026 Payroll","2026-03-31T18:30:00.000Z","2026-04-29T18:30:00.000Z","84530.00","5271.80","79258.20","Sent","Paid","","2026-09-05T15:16:11.175Z"
"1700","EMP-A9E145","Neha Kapoor","Human Resources","January 2026 Payroll","2025-12-31T18:30:00.000Z","2026-01-30T18:30:00.000Z","75840.00","4750.40","71089.60","Sent","Paid","","2026-09-05T15:16:11.175Z"
"1699","EMP-4BB327","Reyansh Desai","Finance","May 2026 Payroll","2026-04-30T18:30:00.000Z","2026-05-30T18:30:00.000Z","78540.00","4912.40","73627.60","Sent","Paid","","2026-09-05T15:16:11.175Z"
"1698","EMP-8F2F80","Aryan Pandey","Human Resources","January 2026 Payroll","2025-12-31T18:30:00.000Z","2026-01-30T18:30:00.000Z","57600.00","3656.00","53944.00","Sent","Paid","","2026-09-05T15:16:11.175Z"
"1697","EMP-B70E93","Arjun Gupta","Engineering","February 2026 Payroll","2026-01-31T18:30:00.000Z","2026-02-27T18:30:00.000Z","63440.00","4006.40","59433.60","Sent","Paid","","2026-09-05T15:16:11.175Z"
"1696","EMP-CAD3C8","Sanjay Subramaniam","Human Resources","May 2026 Payroll","2026-04-30T18:30:00.000Z","2026-05-30T18:30:00.000Z","65280.00","4116.80","61163.20","Sent","Paid","","2026-09-05T15:16:11.175Z"
"1695","EMP-F998DD","Nisha Tiwari","Human Resources","June 2026 Payroll","2026-05-31T18:30:00.000Z","2026-06-29T18:30:00.000Z","93060.00","5783.60","87276.40","Sent","Paid","","2026-09-05T15:16:11.175Z"
"1694","EMP-DE1D39","Siddharth Bose","Human Resources","January 2026 Payroll","2025-12-31T18:30:00.000Z","2026-01-30T18:30:00.000Z","82560.00","5153.60","77406.40","Sent","Paid","","2026-09-05T15:16:11.175Z"
"1693","EMP-1F7DE5","Amit Bose","Marketing & Sales","January 2026 Payroll","2025-12-31T18:30:00.000Z","2026-01-30T18:30:00.000Z","60480.00","3828.80","56651.20","Sent","Paid","","2026-09-05T15:16:11.175Z"
"1692","EMP-3868B5","Sneha Kaur","Marketing & Sales","April 2026 Payroll","2026-03-31T18:30:00.000Z","2026-04-29T18:30:00.000Z","87740.00","5464.40","82275.60","Sent","Paid","","2026-09-05T15:16:11.175Z"
"1691","EMP-E64FD0","Ananya Chopra","Human Resources","February 2026 Payroll","2026-01-31T18:30:00.000Z","2026-02-27T18:30:00.000Z","81120.00","5067.20","76052.80","Sent","Paid","","2026-09-05T15:16:11.175Z"
"1690","EMP-FED9BF","Ayaan Das","Marketing & Sales","April 2026 Payroll","2026-03-31T18:30:00.000Z","2026-04-29T18:30:00.000Z","74900.00","4694.00","70206.00","Sent","Paid","","2026-09-05T15:16:11.175Z"
"1689","EMP-ED4A92","Karan Das","Engineering","January 2026 Payroll","2025-12-31T18:30:00.000Z","2026-01-30T18:30:00.000Z","55680.00","3540.80","52139.20","Sent","Paid","","2026-09-05T15:16:11.175Z"
"1688","EMP-D21DA7","Nikhil Reddy","Finance","February 2026 Payroll","2026-01-31T18:30:00.000Z","2026-02-27T18:30:00.000Z","92560.00","5753.60","86806.40","Sent","Paid","","2026-09-05T15:16:11.175Z"
"1687","EMP-51758D","Priya Chopra","Human Resources","March 2026 Payroll","2026-02-28T18:30:00.000Z","2026-03-30T18:30:00.000Z","61380.00","3882.80","57497.20","Sent","Paid","","2026-09-05T15:16:11.175Z"
"1686","EMP-8B20DA","Anjali Chauhan","Marketing & Sales","July 2026 Payroll","2026-06-30T18:30:00.000Z","2026-07-30T18:30:00.000Z","101520.00","6291.20","95228.80","Sent","Paid","","2026-09-05T15:16:11.175Z"
"1685","EMP-B87E01","Shreya Mehta","Marketing & Sales","April 2026 Payroll","2026-03-31T18:30:00.000Z","2026-04-29T18:30:00.000Z","66340.00","4180.40","62159.60","Sent","Paid","","2026-09-05T15:16:11.175Z"
"1684","EMP-2BB817","Riya Pandey","Finance","April 2026 Payroll","2026-03-31T18:30:00.000Z","2026-04-29T18:30:00.000Z","83460.00","5207.60","78252.40","Sent","Paid","","2026-09-05T15:16:11.175Z"
"1683","EMP-03D313","Vivaan Chopra","Finance","January 2026 Payroll","2025-12-31T18:30:00.000Z","2026-01-30T18:30:00.000Z","69120.00","4347.20","64772.80","Sent","Paid","","2026-09-05T15:16:11.175Z"
"1682","EMP-465F89","Siddharth Rathore","Finance","April 2026 Payroll","2026-03-31T18:30:00.000Z","2026-04-29T18:30:00.000Z","93090.00","5785.40","87304.60","Sent","Paid","","2026-09-05T15:16:11.175Z"
"1681","EMP-A2759A","Simran Desai","Marketing & Sales","March 2026 Payroll","2026-02-28T18:30:00.000Z","2026-03-30T18:30:00.000Z","77220.00","4833.20","72386.80","Sent","Paid","","2026-09-05T15:16:11.175Z"
"1680","EMP-373BCD","Vivaan Ghosh","Marketing & Sales","January 2026 Payroll","2025-12-31T18:30:00.000Z","2026-01-30T18:30:00.000Z","77760.00","4865.60","72894.40","Sent","Paid","","2026-09-05T15:16:11.175Z"
"1679","EMP-C362EF","Nikhil Pandey","Engineering","January 2026 Payroll","2025-12-31T18:30:00.000Z","2026-01-30T18:30:00.000Z","81600.00","5096.00","76504.00","Sent","Paid","","2026-09-05T15:16:11.175Z"
"1678","EMP-9A0ED4","Naveen Bhatia","Engineering","February 2026 Payroll","2026-01-31T18:30:00.000Z","2026-02-27T18:30:00.000Z","87360.00","5441.60","81918.40","Sent","Paid","","2026-09-05T15:16:11.175Z"
"1677","EMP-C923B6","Reyansh Subramaniam","Marketing & Sales","July 2026 Payroll","2026-06-30T18:30:00.000Z","2026-07-30T18:30:00.000Z","73440.00","4606.40","68833.60","Sent","Paid","","2026-09-05T15:16:11.175Z"
"1676","EMP-DB59A5","Isha Malhotra","Finance","March 2026 Payroll","2026-02-28T18:30:00.000Z","2026-03-30T18:30:00.000Z","60390.00","3823.40","56566.60","Sent","Paid","","2026-09-05T15:16:11.175Z"
"1675","EMP-D60A23","Gaurav Kulkarni","Engineering","January 2026 Payroll","2025-12-31T18:30:00.000Z","2026-01-30T18:30:00.000Z","79680.00","4980.80","74699.20","Sent","Paid","","2026-09-05T15:16:11.175Z"
"1674","EMP-ADADC1","Kabir Trivedi","Marketing & Sales","January 2026 Payroll","2025-12-31T18:30:00.000Z","2026-01-30T18:30:00.000Z","62400.00","3944.00","58456.00","Sent","Paid","","2026-09-05T15:16:11.175Z"
"1673","EMP-D8E3B9","Gaurav Rathore","Engineering","July 2026 Payroll","2026-06-30T18:30:00.000Z","2026-07-30T18:30:00.000Z","66960.00","4217.60","62742.40","Sent","Paid","","2026-09-05T15:16:11.175Z"
"1672","EMP-196CAC","Ayaan Rao","Engineering","May 2026 Payroll","2026-04-30T18:30:00.000Z","2026-05-30T18:30:00.000Z","59160.00","3749.60","55410.40","Sent","Paid","","2026-09-05T15:16:11.175Z"
"1671","EMP-7FD731","Deepak Ghosh","Engineering","June 2026 Payroll","2026-05-31T18:30:00.000Z","2026-06-29T18:30:00.000Z","53580.00","3414.80","50165.20","Sent","Paid","","2026-09-05T15:16:11.175Z"
"1670","EMP-4F5C3F","Vihaan Chauhan","Engineering","February 2026 Payroll","2026-01-31T18:30:00.000Z","2026-02-27T18:30:00.000Z","92560.00","5753.60","86806.40","Sent","Paid","","2026-09-05T15:16:11.175Z"
"1669","EMP-B16B1C","Divya Kumar","Engineering","July 2026 Payroll","2026-06-30T18:30:00.000Z","2026-07-30T18:30:00.000Z","62640.00","3958.40","58681.60","Sent","Paid","","2026-09-05T15:16:11.175Z"
"1668","EMP-28C386","Krishna Menon","Marketing & Sales","February 2026 Payroll","2026-01-31T18:30:00.000Z","2026-02-27T18:30:00.000Z","78000.00","4880.00","73120.00","Sent","Paid","","2026-09-05T15:16:11.175Z"
"1667","EMP-14F1B9","Neha Verma","Marketing & Sales","June 2026 Payroll","2026-05-31T18:30:00.000Z","2026-06-29T18:30:00.000Z","67680.00","4260.80","63419.20","Sent","Paid","","2026-09-05T15:16:11.175Z"
"1666","EMP-487FAF","Deepak Bhatia","Human Resources","January 2026 Payroll","2025-12-31T18:30:00.000Z","2026-01-30T18:30:00.000Z","57600.00","3656.00","53944.00","Sent","Paid","","2026-09-05T15:16:11.175Z"
"1665","EMP-C6D3B0","Arjun Iyer","Marketing & Sales","June 2026 Payroll","2026-05-31T18:30:00.000Z","2026-06-29T18:30:00.000Z","60160.00","3809.60","56350.40","Sent","Paid","","2026-09-05T15:16:11.175Z"
"1664","EMP-40ADF9","Ananya Shah","Marketing & Sales","February 2026 Payroll","2026-01-31T18:30:00.000Z","2026-02-27T18:30:00.000Z","100880.00","6252.80","94627.20","Sent","Paid","","2026-09-05T15:16:11.175Z"
"1663","EMP-9FBC24","Kavya Mehta","Human Resources","March 2026 Payroll","2026-02-28T18:30:00.000Z","2026-03-30T18:30:00.000Z","68310.00","4298.60","64011.40","Sent","Paid","","2026-09-05T15:16:11.175Z"
"1662","EMP-5CD515","Aryan Desai","Marketing & Sales","February 2026 Payroll","2026-01-31T18:30:00.000Z","2026-02-27T18:30:00.000Z","96720.00","6003.20","90716.80","Sent","Paid","","2026-09-05T15:16:11.175Z"
"1661","EMP-9F4A66","Nisha Chopra","Engineering","February 2026 Payroll","2026-01-31T18:30:00.000Z","2026-02-27T18:30:00.000Z","89440.00","5566.40","83873.60","Sent","Paid","","2026-09-05T15:16:11.175Z"
"1660","EMP-BA3D04","Nisha Reddy","Human Resources","April 2026 Payroll","2026-03-31T18:30:00.000Z","2026-04-29T18:30:00.000Z","78110.00","4886.60","73223.40","Sent","Paid","","2026-09-05T15:16:11.175Z"
"1659","EMP-1A3F5F","Shreya Deshmukh","Engineering","March 2026 Payroll","2026-02-28T18:30:00.000Z","2026-03-30T18:30:00.000Z","56430.00","3585.80","52844.20","Sent","Paid","","2026-09-05T15:16:11.175Z"
"1658","EMP-007415","Siddharth Banerjee","Engineering","July 2026 Payroll","2026-06-30T18:30:00.000Z","2026-07-30T18:30:00.000Z","98280.00","6096.80","92183.20","Sent","Paid","","2026-09-05T15:16:11.175Z"
"1657","EMP-E14561","Nikhil Chauhan","Marketing & Sales","January 2026 Payroll","2025-12-31T18:30:00.000Z","2026-01-30T18:30:00.000Z","88320.00","5499.20","82820.80","Sent","Paid","","2026-09-05T15:16:11.175Z"
"1656","EMP-F00A1D","Kabir Desai","Marketing & Sales","June 2026 Payroll","2026-05-31T18:30:00.000Z","2026-06-29T18:30:00.000Z","87420.00","5445.20","81974.80","Sent","Paid","","2026-09-05T15:16:11.175Z"
"1655","EMP-BDF979","Rahul Bose","Finance","May 2026 Payroll","2026-04-30T18:30:00.000Z","2026-05-30T18:30:00.000Z","93840.00","5830.40","88009.60","Sent","Paid","","2026-09-05T15:16:11.175Z"
"1654","EMP-23D32C","Sanjay Yadav","Human Resources","April 2026 Payroll","2026-03-31T18:30:00.000Z","2026-04-29T18:30:00.000Z","66340.00","4180.40","62159.60","Sent","Paid","","2026-09-05T15:16:11.175Z"
"1653","EMP-E1E4EB","Naveen Trivedi","Engineering","May 2026 Payroll","2026-04-30T18:30:00.000Z","2026-05-30T18:30:00.000Z","63240.00","3994.40","59245.60","Sent","Paid","","2026-09-05T15:16:11.175Z"
"1652","EMP-DE1D39","Siddharth Bose","Human Resources","May 2026 Payroll","2026-04-30T18:30:00.000Z","2026-05-30T18:30:00.000Z","87720.00","5463.20","82256.80","Sent","Paid","","2026-09-05T15:16:11.175Z"
"1651","EMP-1F7DE5","Amit Bose","Marketing & Sales","May 2026 Payroll","2026-04-30T18:30:00.000Z","2026-05-30T18:30:00.000Z","64260.00","4055.60","60204.40","Sent","Paid","","2026-09-05T15:16:11.175Z"
"1650","EMP-CAD3C8","Sanjay Subramaniam","Human Resources","January 2026 Payroll","2025-12-31T18:30:00.000Z","2026-01-30T18:30:00.000Z","61440.00","3886.40","57553.60","Sent","Paid","","2026-09-05T15:16:11.175Z"
"1649","EMP-CD10FE","Kavya Yadav","Finance","June 2026 Payroll","2026-05-31T18:30:00.000Z","2026-06-29T18:30:00.000Z","79900.00","4994.00","74906.00","Sent","Paid","","2026-09-05T15:16:11.175Z"
"1648","EMP-3AC246","Deepak Rathore","Finance","June 2026 Payroll","2026-05-31T18:30:00.000Z","2026-06-29T18:30:00.000Z","75200.00","4712.00","70488.00","Sent","Paid","","2026-09-05T15:16:11.175Z"
"1647","EMP-C077C9","Aarav Bhatia","Marketing & Sales","April 2026 Payroll","2026-03-31T18:30:00.000Z","2026-04-29T18:30:00.000Z","97370.00","6042.20","91327.80","Sent","Paid","","2026-09-05T15:16:11.175Z"
"1646","EMP-ED4A92","Karan Das","Engineering","May 2026 Payroll","2026-04-30T18:30:00.000Z","2026-05-30T18:30:00.000Z","59160.00","3749.60","55410.40","Sent","Paid","","2026-09-05T15:16:11.175Z"
"1645","EMP-03D313","Vivaan Chopra","Finance","May 2026 Payroll","2026-04-30T18:30:00.000Z","2026-05-30T18:30:00.000Z","73440.00","4606.40","68833.60","Sent","Paid","","2026-09-05T15:16:11.175Z"
"1644","EMP-C12C94","Ananya Yadav","Engineering","February 2026 Payroll","2026-01-31T18:30:00.000Z","2026-02-27T18:30:00.000Z","91520.00","5691.20","85828.80","Sent","Paid","","2026-09-05T15:16:11.175Z"
"1643","EMP-769127","Simran Trivedi","Engineering","March 2026 Payroll","2026-02-28T18:30:00.000Z","2026-03-30T18:30:00.000Z","75240.00","4714.40","70525.60","Sent","Paid","","2026-09-05T15:16:11.175Z"
"1642","EMP-6DC9C3","Divya Sengupta","Marketing & Sales","April 2026 Payroll","2026-03-31T18:30:00.000Z","2026-04-29T18:30:00.000Z","93090.00","5785.40","87304.60","Sent","Paid","","2026-09-05T15:16:11.175Z"
"1641","EMP-373BCD","Vivaan Ghosh","Marketing & Sales","May 2026 Payroll","2026-04-30T18:30:00.000Z","2026-05-30T18:30:00.000Z","82620.00","5157.20","77462.80","Sent","Paid","","2026-09-05T15:16:11.175Z"
"1640","EMP-C362EF","Nikhil Pandey","Engineering","May 2026 Payroll","2026-04-30T18:30:00.000Z","2026-05-30T18:30:00.000Z","86700.00","5402.00","81298.00","Sent","Paid","","2026-09-05T15:16:11.175Z"
"1639","EMP-D60A23","Gaurav Kulkarni","Engineering","May 2026 Payroll","2026-04-30T18:30:00.000Z","2026-05-30T18:30:00.000Z","84660.00","5279.60","79380.40","Sent","Paid","","2026-09-05T15:16:11.175Z"
"1638","EMP-F7C116","Sai Sharma","Marketing & Sales","March 2026 Payroll","2026-02-28T18:30:00.000Z","2026-03-30T18:30:00.000Z","66330.00","4179.80","62150.20","Sent","Paid","","2026-09-05T15:16:11.175Z"
"1637","EMP-EA22B8","Amit Bhatt","Marketing & Sales","April 2026 Payroll","2026-03-31T18:30:00.000Z","2026-04-29T18:30:00.000Z","60990.00","3859.40","57130.60","Sent","Paid","","2026-09-05T15:16:11.175Z"
"1636","EMP-FB4A53","Pooja Bansal","Finance","April 2026 Payroll","2026-03-31T18:30:00.000Z","2026-04-29T18:30:00.000Z","62060.00","3923.60","58136.40","Sent","Paid","","2026-09-05T15:16:11.175Z"
"1635","EMP-C9DB6F","Nisha Bhatt","Human Resources","March 2026 Payroll","2026-02-28T18:30:00.000Z","2026-03-30T18:30:00.000Z","88110.00","5486.60","82623.40","Sent","Paid","","2026-09-05T15:16:11.175Z"
"1634","EMP-3CA43C","Deepak Das","Marketing & Sales","February 2026 Payroll","2026-01-31T18:30:00.000Z","2026-02-27T18:30:00.000Z","65520.00","4131.20","61388.80","Sent","Paid","","2026-09-05T15:16:11.175Z"
"1633","EMP-43F6C1","Ishaan Malhotra","Human Resources","July 2026 Payroll","2026-06-30T18:30:00.000Z","2026-07-30T18:30:00.000Z","79920.00","4995.20","74924.80","Sent","Paid","","2026-09-05T15:16:11.175Z"
"1632","EMP-BD481C","Sanjay Rao","Human Resources","July 2026 Payroll","2026-06-30T18:30:00.000Z","2026-07-30T18:30:00.000Z","105840.00","6550.40","99289.60","Sent","Paid","","2026-09-05T15:16:11.175Z"
"1631","EMP-5096E5","Ishaan Chopra","Marketing & Sales","July 2026 Payroll","2026-06-30T18:30:00.000Z","2026-07-30T18:30:00.000Z","65880.00","4152.80","61727.20","Sent","Paid","","2026-09-05T15:16:11.175Z"
"1630","EMP-1F9328","Tanvi Banerjee","Marketing & Sales","April 2026 Payroll","2026-03-31T18:30:00.000Z","2026-04-29T18:30:00.000Z","80250.00","5015.00","75235.00","Sent","Paid","","2026-09-05T15:16:11.175Z"
"1629","EMP-185D9A","Manish Gupta","Finance","June 2026 Payroll","2026-05-31T18:30:00.000Z","2026-06-29T18:30:00.000Z","53580.00","3414.80","50165.20","Sent","Paid","","2026-09-05T15:16:11.175Z"
"1628","EMP-49902F","Anjali Sengupta","Finance","January 2026 Payroll","2025-12-31T18:30:00.000Z","2026-01-30T18:30:00.000Z","65280.00","4116.80","61163.20","Sent","Paid","","2026-09-05T15:16:11.175Z"
"1627","EMP-A9E145","Neha Kapoor","Human Resources","May 2026 Payroll","2026-04-30T18:30:00.000Z","2026-05-30T18:30:00.000Z","80580.00","5034.80","75545.20","Sent","Paid","","2026-09-05T15:16:11.175Z"
"1626","EMP-4BB327","Reyansh Desai","Finance","January 2026 Payroll","2025-12-31T18:30:00.000Z","2026-01-30T18:30:00.000Z","73920.00","4635.20","69284.80","Sent","Paid","","2026-09-05T15:16:11.175Z"
"1625","EMP-29137D","Nisha Saxena","Finance","February 2026 Payroll","2026-01-31T18:30:00.000Z","2026-02-27T18:30:00.000Z","73840.00","4630.40","69209.60","Sent","Paid","","2026-09-05T15:16:11.175Z"
"1624","EMP-7E71AD","Krishna Nair","Finance","July 2026 Payroll","2026-06-30T18:30:00.000Z","2026-07-30T18:30:00.000Z","102600.00","6356.00","96244.00","Sent","Paid","","2026-09-05T15:16:11.175Z"
"1623","EMP-8F2F80","Aryan Pandey","Human Resources","May 2026 Payroll","2026-04-30T18:30:00.000Z","2026-05-30T18:30:00.000Z","61200.00","3872.00","57328.00","Sent","Paid","","2026-09-05T15:16:11.175Z"
"1622","EMP-5C5A2C","Sai Agarwal","Marketing & Sales","June 2026 Payroll","2026-05-31T18:30:00.000Z","2026-06-29T18:30:00.000Z","90240.00","5614.40","84625.60","Sent","Paid","","2026-09-05T15:16:11.175Z"
"1621","EMP-D8E3B9","Gaurav Rathore","Engineering","May 2026 Payroll","2026-04-30T18:30:00.000Z","2026-05-30T18:30:00.000Z","63240.00","3994.40","59245.60","Sent","Paid","","2026-09-05T15:16:11.175Z"
"1620","EMP-DF76DB","Ananya Menon","Human Resources","March 2026 Payroll","2026-02-28T18:30:00.000Z","2026-03-30T18:30:00.000Z","83160.00","5189.60","77970.40","Sent","Paid","","2026-09-05T15:16:11.175Z"
"1619","EMP-196CAC","Ayaan Rao","Engineering","July 2026 Payroll","2026-06-30T18:30:00.000Z","2026-07-30T18:30:00.000Z","62640.00","3958.40","58681.60","Sent","Paid","","2026-09-05T15:16:11.175Z"
"1618","EMP-A34F0C","Gaurav Chatterjee","Engineering","January 2026 Payroll","2025-12-31T18:30:00.000Z","2026-01-30T18:30:00.000Z","79680.00","4980.80","74699.20","Sent","Paid","","2026-09-05T15:16:11.175Z"
"1617","EMP-A771AB","Krishna Pandey","Marketing & Sales","June 2026 Payroll","2026-05-31T18:30:00.000Z","2026-06-29T18:30:00.000Z","66740.00","4204.40","62535.60","Sent","Paid","","2026-09-05T15:16:11.175Z"
"1616","EMP-665750","Dev Yadav","Marketing & Sales","March 2026 Payroll","2026-02-28T18:30:00.000Z","2026-03-30T18:30:00.000Z","72270.00","4536.20","67733.80","Sent","Paid","","2026-09-05T15:16:11.175Z"
"1615","EMP-95E6CA","Manish Ghosh","Human Resources","March 2026 Payroll","2026-02-28T18:30:00.000Z","2026-03-30T18:30:00.000Z","87120.00","5427.20","81692.80","Sent","Paid","","2026-09-05T15:16:11.175Z"
"1614","EMP-FC3880","Pooja Pillai","Engineering","June 2026 Payroll","2026-05-31T18:30:00.000Z","2026-06-29T18:30:00.000Z","93060.00","5783.60","87276.40","Sent","Paid","","2026-09-05T15:16:11.175Z"
"1613","EMP-ABFDB9","Aarav Reddy","Finance","March 2026 Payroll","2026-02-28T18:30:00.000Z","2026-03-30T18:30:00.000Z","92070.00","5724.20","86345.80","Sent","Paid","","2026-09-05T15:16:11.175Z"
"1612","EMP-B16B1C","Divya Kumar","Engineering","May 2026 Payroll","2026-04-30T18:30:00.000Z","2026-05-30T18:30:00.000Z","59160.00","3749.60","55410.40","Sent","Paid","","2026-09-05T15:16:11.175Z"
"1611","EMP-B2C016","Anjali Reddy","Human Resources","March 2026 Payroll","2026-02-28T18:30:00.000Z","2026-03-30T18:30:00.000Z","97020.00","6021.20","90998.80","Sent","Paid","","2026-09-05T15:16:11.175Z"
"1610","EMP-CEB2D1","Rahul Das","Finance","February 2026 Payroll","2026-01-31T18:30:00.000Z","2026-02-27T18:30:00.000Z","58240.00","3694.40","54545.60","Sent","Paid","","2026-09-05T15:16:11.175Z"
"1609","EMP-007415","Siddharth Banerjee","Engineering","May 2026 Payroll","2026-04-30T18:30:00.000Z","2026-05-30T18:30:00.000Z","92820.00","5769.20","87050.80","Sent","Paid","","2026-09-05T15:16:11.175Z"
"1608","EMP-2DB9E9","Sneha Chatterjee","Finance","February 2026 Payroll","2026-01-31T18:30:00.000Z","2026-02-27T18:30:00.000Z","86320.00","5379.20","80940.80","Sent","Paid","","2026-09-05T15:16:11.175Z"
"1607","EMP-EDD910","Naveen Agarwal","Marketing & Sales","February 2026 Payroll","2026-01-31T18:30:00.000Z","2026-02-27T18:30:00.000Z","98800.00","6128.00","92672.00","Sent","Paid","","2026-09-05T15:16:11.175Z"
"1606","EMP-32F7E7","Gaurav Pandey","Human Resources","February 2026 Payroll","2026-01-31T18:30:00.000Z","2026-02-27T18:30:00.000Z","101920.00","6315.20","95604.80","Sent","Paid","","2026-09-05T15:16:11.175Z"
"1605","EMP-FCCC73","Kabir Pandey","Marketing & Sales","April 2026 Payroll","2026-03-31T18:30:00.000Z","2026-04-29T18:30:00.000Z","84530.00","5271.80","79258.20","Sent","Paid","","2026-09-05T15:16:11.175Z"
"1604","EMP-BDF979","Rahul Bose","Finance","July 2026 Payroll","2026-06-30T18:30:00.000Z","2026-07-30T18:30:00.000Z","99360.00","6161.60","93198.40","Sent","Paid","","2026-09-05T15:16:11.175Z"
"1603","EMP-E1E4EB","Naveen Trivedi","Engineering","July 2026 Payroll","2026-06-30T18:30:00.000Z","2026-07-30T18:30:00.000Z","66960.00","4217.60","62742.40","Sent","Paid","","2026-09-05T15:16:11.175Z"
"1602","EMP-ED4A92","Karan Das","Engineering","July 2026 Payroll","2026-06-30T18:30:00.000Z","2026-07-30T18:30:00.000Z","62640.00","3958.40","58681.60","Sent","Paid","","2026-09-05T15:16:11.175Z"
"1601","EMP-1F7DE5","Amit Bose","Marketing & Sales","July 2026 Payroll","2026-06-30T18:30:00.000Z","2026-07-30T18:30:00.000Z","68040.00","4282.40","63757.60","Sent","Paid","","2026-09-05T15:16:11.175Z"
"1600","EMP-DE1D39","Siddharth Bose","Human Resources","July 2026 Payroll","2026-06-30T18:30:00.000Z","2026-07-30T18:30:00.000Z","92880.00","5772.80","87107.20","Sent","Paid","","2026-09-05T15:16:11.175Z"
"1599","EMP-03D313","Vivaan Chopra","Finance","July 2026 Payroll","2026-06-30T18:30:00.000Z","2026-07-30T18:30:00.000Z","77760.00","4865.60","72894.40","Sent","Paid","","2026-09-05T15:16:11.175Z"
"1598","EMP-C405C7","Arjun Sengupta","Marketing & Sales","June 2026 Payroll","2026-05-31T18:30:00.000Z","2026-06-29T18:30:00.000Z","51700.00","3302.00","48398.00","Sent","Paid","","2026-09-05T15:16:11.175Z"
"1597","EMP-DECF50","Nisha Joshi","Marketing & Sales","March 2026 Payroll","2026-02-28T18:30:00.000Z","2026-03-30T18:30:00.000Z","75240.00","4714.40","70525.60","Sent","Paid","","2026-09-05T15:16:11.175Z"
"1596","EMP-8B20DA","Anjali Chauhan","Marketing & Sales","January 2026 Payroll","2025-12-31T18:30:00.000Z","2026-01-30T18:30:00.000Z","90240.00","5614.40","84625.60","Sent","Paid","","2026-09-05T15:16:11.175Z"
"1595","EMP-62BEDE","Meera Banerjee","Marketing & Sales","February 2026 Payroll","2026-01-31T18:30:00.000Z","2026-02-27T18:30:00.000Z","68640.00","4318.40","64321.60","Sent","Paid","","2026-09-05T15:16:11.175Z"
"1594","EMP-9753BA","Aditya Pandey","Finance","April 2026 Payroll","2026-03-31T18:30:00.000Z","2026-04-29T18:30:00.000Z","73830.00","4629.80","69200.20","Sent","Paid","","2026-09-05T15:16:11.175Z"
"1593","EMP-6B6E3D","Krishna Sengupta","Finance","March 2026 Payroll","2026-02-28T18:30:00.000Z","2026-03-30T18:30:00.000Z","68310.00","4298.60","64011.40","Sent","Paid","","2026-09-05T15:16:11.175Z"
"1592","EMP-A79F59","Kavya Reddy","Human Resources","April 2026 Payroll","2026-03-31T18:30:00.000Z","2026-04-29T18:30:00.000Z","85600.00","5336.00","80264.00","Sent","Paid","","2026-09-05T15:16:11.175Z"
"1591","EMP-821759","Kavya Bansal","Marketing & Sales","February 2026 Payroll","2026-01-31T18:30:00.000Z","2026-02-27T18:30:00.000Z","68640.00","4318.40","64321.60","Sent","Paid","","2026-09-05T15:16:11.175Z"
"1590","EMP-D60A23","Gaurav Kulkarni","Engineering","July 2026 Payroll","2026-06-30T18:30:00.000Z","2026-07-30T18:30:00.000Z","89640.00","5578.40","84061.60","Sent","Paid","","2026-09-05T15:16:11.175Z"
"1589","EMP-010161","Isha Krishnan","Finance","April 2026 Payroll","2026-03-31T18:30:00.000Z","2026-04-29T18:30:00.000Z","97370.00","6042.20","91327.80","Sent","Paid","","2026-09-05T15:16:11.175Z"
"1588","EMP-C923B6","Reyansh Subramaniam","Marketing & Sales","January 2026 Payroll","2025-12-31T18:30:00.000Z","2026-01-30T18:30:00.000Z","65280.00","4116.80","61163.20","Sent","Paid","","2026-09-05T15:16:11.175Z"
"1587","EMP-884FC9","Reyansh Chopra","Engineering","April 2026 Payroll","2026-03-31T18:30:00.000Z","2026-04-29T18:30:00.000Z","102720.00","6363.20","96356.80","Sent","Paid","","2026-09-05T15:16:11.175Z"
"1586","EMP-728205","Neha Desai","Finance","February 2026 Payroll","2026-01-31T18:30:00.000Z","2026-02-27T18:30:00.000Z","78000.00","4880.00","73120.00","Sent","Paid","","2026-09-05T15:16:11.175Z"
"1585","EMP-304B6F","Ishaan Iyer","Marketing & Sales","February 2026 Payroll","2026-01-31T18:30:00.000Z","2026-02-27T18:30:00.000Z","91520.00","5691.20","85828.80","Sent","Paid","","2026-09-05T15:16:11.175Z"
"1584","EMP-27173F","Sanjay Agarwal","Human Resources","March 2026 Payroll","2026-02-28T18:30:00.000Z","2026-03-30T18:30:00.000Z","76230.00","4773.80","71456.20","Sent","Paid","","2026-09-05T15:16:11.175Z"
"1583","EMP-373BCD","Vivaan Ghosh","Marketing & Sales","July 2026 Payroll","2026-06-30T18:30:00.000Z","2026-07-30T18:30:00.000Z","87480.00","5448.80","82031.20","Sent","Paid","","2026-09-05T15:16:11.175Z"
"1582","EMP-C362EF","Nikhil Pandey","Engineering","July 2026 Payroll","2026-06-30T18:30:00.000Z","2026-07-30T18:30:00.000Z","91800.00","5708.00","86092.00","Sent","Paid","","2026-09-05T15:16:11.175Z"
"1581","EMP-4629FD","Priya Menon","Engineering","March 2026 Payroll","2026-02-28T18:30:00.000Z","2026-03-30T18:30:00.000Z","91080.00","5664.80","85415.20","Sent","Paid","","2026-09-05T15:16:11.175Z"
"1580","EMP-68D7E7","Meera Ghosh","Human Resources","April 2026 Payroll","2026-03-31T18:30:00.000Z","2026-04-29T18:30:00.000Z","95230.00","5913.80","89316.20","Sent","Paid","","2026-09-05T15:16:11.175Z"
"1579","EMP-729B37","Shreya Pandey","Finance","January 2026 Payroll","2025-12-31T18:30:00.000Z","2026-01-30T18:30:00.000Z","86400.00","5384.00","81016.00","Sent","Paid","","2026-09-05T15:16:11.175Z"
"1578","EMP-363EFE","Nisha Kapoor","Human Resources","February 2026 Payroll","2026-01-31T18:30:00.000Z","2026-02-27T18:30:00.000Z","67600.00","4256.00","63344.00","Sent","Paid","","2026-09-05T15:16:11.175Z"
"1577","EMP-135933","Manish Deshmukh","Human Resources","January 2026 Payroll","2025-12-31T18:30:00.000Z","2026-01-30T18:30:00.000Z","56640.00","3598.40","53041.60","Sent","Paid","","2026-09-05T15:16:11.175Z"
"1576","EMP-43F6C1","Ishaan Malhotra","Human Resources","May 2026 Payroll","2026-04-30T18:30:00.000Z","2026-05-30T18:30:00.000Z","75480.00","4728.80","70751.20","Sent","Paid","","2026-09-05T15:16:11.175Z"
"1575","EMP-BD481C","Sanjay Rao","Human Resources","May 2026 Payroll","2026-04-30T18:30:00.000Z","2026-05-30T18:30:00.000Z","99960.00","6197.60","93762.40","Sent","Paid","","2026-09-05T15:16:11.175Z"
"1574","EMP-9B0341","Siddharth Chauhan","Engineering","January 2026 Payroll","2025-12-31T18:30:00.000Z","2026-01-30T18:30:00.000Z","53760.00","3425.60","50334.40","Sent","Paid","","2026-09-05T15:16:11.175Z"
"1573","EMP-5096E5","Ishaan Chopra","Marketing & Sales","May 2026 Payroll","2026-04-30T18:30:00.000Z","2026-05-30T18:30:00.000Z","62220.00","3933.20","58286.80","Sent","Paid","","2026-09-05T15:16:11.175Z"
"1572","EMP-63B1D1","Riya Krishnan","Finance","June 2026 Payroll","2026-05-31T18:30:00.000Z","2026-06-29T18:30:00.000Z","75200.00","4712.00","70488.00","Sent","Paid","","2026-09-05T15:16:11.175Z"
"1571","EMP-8F2F80","Aryan Pandey","Human Resources","July 2026 Payroll","2026-06-30T18:30:00.000Z","2026-07-30T18:30:00.000Z","64800.00","4088.00","60712.00","Sent","Paid","","2026-09-05T15:16:11.175Z"
"1570","EMP-7E71AD","Krishna Nair","Finance","May 2026 Payroll","2026-04-30T18:30:00.000Z","2026-05-30T18:30:00.000Z","96900.00","6014.00","90886.00","Sent","Paid","","2026-09-05T15:16:11.175Z"
"1569","EMP-4014FF","Vivaan Bhatia","Human Resources","March 2026 Payroll","2026-02-28T18:30:00.000Z","2026-03-30T18:30:00.000Z","80190.00","5011.40","75178.60","Sent","Paid","","2026-09-05T15:16:11.175Z"
"1568","EMP-A9E145","Neha Kapoor","Human Resources","July 2026 Payroll","2026-06-30T18:30:00.000Z","2026-07-30T18:30:00.000Z","85320.00","5319.20","80000.80","Sent","Paid","","2026-09-05T15:16:11.175Z"
"1567","EMP-AEECBA","Rohan Bhatt","Finance","January 2026 Payroll","2025-12-31T18:30:00.000Z","2026-01-30T18:30:00.000Z","55680.00","3540.80","52139.20","Sent","Paid","","2026-09-05T15:16:11.175Z"
"1566","EMP-821759","Kavya Bansal","Marketing & Sales","July 2026 Payroll","2026-06-30T18:30:00.000Z","2026-07-30T18:30:00.000Z","71280.00","4476.80","66803.20","Sent","Paid","","2026-09-05T15:16:11.175Z"
"1565","EMP-A79F59","Kavya Reddy","Human Resources","June 2026 Payroll","2026-05-31T18:30:00.000Z","2026-06-29T18:30:00.000Z","75200.00","4712.00","70488.00","Sent","Paid","","2026-09-05T15:16:11.175Z"
"1564","EMP-9753BA","Aditya Pandey","Finance","June 2026 Payroll","2026-05-31T18:30:00.000Z","2026-06-29T18:30:00.000Z","64860.00","4091.60","60768.40","Sent","Paid","","2026-09-05T15:16:11.175Z"
"1563","EMP-C12C94","Ananya Yadav","Engineering","May 2026 Payroll","2026-04-30T18:30:00.000Z","2026-05-30T18:30:00.000Z","89760.00","5585.60","84174.40","Sent","Paid","","2026-09-05T15:16:11.175Z"
"1562","EMP-56BC71","Ishaan Yadav","Marketing & Sales","March 2026 Payroll","2026-02-28T18:30:00.000Z","2026-03-30T18:30:00.000Z","99000.00","6140.00","92860.00","Sent","Paid","","2026-09-05T15:16:11.175Z"
"1561","EMP-884FC9","Reyansh Chopra","Engineering","June 2026 Payroll","2026-05-31T18:30:00.000Z","2026-06-29T18:30:00.000Z","90240.00","5614.40","84625.60","Sent","Paid","","2026-09-05T15:16:11.175Z"
"1560","EMP-58445B","Rahul Shah","Engineering","March 2026 Payroll","2026-02-28T18:30:00.000Z","2026-03-30T18:30:00.000Z","67320.00","4239.20","63080.80","Sent","Paid","","2026-09-05T15:16:11.175Z"
"1559","EMP-9A0ED4","Naveen Bhatia","Engineering","January 2026 Payroll","2025-12-31T18:30:00.000Z","2026-01-30T18:30:00.000Z","80640.00","5038.40","75601.60","Sent","Paid","","2026-09-05T15:16:11.175Z"
"1558","EMP-373BCD","Vivaan Ghosh","Marketing & Sales","February 2026 Payroll","2026-01-31T18:30:00.000Z","2026-02-27T18:30:00.000Z","84240.00","5254.40","78985.60","Sent","Paid","","2026-09-05T15:16:11.175Z"
"1557","EMP-C362EF","Nikhil Pandey","Engineering","February 2026 Payroll","2026-01-31T18:30:00.000Z","2026-02-27T18:30:00.000Z","88400.00","5504.00","82896.00","Sent","Paid","","2026-09-05T15:16:11.175Z"
"1556","EMP-010161","Isha Krishnan","Finance","June 2026 Payroll","2026-05-31T18:30:00.000Z","2026-06-29T18:30:00.000Z","85540.00","5332.40","80207.60","Sent","Paid","","2026-09-05T15:16:11.175Z"
"1555","EMP-728205","Neha Desai","Finance","July 2026 Payroll","2026-06-30T18:30:00.000Z","2026-07-30T18:30:00.000Z","81000.00","5060.00","75940.00","Sent","Paid","","2026-09-05T15:16:11.175Z"
"1554","EMP-304B6F","Ishaan Iyer","Marketing & Sales","July 2026 Payroll","2026-06-30T18:30:00.000Z","2026-07-30T18:30:00.000Z","95040.00","5902.40","89137.60","Sent","Paid","","2026-09-05T15:16:11.175Z"
"1553","EMP-D60A23","Gaurav Kulkarni","Engineering","February 2026 Payroll","2026-01-31T18:30:00.000Z","2026-02-27T18:30:00.000Z","86320.00","5379.20","80940.80","Sent","Paid","","2026-09-05T15:16:11.175Z"
"1552","EMP-DE1D39","Siddharth Bose","Human Resources","February 2026 Payroll","2026-01-31T18:30:00.000Z","2026-02-27T18:30:00.000Z","89440.00","5566.40","83873.60","Sent","Paid","","2026-09-05T15:16:11.175Z"
"1551","EMP-1F7DE5","Amit Bose","Marketing & Sales","February 2026 Payroll","2026-01-31T18:30:00.000Z","2026-02-27T18:30:00.000Z","65520.00","4131.20","61388.80","Sent","Paid","","2026-09-05T15:16:11.175Z"
"1550","EMP-E64FD0","Ananya Chopra","Human Resources","January 2026 Payroll","2025-12-31T18:30:00.000Z","2026-01-30T18:30:00.000Z","74880.00","4692.80","70187.20","Sent","Paid","","2026-09-05T15:16:11.175Z"
"1549","EMP-D21DA7","Nikhil Reddy","Finance","January 2026 Payroll","2025-12-31T18:30:00.000Z","2026-01-30T18:30:00.000Z","85440.00","5326.40","80113.60","Sent","Paid","","2026-09-05T15:16:11.175Z"
"1548","EMP-ED4A92","Karan Das","Engineering","February 2026 Payroll","2026-01-31T18:30:00.000Z","2026-02-27T18:30:00.000Z","60320.00","3819.20","56500.80","Sent","Paid","","2026-09-05T15:16:11.175Z"
"1547","EMP-62BEDE","Meera Banerjee","Marketing & Sales","July 2026 Payroll","2026-06-30T18:30:00.000Z","2026-07-30T18:30:00.000Z","71280.00","4476.80","66803.20","Sent","Paid","","2026-09-05T15:16:11.175Z"
"1546","EMP-C405C7","Arjun Sengupta","Marketing & Sales","April 2026 Payroll","2026-03-31T18:30:00.000Z","2026-04-29T18:30:00.000Z","58850.00","3731.00","55119.00","Sent","Paid","","2026-09-05T15:16:11.175Z"
"1545","EMP-03D313","Vivaan Chopra","Finance","February 2026 Payroll","2026-01-31T18:30:00.000Z","2026-02-27T18:30:00.000Z","74880.00","4692.80","70187.20","Sent","Paid","","2026-09-05T15:16:11.175Z"
"1544","EMP-63B1D1","Riya Krishnan","Finance","April 2026 Payroll","2026-03-31T18:30:00.000Z","2026-04-29T18:30:00.000Z","85600.00","5336.00","80264.00","Sent","Paid","","2026-09-05T15:16:11.175Z"
"1543","EMP-24DB2B","Pooja Yadav","Marketing & Sales","January 2026 Payroll","2025-12-31T18:30:00.000Z","2026-01-30T18:30:00.000Z","87360.00","5441.60","81918.40","Sent","Paid","","2026-09-05T15:16:11.175Z"
"1542","EMP-A9E145","Neha Kapoor","Human Resources","February 2026 Payroll","2026-01-31T18:30:00.000Z","2026-02-27T18:30:00.000Z","82160.00","5129.60","77030.40","Sent","Paid","","2026-09-05T15:16:11.175Z"
"1541","EMP-29137D","Nisha Saxena","Finance","May 2026 Payroll","2026-04-30T18:30:00.000Z","2026-05-30T18:30:00.000Z","72420.00","4545.20","67874.80","Sent","Paid","","2026-09-05T15:16:11.175Z"
"1540","EMP-8F2F80","Aryan Pandey","Human Resources","February 2026 Payroll","2026-01-31T18:30:00.000Z","2026-02-27T18:30:00.000Z","62400.00","3944.00","58456.00","Sent","Paid","","2026-09-05T15:16:11.175Z"
"1539","EMP-2CDEBE","Krishna Menon","Engineering","March 2026 Payroll","2026-02-28T18:30:00.000Z","2026-03-30T18:30:00.000Z","99000.00","6140.00","92860.00","Sent","Paid","","2026-09-05T15:16:11.175Z"
"1538","EMP-B70E93","Arjun Gupta","Engineering","January 2026 Payroll","2025-12-31T18:30:00.000Z","2026-01-30T18:30:00.000Z","58560.00","3713.60","54846.40","Sent","Paid","","2026-09-05T15:16:11.175Z"
"1537","EMP-363EFE","Nisha Kapoor","Human Resources","July 2026 Payroll","2026-06-30T18:30:00.000Z","2026-07-30T18:30:00.000Z","70200.00","4412.00","65788.00","Sent","Paid","","2026-09-05T15:16:11.175Z"
"1536","EMP-68D7E7","Meera Ghosh","Human Resources","June 2026 Payroll","2026-05-31T18:30:00.000Z","2026-06-29T18:30:00.000Z","83660.00","5219.60","78440.40","Sent","Paid","","2026-09-05T15:16:11.175Z"
"1535","EMP-E8DBA7","Vihaan Trivedi","Marketing & Sales","January 2026 Payroll","2025-12-31T18:30:00.000Z","2026-01-30T18:30:00.000Z","60480.00","3828.80","56651.20","Sent","Paid","","2026-09-05T15:16:11.175Z"
"1534","EMP-593F92","Ayaan Menon","Finance","January 2026 Payroll","2025-12-31T18:30:00.000Z","2026-01-30T18:30:00.000Z","78720.00","4923.20","73796.80","Sent","Paid","","2026-09-05T15:16:11.175Z"
"1533","EMP-3CA43C","Deepak Das","Marketing & Sales","May 2026 Payroll","2026-04-30T18:30:00.000Z","2026-05-30T18:30:00.000Z","64260.00","4055.60","60204.40","Sent","Paid","","2026-09-05T15:16:11.175Z"
"1532","EMP-334E8F","Aarav Ghosh","Human Resources","January 2026 Payroll","2025-12-31T18:30:00.000Z","2026-01-30T18:30:00.000Z","72000.00","4520.00","67480.00","Sent","Paid","","2026-09-05T15:16:11.175Z"
"1531","EMP-631D7A","Divya Iyer","Human Resources","January 2026 Payroll","2025-12-31T18:30:00.000Z","2026-01-30T18:30:00.000Z","77760.00","4865.60","72894.40","Sent","Paid","","2026-09-05T15:16:11.175Z"
"1530","EMP-B1E1C4","Nikhil Gupta","Human Resources","March 2026 Payroll","2026-02-28T18:30:00.000Z","2026-03-30T18:30:00.000Z","60390.00","3823.40","56566.60","Sent","Paid","","2026-09-05T15:16:11.175Z"
"1529","EMP-4F5C3F","Vihaan Chauhan","Engineering","May 2026 Payroll","2026-04-30T18:30:00.000Z","2026-05-30T18:30:00.000Z","90780.00","5646.80","85133.20","Sent","Paid","","2026-09-05T15:16:11.175Z"
"1528","EMP-C9D423","Neha Gupta","Finance","January 2026 Payroll","2025-12-31T18:30:00.000Z","2026-01-30T18:30:00.000Z","62400.00","3944.00","58456.00","Sent","Paid","","2026-09-05T15:16:11.175Z"
"1527","EMP-28C386","Krishna Menon","Marketing & Sales","May 2026 Payroll","2026-04-30T18:30:00.000Z","2026-05-30T18:30:00.000Z","76500.00","4790.00","71710.00","Sent","Paid","","2026-09-05T15:16:11.175Z"
"1526","EMP-FC3880","Pooja Pillai","Engineering","April 2026 Payroll","2026-03-31T18:30:00.000Z","2026-04-29T18:30:00.000Z","105930.00","6555.80","99374.20","Sent","Paid","","2026-09-05T15:16:11.175Z"
"1525","EMP-40ADF9","Ananya Shah","Marketing & Sales","May 2026 Payroll","2026-04-30T18:30:00.000Z","2026-05-30T18:30:00.000Z","98940.00","6136.40","92803.60","Sent","Paid","","2026-09-05T15:16:11.175Z"
"1524","EMP-B9CB81","Sai Mehta","Human Resources","January 2026 Payroll","2025-12-31T18:30:00.000Z","2026-01-30T18:30:00.000Z","52800.00","3368.00","49432.00","Sent","Paid","","2026-09-05T15:16:11.175Z"
"1523","EMP-196CAC","Ayaan Rao","Engineering","February 2026 Payroll","2026-01-31T18:30:00.000Z","2026-02-27T18:30:00.000Z","60320.00","3819.20","56500.80","Sent","Paid","","2026-09-05T15:16:11.175Z"
"1522","EMP-A771AB","Krishna Pandey","Marketing & Sales","April 2026 Payroll","2026-03-31T18:30:00.000Z","2026-04-29T18:30:00.000Z","75970.00","4758.20","71211.80","Sent","Paid","","2026-09-05T15:16:11.175Z"
"1521","EMP-FCCC73","Kabir Pandey","Marketing & Sales","June 2026 Payroll","2026-05-31T18:30:00.000Z","2026-06-29T18:30:00.000Z","74260.00","4655.60","69604.40","Sent","Paid","","2026-09-05T15:16:11.175Z"
"1520","EMP-BDF979","Rahul Bose","Finance","February 2026 Payroll","2026-01-31T18:30:00.000Z","2026-02-27T18:30:00.000Z","95680.00","5940.80","89739.20","Sent","Paid","","2026-09-05T15:16:11.175Z"
"1519","EMP-12F541","Ananya Kaur","Human Resources","March 2026 Payroll","2026-02-28T18:30:00.000Z","2026-03-30T18:30:00.000Z","93060.00","5783.60","87276.40","Sent","Paid","","2026-09-05T15:16:11.175Z"
"1518","EMP-E1E4EB","Naveen Trivedi","Engineering","February 2026 Payroll","2026-01-31T18:30:00.000Z","2026-02-27T18:30:00.000Z","64480.00","4068.80","60411.20","Sent","Paid","","2026-09-05T15:16:11.175Z"
"1517","EMP-CEB2D1","Rahul Das","Finance","July 2026 Payroll","2026-06-30T18:30:00.000Z","2026-07-30T18:30:00.000Z","60480.00","3828.80","56651.20","Sent","Paid","","2026-09-05T15:16:11.175Z"
"1516","EMP-5CD515","Aryan Desai","Marketing & Sales","May 2026 Payroll","2026-04-30T18:30:00.000Z","2026-05-30T18:30:00.000Z","94860.00","5891.60","88968.40","Sent","Paid","","2026-09-05T15:16:11.175Z"
"1515","EMP-9F4A66","Nisha Chopra","Engineering","May 2026 Payroll","2026-04-30T18:30:00.000Z","2026-05-30T18:30:00.000Z","87720.00","5463.20","82256.80","Sent","Paid","","2026-09-05T15:16:11.175Z"
"1514","EMP-3EB8C2","Sanjay Yadav","Human Resources","March 2026 Payroll","2026-02-28T18:30:00.000Z","2026-03-30T18:30:00.000Z","94050.00","5843.00","88207.00","Sent","Paid","","2026-09-05T15:16:11.175Z"
"1513","EMP-32F7E7","Gaurav Pandey","Human Resources","July 2026 Payroll","2026-06-30T18:30:00.000Z","2026-07-30T18:30:00.000Z","105840.00","6550.40","99289.60","Sent","Paid","","2026-09-05T15:16:11.175Z"
"1512","EMP-EDD910","Naveen Agarwal","Marketing & Sales","July 2026 Payroll","2026-06-30T18:30:00.000Z","2026-07-30T18:30:00.000Z","102600.00","6356.00","96244.00","Sent","Paid","","2026-09-05T15:16:11.175Z"
"1511","EMP-5EF5E5","Varun Ghosh","Engineering","January 2026 Payroll","2025-12-31T18:30:00.000Z","2026-01-30T18:30:00.000Z","92160.00","5729.60","86430.40","Sent","Paid","","2026-09-05T15:16:11.175Z"
"1510","EMP-2DB9E9","Sneha Chatterjee","Finance","July 2026 Payroll","2026-06-30T18:30:00.000Z","2026-07-30T18:30:00.000Z","89640.00","5578.40","84061.60","Sent","Paid","","2026-09-05T15:16:11.175Z"
"1509","EMP-C12C94","Ananya Yadav","Engineering","July 2026 Payroll","2026-06-30T18:30:00.000Z","2026-07-30T18:30:00.000Z","95040.00","5902.40","89137.60","Sent","Paid","","2026-09-05T15:16:11.175Z"
"1508","EMP-2C41F3","Pooja Agarwal","Human Resources","January 2026 Payroll","2025-12-31T18:30:00.000Z","2026-01-30T18:30:00.000Z","84480.00","5268.80","79211.20","Sent","Paid","","2026-09-05T15:16:11.175Z"
"1507","EMP-6DC9C3","Divya Sengupta","Marketing & Sales","June 2026 Payroll","2026-05-31T18:30:00.000Z","2026-06-29T18:30:00.000Z","81780.00","5106.80","76673.20","Sent","Paid","","2026-09-05T15:16:11.175Z"
"1506","EMP-821759","Kavya Bansal","Marketing & Sales","May 2026 Payroll","2026-04-30T18:30:00.000Z","2026-05-30T18:30:00.000Z","67320.00","4239.20","63080.80","Sent","Paid","","2026-09-05T15:16:11.175Z"
"1505","EMP-728205","Neha Desai","Finance","May 2026 Payroll","2026-04-30T18:30:00.000Z","2026-05-30T18:30:00.000Z","76500.00","4790.00","71710.00","Sent","Paid","","2026-09-05T15:16:11.175Z"
"1504","EMP-304B6F","Ishaan Iyer","Marketing & Sales","May 2026 Payroll","2026-04-30T18:30:00.000Z","2026-05-30T18:30:00.000Z","89760.00","5585.60","84174.40","Sent","Paid","","2026-09-05T15:16:11.175Z"
"1503","EMP-EA22B8","Amit Bhatt","Marketing & Sales","June 2026 Payroll","2026-05-31T18:30:00.000Z","2026-06-29T18:30:00.000Z","53580.00","3414.80","50165.20","Sent","Paid","","2026-09-05T15:16:11.175Z"
"1502","EMP-FB4A53","Pooja Bansal","Finance","June 2026 Payroll","2026-05-31T18:30:00.000Z","2026-06-29T18:30:00.000Z","54520.00","3471.20","51048.80","Sent","Paid","","2026-09-05T15:16:11.175Z"
"1501","EMP-CD10FE","Kavya Yadav","Finance","April 2026 Payroll","2026-03-31T18:30:00.000Z","2026-04-29T18:30:00.000Z","90950.00","5657.00","85293.00","Sent","Paid","","2026-09-05T15:16:11.175Z"
"1500","EMP-C077C9","Aarav Bhatia","Marketing & Sales","June 2026 Payroll","2026-05-31T18:30:00.000Z","2026-06-29T18:30:00.000Z","85540.00","5332.40","80207.60","Sent","Paid","","2026-09-05T15:16:11.175Z"
"1499","EMP-3AC246","Deepak Rathore","Finance","April 2026 Payroll","2026-03-31T18:30:00.000Z","2026-04-29T18:30:00.000Z","85600.00","5336.00","80264.00","Sent","Paid","","2026-09-05T15:16:11.175Z"
"1498","EMP-62BEDE","Meera Banerjee","Marketing & Sales","May 2026 Payroll","2026-04-30T18:30:00.000Z","2026-05-30T18:30:00.000Z","67320.00","4239.20","63080.80","Sent","Paid","","2026-09-05T15:16:11.175Z"
"1497","EMP-1F9328","Tanvi Banerjee","Marketing & Sales","June 2026 Payroll","2026-05-31T18:30:00.000Z","2026-06-29T18:30:00.000Z","70500.00","4430.00","66070.00","Sent","Paid","","2026-09-05T15:16:11.175Z"
"1496","EMP-7B0395","Ayaan Ghosh","Finance","March 2026 Payroll","2026-02-28T18:30:00.000Z","2026-03-30T18:30:00.000Z","71280.00","4476.80","66803.20","Sent","Paid","","2026-09-05T15:16:11.175Z"
"1495","EMP-5096E5","Ishaan Chopra","Marketing & Sales","February 2026 Payroll","2026-01-31T18:30:00.000Z","2026-02-27T18:30:00.000Z","63440.00","4006.40","59433.60","Sent","Paid","","2026-09-05T15:16:11.175Z"
"1494","EMP-185D9A","Manish Gupta","Finance","April 2026 Payroll","2026-03-31T18:30:00.000Z","2026-04-29T18:30:00.000Z","60990.00","3859.40","57130.60","Sent","Paid","","2026-09-05T15:16:11.175Z"
"1493","EMP-380E32","Kabir Kaur","Engineering","January 2026 Payroll","2025-12-31T18:30:00.000Z","2026-01-30T18:30:00.000Z","81600.00","5096.00","76504.00","Sent","Paid","","2026-09-05T15:16:11.175Z"
"1492","EMP-7E71AD","Krishna Nair","Finance","February 2026 Payroll","2026-01-31T18:30:00.000Z","2026-02-27T18:30:00.000Z","98800.00","6128.00","92672.00","Sent","Paid","","2026-09-05T15:16:11.175Z"
"1491","EMP-29137D","Nisha Saxena","Finance","July 2026 Payroll","2026-06-30T18:30:00.000Z","2026-07-30T18:30:00.000Z","76680.00","4800.80","71879.20","Sent","Paid","","2026-09-05T15:16:11.175Z"
"1490","EMP-5C5A2C","Sai Agarwal","Marketing & Sales","April 2026 Payroll","2026-03-31T18:30:00.000Z","2026-04-29T18:30:00.000Z","102720.00","6363.20","96356.80","Sent","Paid","","2026-09-05T15:16:11.175Z"
"1489","EMP-AD50E4","Sanjay Bhatt","Finance","January 2026 Payroll","2025-12-31T18:30:00.000Z","2026-01-30T18:30:00.000Z","61440.00","3886.40","57553.60","Sent","Paid","","2026-09-05T15:16:11.175Z"
"1488","EMP-3CA43C","Deepak Das","Marketing & Sales","July 2026 Payroll","2026-06-30T18:30:00.000Z","2026-07-30T18:30:00.000Z","68040.00","4282.40","63757.60","Sent","Paid","","2026-09-05T15:16:11.175Z"
"1487","EMP-7D953E","Deepak Chatterjee","Finance","January 2026 Payroll","2025-12-31T18:30:00.000Z","2026-01-30T18:30:00.000Z","67200.00","4232.00","62968.00","Sent","Paid","","2026-09-05T15:16:11.175Z"
"1486","EMP-363EFE","Nisha Kapoor","Human Resources","May 2026 Payroll","2026-04-30T18:30:00.000Z","2026-05-30T18:30:00.000Z","66300.00","4178.00","62122.00","Sent","Paid","","2026-09-05T15:16:11.175Z"
"1485","EMP-54A415","Kabir Pandey","Marketing & Sales","March 2026 Payroll","2026-02-28T18:30:00.000Z","2026-03-30T18:30:00.000Z","66330.00","4179.80","62150.20","Sent","Paid","","2026-09-05T15:16:11.175Z"
"1484","EMP-47BB8E","Naveen Shah","Finance","January 2026 Payroll","2025-12-31T18:30:00.000Z","2026-01-30T18:30:00.000Z","90240.00","5614.40","84625.60","Sent","Paid","","2026-09-05T15:16:11.175Z"
"1483","EMP-43F6C1","Ishaan Malhotra","Human Resources","February 2026 Payroll","2026-01-31T18:30:00.000Z","2026-02-27T18:30:00.000Z","76960.00","4817.60","72142.40","Sent","Paid","","2026-09-05T15:16:11.175Z"
"1482","EMP-BD481C","Sanjay Rao","Human Resources","February 2026 Payroll","2026-01-31T18:30:00.000Z","2026-02-27T18:30:00.000Z","101920.00","6315.20","95604.80","Sent","Paid","","2026-09-05T15:16:11.175Z"
"1481","EMP-7FD731","Deepak Ghosh","Engineering","April 2026 Payroll","2026-03-31T18:30:00.000Z","2026-04-29T18:30:00.000Z","60990.00","3859.40","57130.60","Sent","Paid","","2026-09-05T15:16:11.175Z"
"1480","EMP-4F5C3F","Vihaan Chauhan","Engineering","July 2026 Payroll","2026-06-30T18:30:00.000Z","2026-07-30T18:30:00.000Z","96120.00","5967.20","90152.80","Sent","Paid","","2026-09-05T15:16:11.175Z"
"1479","EMP-5FC753","Siddharth Reddy","Human Resources","January 2026 Payroll","2025-12-31T18:30:00.000Z","2026-01-30T18:30:00.000Z","59520.00","3771.20","55748.80","Sent","Paid","","2026-09-05T15:16:11.175Z"
"1478","EMP-A97CC8","Aryan Chauhan","Marketing & Sales","January 2026 Payroll","2025-12-31T18:30:00.000Z","2026-01-30T18:30:00.000Z","86400.00","5384.00","81016.00","Sent","Paid","","2026-09-05T15:16:11.175Z"
"1477","EMP-14F1B9","Neha Verma","Marketing & Sales","April 2026 Payroll","2026-03-31T18:30:00.000Z","2026-04-29T18:30:00.000Z","77040.00","4822.40","72217.60","Sent","Paid","","2026-09-05T15:16:11.175Z"
"1476","EMP-40ADF9","Ananya Shah","Marketing & Sales","July 2026 Payroll","2026-06-30T18:30:00.000Z","2026-07-30T18:30:00.000Z","104760.00","6485.60","98274.40","Sent","Paid","","2026-09-05T15:16:11.175Z"
"1475","EMP-0B3DD7","Sneha Pillai","Engineering","March 2026 Payroll","2026-02-28T18:30:00.000Z","2026-03-30T18:30:00.000Z","57420.00","3645.20","53774.80","Sent","Paid","","2026-09-05T15:16:11.175Z"
"1474","EMP-28C386","Krishna Menon","Marketing & Sales","July 2026 Payroll","2026-06-30T18:30:00.000Z","2026-07-30T18:30:00.000Z","81000.00","5060.00","75940.00","Sent","Paid","","2026-09-05T15:16:11.175Z"
"1473","EMP-C6D3B0","Arjun Iyer","Marketing & Sales","April 2026 Payroll","2026-03-31T18:30:00.000Z","2026-04-29T18:30:00.000Z","68480.00","4308.80","64171.20","Sent","Paid","","2026-09-05T15:16:11.175Z"
"1472","EMP-B16B1C","Divya Kumar","Engineering","February 2026 Payroll","2026-01-31T18:30:00.000Z","2026-02-27T18:30:00.000Z","60320.00","3819.20","56500.80","Sent","Paid","","2026-09-05T15:16:11.175Z"
"1471","EMP-D8E3B9","Gaurav Rathore","Engineering","February 2026 Payroll","2026-01-31T18:30:00.000Z","2026-02-27T18:30:00.000Z","64480.00","4068.80","60411.20","Sent","Paid","","2026-09-05T15:16:11.175Z"
"1470","EMP-46D710","Naveen Rao","Engineering","March 2026 Payroll","2026-02-28T18:30:00.000Z","2026-03-30T18:30:00.000Z","69300.00","4358.00","64942.00","Sent","Paid","","2026-09-05T15:16:11.175Z"
"1469","EMP-395314","Aarav Mishra","Engineering","January 2026 Payroll","2025-12-31T18:30:00.000Z","2026-01-30T18:30:00.000Z","66240.00","4174.40","62065.60","Sent","Paid","","2026-09-05T15:16:11.175Z"
"1468","EMP-F00A1D","Kabir Desai","Marketing & Sales","April 2026 Payroll","2026-03-31T18:30:00.000Z","2026-04-29T18:30:00.000Z","99510.00","6170.60","93339.40","Sent","Paid","","2026-09-05T15:16:11.175Z"
"1467","EMP-23D32C","Sanjay Yadav","Human Resources","June 2026 Payroll","2026-05-31T18:30:00.000Z","2026-06-29T18:30:00.000Z","58280.00","3696.80","54583.20","Sent","Paid","","2026-09-05T15:16:11.175Z"
"1466","EMP-633EC5","Naveen Iyer","Marketing & Sales","January 2026 Payroll","2025-12-31T18:30:00.000Z","2026-01-30T18:30:00.000Z","60480.00","3828.80","56651.20","Sent","Paid","","2026-09-05T15:16:11.175Z"
"1465","EMP-9F4A66","Nisha Chopra","Engineering","July 2026 Payroll","2026-06-30T18:30:00.000Z","2026-07-30T18:30:00.000Z","92880.00","5772.80","87107.20","Sent","Paid","","2026-09-05T15:16:11.175Z"
"1464","EMP-BA3D04","Nisha Reddy","Human Resources","June 2026 Payroll","2026-05-31T18:30:00.000Z","2026-06-29T18:30:00.000Z","68620.00","4317.20","64302.80","Sent","Paid","","2026-09-05T15:16:11.175Z"
"1463","EMP-1C71D7","Vivaan Gupta","Human Resources","March 2026 Payroll","2026-02-28T18:30:00.000Z","2026-03-30T18:30:00.000Z","74250.00","4655.00","69595.00","Sent","Paid","","2026-09-05T15:16:11.175Z"
"1462","EMP-5CD515","Aryan Desai","Marketing & Sales","July 2026 Payroll","2026-06-30T18:30:00.000Z","2026-07-30T18:30:00.000Z","100440.00","6226.40","94213.60","Sent","Paid","","2026-09-05T15:16:11.175Z"
"1461","EMP-CEB2D1","Rahul Das","Finance","May 2026 Payroll","2026-04-30T18:30:00.000Z","2026-05-30T18:30:00.000Z","57120.00","3627.20","53492.80","Sent","Paid","","2026-09-05T15:16:11.175Z"
"1460","EMP-779822","Divya Tiwari","Human Resources","March 2026 Payroll","2026-02-28T18:30:00.000Z","2026-03-30T18:30:00.000Z","64350.00","4061.00","60289.00","Sent","Paid","","2026-09-05T15:16:11.175Z"
"1459","EMP-2DB9E9","Sneha Chatterjee","Finance","May 2026 Payroll","2026-04-30T18:30:00.000Z","2026-05-30T18:30:00.000Z","84660.00","5279.60","79380.40","Sent","Paid","","2026-09-05T15:16:11.175Z"
"1458","EMP-007415","Siddharth Banerjee","Engineering","February 2026 Payroll","2026-01-31T18:30:00.000Z","2026-02-27T18:30:00.000Z","94640.00","5878.40","88761.60","Sent","Paid","","2026-09-05T15:16:11.175Z"
"1457","EMP-EDD910","Naveen Agarwal","Marketing & Sales","May 2026 Payroll","2026-04-30T18:30:00.000Z","2026-05-30T18:30:00.000Z","96900.00","6014.00","90886.00","Sent","Paid","","2026-09-05T15:16:11.175Z"
"1456","EMP-CAB3DA","Kabir Verma","Engineering","January 2026 Payroll","2025-12-31T18:30:00.000Z","2026-01-30T18:30:00.000Z","56640.00","3598.40","53041.60","Sent","Paid","","2026-09-05T15:16:11.175Z"
"1455","EMP-32F7E7","Gaurav Pandey","Human Resources","May 2026 Payroll","2026-04-30T18:30:00.000Z","2026-05-30T18:30:00.000Z","99960.00","6197.60","93762.40","Sent","Paid","","2026-09-05T15:16:11.175Z"
"1454","EMP-24DB2B","Pooja Yadav","Marketing & Sales","July 2026 Payroll","2026-06-30T18:30:00.000Z","2026-07-30T18:30:00.000Z","98280.00","6096.80","92183.20","Sent","Paid","","2026-09-05T15:16:11.175Z"
"1453","EMP-33CA16","Rahul Sengupta","Human Resources","April 2026 Payroll","2026-03-31T18:30:00.000Z","2026-04-29T18:30:00.000Z","86670.00","5400.20","81269.80","Sent","Paid","","2026-09-05T15:16:11.175Z"
"1452","EMP-B70E93","Arjun Gupta","Engineering","July 2026 Payroll","2026-06-30T18:30:00.000Z","2026-07-30T18:30:00.000Z","65880.00","4152.80","61727.20","Sent","Paid","","2026-09-05T15:16:11.175Z"
"1451","EMP-380E32","Kabir Kaur","Engineering","May 2026 Payroll","2026-04-30T18:30:00.000Z","2026-05-30T18:30:00.000Z","86700.00","5402.00","81298.00","Sent","Paid","","2026-09-05T15:16:11.175Z"
"1450","EMP-A780D2","Priya Krishnan","Engineering","June 2026 Payroll","2026-05-31T18:30:00.000Z","2026-06-29T18:30:00.000Z","74260.00","4655.60","69604.40","Sent","Paid","","2026-09-05T15:16:11.175Z"
"1449","EMP-AD50E4","Sanjay Bhatt","Finance","May 2026 Payroll","2026-04-30T18:30:00.000Z","2026-05-30T18:30:00.000Z","65280.00","4116.80","61163.20","Sent","Paid","","2026-09-05T15:16:11.175Z"
"1448","EMP-AEECBA","Rohan Bhatt","Finance","February 2026 Payroll","2026-01-31T18:30:00.000Z","2026-02-27T18:30:00.000Z","60320.00","3819.20","56500.80","Sent","Paid","","2026-09-05T15:16:11.175Z"
"1447","EMP-334E8F","Aarav Ghosh","Human Resources","July 2026 Payroll","2026-06-30T18:30:00.000Z","2026-07-30T18:30:00.000Z","81000.00","5060.00","75940.00","Sent","Paid","","2026-09-05T15:16:11.175Z"
"1446","EMP-E331CE","Kavya Gupta","Marketing & Sales","June 2026 Payroll","2026-05-31T18:30:00.000Z","2026-06-29T18:30:00.000Z","59220.00","3753.20","55466.80","Sent","Paid","","2026-09-05T15:16:11.175Z"
"1445","EMP-7D953E","Deepak Chatterjee","Finance","May 2026 Payroll","2026-04-30T18:30:00.000Z","2026-05-30T18:30:00.000Z","71400.00","4484.00","66916.00","Sent","Paid","","2026-09-05T15:16:11.175Z"
"1444","EMP-593F92","Ayaan Menon","Finance","July 2026 Payroll","2026-06-30T18:30:00.000Z","2026-07-30T18:30:00.000Z","88560.00","5513.60","83046.40","Sent","Paid","","2026-09-05T15:16:11.175Z"
"1443","EMP-E8DBA7","Vihaan Trivedi","Marketing & Sales","July 2026 Payroll","2026-06-30T18:30:00.000Z","2026-07-30T18:30:00.000Z","68040.00","4282.40","63757.60","Sent","Paid","","2026-09-05T15:16:11.175Z"
"1442","EMP-47BB8E","Naveen Shah","Finance","May 2026 Payroll","2026-04-30T18:30:00.000Z","2026-05-30T18:30:00.000Z","95880.00","5952.80","89927.20","Sent","Paid","","2026-09-05T15:16:11.175Z"
"1441","EMP-363EFE","Nisha Kapoor","Human Resources","January 2026 Payroll","2025-12-31T18:30:00.000Z","2026-01-30T18:30:00.000Z","62400.00","3944.00","58456.00","Sent","Paid","","2026-09-05T15:16:11.175Z"
"1440","EMP-729B37","Shreya Pandey","Finance","February 2026 Payroll","2026-01-31T18:30:00.000Z","2026-02-27T18:30:00.000Z","93600.00","5816.00","87784.00","Sent","Paid","","2026-09-05T15:16:11.175Z"
"1439","EMP-135933","Manish Deshmukh","Human Resources","February 2026 Payroll","2026-01-31T18:30:00.000Z","2026-02-27T18:30:00.000Z","61360.00","3881.60","57478.40","Sent","Paid","","2026-09-05T15:16:11.175Z"
"1438","EMP-631D7A","Divya Iyer","Human Resources","July 2026 Payroll","2026-06-30T18:30:00.000Z","2026-07-30T18:30:00.000Z","87480.00","5448.80","82031.20","Sent","Paid","","2026-09-05T15:16:11.175Z"
"1437","EMP-3E483C","Divya Shah","Marketing & Sales","April 2026 Payroll","2026-03-31T18:30:00.000Z","2026-04-29T18:30:00.000Z","70620.00","4437.20","66182.80","Sent","Paid","","2026-09-05T15:16:11.175Z"
"1436","EMP-874F6D","Karan Chatterjee","Human Resources","March 2026 Payroll","2026-02-28T18:30:00.000Z","2026-03-30T18:30:00.000Z","73260.00","4595.60","68664.40","Sent","Paid","","2026-09-05T15:16:11.175Z"
"1435","EMP-9B0341","Siddharth Chauhan","Engineering","February 2026 Payroll","2026-01-31T18:30:00.000Z","2026-02-27T18:30:00.000Z","58240.00","3694.40","54545.60","Sent","Paid","","2026-09-05T15:16:11.175Z"
"1434","EMP-465F89","Siddharth Rathore","Finance","June 2026 Payroll","2026-05-31T18:30:00.000Z","2026-06-29T18:30:00.000Z","81780.00","5106.80","76673.20","Sent","Paid","","2026-09-05T15:16:11.175Z"
"1433","EMP-2C41F3","Pooja Agarwal","Human Resources","May 2026 Payroll","2026-04-30T18:30:00.000Z","2026-05-30T18:30:00.000Z","89760.00","5585.60","84174.40","Sent","Paid","","2026-09-05T15:16:11.175Z"
"1432","EMP-821759","Kavya Bansal","Marketing & Sales","January 2026 Payroll","2025-12-31T18:30:00.000Z","2026-01-30T18:30:00.000Z","63360.00","4001.60","59358.40","Sent","Paid","","2026-09-05T15:16:11.175Z"
"1431","EMP-C923B6","Reyansh Subramaniam","Marketing & Sales","February 2026 Payroll","2026-01-31T18:30:00.000Z","2026-02-27T18:30:00.000Z","70720.00","4443.20","66276.80","Sent","Paid","","2026-09-05T15:16:11.175Z"
"1430","EMP-728205","Neha Desai","Finance","January 2026 Payroll","2025-12-31T18:30:00.000Z","2026-01-30T18:30:00.000Z","72000.00","4520.00","67480.00","Sent","Paid","","2026-09-05T15:16:11.175Z"
"1429","EMP-304B6F","Ishaan Iyer","Marketing & Sales","January 2026 Payroll","2025-12-31T18:30:00.000Z","2026-01-30T18:30:00.000Z","84480.00","5268.80","79211.20","Sent","Paid","","2026-09-05T15:16:11.175Z"
"1428","EMP-9A0ED4","Naveen Bhatia","Engineering","July 2026 Payroll","2026-06-30T18:30:00.000Z","2026-07-30T18:30:00.000Z","90720.00","5643.20","85076.80","Sent","Paid","","2026-09-05T15:16:11.175Z"
"1427","EMP-D21DA7","Nikhil Reddy","Finance","July 2026 Payroll","2026-06-30T18:30:00.000Z","2026-07-30T18:30:00.000Z","96120.00","5967.20","90152.80","Sent","Paid","","2026-09-05T15:16:11.175Z"
"1426","EMP-3868B5","Sneha Kaur","Marketing & Sales","June 2026 Payroll","2026-05-31T18:30:00.000Z","2026-06-29T18:30:00.000Z","77080.00","4824.80","72255.20","Sent","Paid","","2026-09-05T15:16:11.175Z"
"1425","EMP-E64FD0","Ananya Chopra","Human Resources","July 2026 Payroll","2026-06-30T18:30:00.000Z","2026-07-30T18:30:00.000Z","84240.00","5254.40","78985.60","Sent","Paid","","2026-09-05T15:16:11.175Z"
"1424","EMP-F998DD","Nisha Tiwari","Human Resources","April 2026 Payroll","2026-03-31T18:30:00.000Z","2026-04-29T18:30:00.000Z","105930.00","6555.80","99374.20","Sent","Paid","","2026-09-05T15:16:11.175Z"
"1423","EMP-FED9BF","Ayaan Das","Marketing & Sales","June 2026 Payroll","2026-05-31T18:30:00.000Z","2026-06-29T18:30:00.000Z","65800.00","4148.00","61652.00","Sent","Paid","","2026-09-05T15:16:11.175Z"
"1422","EMP-DC4175","Arjun Bose","Finance","March 2026 Payroll","2026-02-28T18:30:00.000Z","2026-03-30T18:30:00.000Z","79200.00","4952.00","74248.00","Sent","Paid","","2026-09-05T15:16:11.175Z"
"1421","EMP-B87E01","Shreya Mehta","Marketing & Sales","June 2026 Payroll","2026-05-31T18:30:00.000Z","2026-06-29T18:30:00.000Z","58280.00","3696.80","54583.20","Sent","Paid","","2026-09-05T15:16:11.175Z"
"1420","EMP-07509A","Varun Shah","Human Resources","March 2026 Payroll","2026-02-28T18:30:00.000Z","2026-03-30T18:30:00.000Z","85140.00","5308.40","79831.60","Sent","Paid","","2026-09-05T15:16:11.175Z"
"1419","EMP-62BEDE","Meera Banerjee","Marketing & Sales","January 2026 Payroll","2025-12-31T18:30:00.000Z","2026-01-30T18:30:00.000Z","63360.00","4001.60","59358.40","Sent","Paid","","2026-09-05T15:16:11.175Z"
"1418","EMP-8B20DA","Anjali Chauhan","Marketing & Sales","February 2026 Payroll","2026-01-31T18:30:00.000Z","2026-02-27T18:30:00.000Z","97760.00","6065.60","91694.40","Sent","Paid","","2026-09-05T15:16:11.175Z"
"1417","EMP-2BB817","Riya Pandey","Finance","June 2026 Payroll","2026-05-31T18:30:00.000Z","2026-06-29T18:30:00.000Z","73320.00","4599.20","68720.80","Sent","Paid","","2026-09-05T15:16:11.175Z"
"1416","EMP-6B5B44","Manish Tiwari","Human Resources","April 2026 Payroll","2026-03-31T18:30:00.000Z","2026-04-29T18:30:00.000Z","75970.00","4758.20","71211.80","Sent","Paid","","2026-09-05T15:16:11.175Z"
"1415","EMP-633EC5","Naveen Iyer","Marketing & Sales","May 2026 Payroll","2026-04-30T18:30:00.000Z","2026-05-30T18:30:00.000Z","64260.00","4055.60","60204.40","Sent","Paid","","2026-09-05T15:16:11.175Z"
"1414","EMP-3654EA","Kabir Verma","Human Resources","June 2026 Payroll","2026-05-31T18:30:00.000Z","2026-06-29T18:30:00.000Z","93060.00","5783.60","87276.40","Sent","Paid","","2026-09-05T15:16:11.175Z"
"1413","EMP-9B6E89","Manish Agarwal","Finance","April 2026 Payroll","2026-03-31T18:30:00.000Z","2026-04-29T18:30:00.000Z","103790.00","6427.40","97362.60","Sent","Paid","","2026-09-05T15:16:11.175Z"
"1412","EMP-E0044B","Vivaan Bansal","Marketing & Sales","March 2026 Payroll","2026-02-28T18:30:00.000Z","2026-03-30T18:30:00.000Z","70290.00","4417.40","65872.60","Sent","Paid","","2026-09-05T15:16:11.175Z"
"1411","EMP-18C787","Nikhil Banerjee","Human Resources","April 2026 Payroll","2026-03-31T18:30:00.000Z","2026-04-29T18:30:00.000Z","63130.00","3987.80","59142.20","Sent","Paid","","2026-09-05T15:16:11.175Z"
"1410","EMP-CEB2D1","Rahul Das","Finance","January 2026 Payroll","2025-12-31T18:30:00.000Z","2026-01-30T18:30:00.000Z","53760.00","3425.60","50334.40","Sent","Paid","","2026-09-05T15:16:11.175Z"
"1409","EMP-2DB9E9","Sneha Chatterjee","Finance","January 2026 Payroll","2025-12-31T18:30:00.000Z","2026-01-30T18:30:00.000Z","79680.00","4980.80","74699.20","Sent","Paid","","2026-09-05T15:16:11.175Z"
"1408","EMP-5EF5E5","Varun Ghosh","Engineering","July 2026 Payroll","2026-06-30T18:30:00.000Z","2026-07-30T18:30:00.000Z","103680.00","6420.80","97259.20","Sent","Paid","","2026-09-05T15:16:11.175Z"
"1407","EMP-CAB3DA","Kabir Verma","Engineering","May 2026 Payroll","2026-04-30T18:30:00.000Z","2026-05-30T18:30:00.000Z","60180.00","3810.80","56369.20","Sent","Paid","","2026-09-05T15:16:11.175Z"
"1406","EMP-3BDCA7","Krishna Kumar","Finance","March 2026 Payroll","2026-02-28T18:30:00.000Z","2026-03-30T18:30:00.000Z","73260.00","4595.60","68664.40","Sent","Paid","","2026-09-05T15:16:11.175Z"
"1405","EMP-EDD910","Naveen Agarwal","Marketing & Sales","January 2026 Payroll","2025-12-31T18:30:00.000Z","2026-01-30T18:30:00.000Z","91200.00","5672.00","85528.00","Sent","Paid","","2026-09-05T15:16:11.175Z"
"1404","EMP-32F7E7","Gaurav Pandey","Human Resources","January 2026 Payroll","2025-12-31T18:30:00.000Z","2026-01-30T18:30:00.000Z","94080.00","5844.80","88235.20","Sent","Paid","","2026-09-05T15:16:11.175Z"
"1403","EMP-06D6D7","Krishna Trivedi","Marketing & Sales","June 2026 Payroll","2026-05-31T18:30:00.000Z","2026-06-29T18:30:00.000Z","63920.00","4035.20","59884.80","Sent","Paid","","2026-09-05T15:16:11.175Z"
"1402","EMP-C9D423","Neha Gupta","Finance","July 2026 Payroll","2026-06-30T18:30:00.000Z","2026-07-30T18:30:00.000Z","70200.00","4412.00","65788.00","Sent","Paid","","2026-09-05T15:16:11.175Z"
"1401","EMP-5FC753","Siddharth Reddy","Human Resources","May 2026 Payroll","2026-04-30T18:30:00.000Z","2026-05-30T18:30:00.000Z","63240.00","3994.40","59245.60","Sent","Paid","","2026-09-05T15:16:11.175Z"
"1400","EMP-A97CC8","Aryan Chauhan","Marketing & Sales","May 2026 Payroll","2026-04-30T18:30:00.000Z","2026-05-30T18:30:00.000Z","91800.00","5708.00","86092.00","Sent","Paid","","2026-09-05T15:16:11.175Z"
"1399","EMP-AC6A7A","Gaurav Bansal","Finance","June 2026 Payroll","2026-05-31T18:30:00.000Z","2026-06-29T18:30:00.000Z","91180.00","5670.80","85509.20","Sent","Paid","","2026-09-05T15:16:11.175Z"
"1398","EMP-A2FF2A","Rahul Reddy","Marketing & Sales","June 2026 Payroll","2026-05-31T18:30:00.000Z","2026-06-29T18:30:00.000Z","52640.00","3358.40","49281.60","Sent","Paid","","2026-09-05T15:16:11.175Z"
"1397","EMP-616A52","Simran Bhatt","Marketing & Sales","April 2026 Payroll","2026-03-31T18:30:00.000Z","2026-04-29T18:30:00.000Z","88810.00","5528.60","83281.40","Sent","Paid","","2026-09-05T15:16:11.175Z"
"1396","EMP-B9CB81","Sai Mehta","Human Resources","July 2026 Payroll","2026-06-30T18:30:00.000Z","2026-07-30T18:30:00.000Z","59400.00","3764.00","55636.00","Sent","Paid","","2026-09-05T15:16:11.175Z"
"1395","EMP-A34F0C","Gaurav Chatterjee","Engineering","February 2026 Payroll","2026-01-31T18:30:00.000Z","2026-02-27T18:30:00.000Z","86320.00","5379.20","80940.80","Sent","Paid","","2026-09-05T15:16:11.175Z"
"1394","EMP-395314","Aarav Mishra","Engineering","May 2026 Payroll","2026-04-30T18:30:00.000Z","2026-05-30T18:30:00.000Z","70380.00","4422.80","65957.20","Sent","Paid","","2026-09-05T15:16:11.175Z"
"1393","EMP-D4B583","Shreya Iyer","Finance","March 2026 Payroll","2026-02-28T18:30:00.000Z","2026-03-30T18:30:00.000Z","93060.00","5783.60","87276.40","Sent","Paid","","2026-09-05T15:16:11.175Z"
"1392","EMP-B2ABBD","Pooja Sengupta","Human Resources","April 2026 Payroll","2026-03-31T18:30:00.000Z","2026-04-29T18:30:00.000Z","104860.00","6491.60","98368.40","Sent","Paid","","2026-09-05T15:16:11.175Z"
"1391","EMP-04DC66","Deepak Bansal","Human Resources","March 2026 Payroll","2026-02-28T18:30:00.000Z","2026-03-30T18:30:00.000Z","66330.00","4179.80","62150.20","Sent","Paid","","2026-09-05T15:16:11.175Z"
"1390","EMP-0ADF2E","Divya Bhatia","Human Resources","April 2026 Payroll","2026-03-31T18:30:00.000Z","2026-04-29T18:30:00.000Z","105930.00","6555.80","99374.20","Sent","Paid","","2026-09-05T15:16:11.175Z"
"1389","EMP-24DB2B","Pooja Yadav","Marketing & Sales","May 2026 Payroll","2026-04-30T18:30:00.000Z","2026-05-30T18:30:00.000Z","92820.00","5769.20","87050.80","Sent","Paid","","2026-09-05T15:16:11.175Z"
"1388","EMP-49902F","Anjali Sengupta","Finance","February 2026 Payroll","2026-01-31T18:30:00.000Z","2026-02-27T18:30:00.000Z","70720.00","4443.20","66276.80","Sent","Paid","","2026-09-05T15:16:11.175Z"
"1387","EMP-AD50E4","Sanjay Bhatt","Finance","July 2026 Payroll","2026-06-30T18:30:00.000Z","2026-07-30T18:30:00.000Z","69120.00","4347.20","64772.80","Sent","Paid","","2026-09-05T15:16:11.175Z"
"1386","EMP-29137D","Nisha Saxena","Finance","January 2026 Payroll","2025-12-31T18:30:00.000Z","2026-01-30T18:30:00.000Z","68160.00","4289.60","63870.40","Sent","Paid","","2026-09-05T15:16:11.175Z"
"1385","EMP-4BB327","Reyansh Desai","Finance","February 2026 Payroll","2026-01-31T18:30:00.000Z","2026-02-27T18:30:00.000Z","80080.00","5004.80","75075.20","Sent","Paid","","2026-09-05T15:16:11.175Z"
"1384","EMP-380E32","Kabir Kaur","Engineering","July 2026 Payroll","2026-06-30T18:30:00.000Z","2026-07-30T18:30:00.000Z","91800.00","5708.00","86092.00","Sent","Paid","","2026-09-05T15:16:11.175Z"
"1383","EMP-B70E93","Arjun Gupta","Engineering","May 2026 Payroll","2026-04-30T18:30:00.000Z","2026-05-30T18:30:00.000Z","62220.00","3933.20","58286.80","Sent","Paid","","2026-09-05T15:16:11.175Z"
"1382","EMP-47BB8E","Naveen Shah","Finance","July 2026 Payroll","2026-06-30T18:30:00.000Z","2026-07-30T18:30:00.000Z","101520.00","6291.20","95228.80","Sent","Paid","","2026-09-05T15:16:11.175Z"
"1381","EMP-E8DBA7","Vihaan Trivedi","Marketing & Sales","May 2026 Payroll","2026-04-30T18:30:00.000Z","2026-05-30T18:30:00.000Z","64260.00","4055.60","60204.40","Sent","Paid","","2026-09-05T15:16:11.175Z"
"1380","EMP-593F92","Ayaan Menon","Finance","May 2026 Payroll","2026-04-30T18:30:00.000Z","2026-05-30T18:30:00.000Z","83640.00","5218.40","78421.60","Sent","Paid","","2026-09-05T15:16:11.175Z"
"1379","EMP-334E8F","Aarav Ghosh","Human Resources","May 2026 Payroll","2026-04-30T18:30:00.000Z","2026-05-30T18:30:00.000Z","76500.00","4790.00","71710.00","Sent","Paid","","2026-09-05T15:16:11.175Z"
"1378","EMP-7D953E","Deepak Chatterjee","Finance","July 2026 Payroll","2026-06-30T18:30:00.000Z","2026-07-30T18:30:00.000Z","75600.00","4736.00","70864.00","Sent","Paid","","2026-09-05T15:16:11.175Z"
"1377","EMP-35E126","Arjun Desai","Engineering","March 2026 Payroll","2026-02-28T18:30:00.000Z","2026-03-30T18:30:00.000Z","66330.00","4179.80","62150.20","Sent","Paid","","2026-09-05T15:16:11.175Z"
"1376","EMP-3CA43C","Deepak Das","Marketing & Sales","January 2026 Payroll","2025-12-31T18:30:00.000Z","2026-01-30T18:30:00.000Z","60480.00","3828.80","56651.20","Sent","Paid","","2026-09-05T15:16:11.175Z"
"1375","EMP-631D7A","Divya Iyer","Human Resources","May 2026 Payroll","2026-04-30T18:30:00.000Z","2026-05-30T18:30:00.000Z","82620.00","5157.20","77462.80","Sent","Paid","","2026-09-05T15:16:11.175Z"
"1374","EMP-8FE05D","Vihaan Chauhan","Engineering","June 2026 Payroll","2026-05-31T18:30:00.000Z","2026-06-29T18:30:00.000Z","51700.00","3302.00","48398.00","Sent","Paid","","2026-09-05T15:16:11.175Z"
"1373","EMP-B55DE9","Naveen Trivedi","Engineering","April 2026 Payroll","2026-03-31T18:30:00.000Z","2026-04-29T18:30:00.000Z","103790.00","6427.40","97362.60","Sent","Paid","","2026-09-05T15:16:11.175Z"
"1372","EMP-2C41F3","Pooja Agarwal","Human Resources","July 2026 Payroll","2026-06-30T18:30:00.000Z","2026-07-30T18:30:00.000Z","95040.00","5902.40","89137.60","Sent","Paid","","2026-09-05T15:16:11.175Z"
"1371","EMP-43E7D8","Nisha Shah","Human Resources","April 2026 Payroll","2026-03-31T18:30:00.000Z","2026-04-29T18:30:00.000Z","64200.00","4052.00","60148.00","Sent","Paid","","2026-09-05T15:16:11.175Z"
"1370","EMP-C12C94","Ananya Yadav","Engineering","January 2026 Payroll","2025-12-31T18:30:00.000Z","2026-01-30T18:30:00.000Z","84480.00","5268.80","79211.20","Sent","Paid","","2026-09-05T15:16:11.175Z"
"1369","EMP-DA36F1","Vihaan Desai","Finance","June 2026 Payroll","2026-05-31T18:30:00.000Z","2026-06-29T18:30:00.000Z","80840.00","5050.40","75789.60","Sent","Paid","","2026-09-05T15:16:11.175Z"
"1368","EMP-9A0ED4","Naveen Bhatia","Engineering","May 2026 Payroll","2026-04-30T18:30:00.000Z","2026-05-30T18:30:00.000Z","85680.00","5340.80","80339.20","Sent","Paid","","2026-09-05T15:16:11.175Z"
"1367","EMP-CAD3C8","Sanjay Subramaniam","Human Resources","February 2026 Payroll","2026-01-31T18:30:00.000Z","2026-02-27T18:30:00.000Z","66560.00","4193.60","62366.40","Sent","Paid","","2026-09-05T15:16:11.175Z"
"1366","EMP-E64FD0","Ananya Chopra","Human Resources","May 2026 Payroll","2026-04-30T18:30:00.000Z","2026-05-30T18:30:00.000Z","79560.00","4973.60","74586.40","Sent","Paid","","2026-09-05T15:16:11.175Z"
"1365","EMP-D21DA7","Nikhil Reddy","Finance","May 2026 Payroll","2026-04-30T18:30:00.000Z","2026-05-30T18:30:00.000Z","90780.00","5646.80","85133.20","Sent","Paid","","2026-09-05T15:16:11.175Z"
"1364","EMP-299D2B","Krishna Deshmukh","Finance","April 2026 Payroll","2026-03-31T18:30:00.000Z","2026-04-29T18:30:00.000Z","68480.00","4308.80","64171.20","Sent","Paid","","2026-09-05T15:16:11.175Z"
"1363","EMP-219061","Anjali Yadav","Marketing & Sales","April 2026 Payroll","2026-03-31T18:30:00.000Z","2026-04-29T18:30:00.000Z","89880.00","5592.80","84287.20","Sent","Paid","","2026-09-05T15:16:11.175Z"
"1362","EMP-75C6ED","Tanvi Sengupta","Engineering","April 2026 Payroll","2026-03-31T18:30:00.000Z","2026-04-29T18:30:00.000Z","81320.00","5079.20","76240.80","Sent","Paid","","2026-09-05T15:16:11.175Z"
"1361","EMP-31C154","Rahul Nair","Marketing & Sales","March 2026 Payroll","2026-02-28T18:30:00.000Z","2026-03-30T18:30:00.000Z","75240.00","4714.40","70525.60","Sent","Paid","","2026-09-05T15:16:11.175Z"
"1360","EMP-E14561","Nikhil Chauhan","Marketing & Sales","February 2026 Payroll","2026-01-31T18:30:00.000Z","2026-02-27T18:30:00.000Z","95680.00","5940.80","89739.20","Sent","Paid","","2026-09-05T15:16:11.175Z"
"1359","EMP-754829","Pooja Chatterjee","Finance","June 2026 Payroll","2026-05-31T18:30:00.000Z","2026-06-29T18:30:00.000Z","59220.00","3753.20","55466.80","Sent","Paid","","2026-09-05T15:16:11.175Z"
"1358","EMP-7A2A04","Karan Menon","Engineering","June 2026 Payroll","2026-05-31T18:30:00.000Z","2026-06-29T18:30:00.000Z","89300.00","5558.00","83742.00","Sent","Paid","","2026-09-05T15:16:11.175Z"
"1357","EMP-C052E5","Aditya Trivedi","Marketing & Sales","March 2026 Payroll","2026-02-28T18:30:00.000Z","2026-03-30T18:30:00.000Z","78210.00","4892.60","73317.40","Sent","Paid","","2026-09-05T15:16:11.175Z"
"1356","EMP-633EC5","Naveen Iyer","Marketing & Sales","July 2026 Payroll","2026-06-30T18:30:00.000Z","2026-07-30T18:30:00.000Z","68040.00","4282.40","63757.60","Sent","Paid","","2026-09-05T15:16:11.175Z"
"1355","EMP-46A33D","Tanvi Pandey","Marketing & Sales","June 2026 Payroll","2026-05-31T18:30:00.000Z","2026-06-29T18:30:00.000Z","85540.00","5332.40","80207.60","Sent","Paid","","2026-09-05T15:16:11.175Z"
"1354","EMP-5CD515","Aryan Desai","Marketing & Sales","January 2026 Payroll","2025-12-31T18:30:00.000Z","2026-01-30T18:30:00.000Z","89280.00","5556.80","83723.20","Sent","Paid","","2026-09-05T15:16:11.175Z"
"1353","EMP-352914","Varun Pillai","Marketing & Sales","March 2026 Payroll","2026-02-28T18:30:00.000Z","2026-03-30T18:30:00.000Z","86130.00","5367.80","80762.20","Sent","Paid","","2026-09-05T15:16:11.175Z"
"1352","EMP-9F4A66","Nisha Chopra","Engineering","January 2026 Payroll","2025-12-31T18:30:00.000Z","2026-01-30T18:30:00.000Z","82560.00","5153.60","77406.40","Sent","Paid","","2026-09-05T15:16:11.175Z"
"1351","EMP-288B30","Divya Rao","Human Resources","April 2026 Payroll","2026-03-31T18:30:00.000Z","2026-04-29T18:30:00.000Z","64200.00","4052.00","60148.00","Sent","Paid","","2026-09-05T15:16:11.175Z"
"1350","EMP-CAB3DA","Kabir Verma","Engineering","July 2026 Payroll","2026-06-30T18:30:00.000Z","2026-07-30T18:30:00.000Z","63720.00","4023.20","59696.80","Sent","Paid","","2026-09-05T15:16:11.175Z"
"1349","EMP-5EF5E5","Varun Ghosh","Engineering","May 2026 Payroll","2026-04-30T18:30:00.000Z","2026-05-30T18:30:00.000Z","97920.00","6075.20","91844.80","Sent","Paid","","2026-09-05T15:16:11.175Z"
"1348","EMP-A97CC8","Aryan Chauhan","Marketing & Sales","July 2026 Payroll","2026-06-30T18:30:00.000Z","2026-07-30T18:30:00.000Z","97200.00","6032.00","91168.00","Sent","Paid","","2026-09-05T15:16:11.175Z"
"1347","EMP-5FC753","Siddharth Reddy","Human Resources","July 2026 Payroll","2026-06-30T18:30:00.000Z","2026-07-30T18:30:00.000Z","66960.00","4217.60","62742.40","Sent","Paid","","2026-09-05T15:16:11.175Z"
"1346","EMP-C9D423","Neha Gupta","Finance","May 2026 Payroll","2026-04-30T18:30:00.000Z","2026-05-30T18:30:00.000Z","66300.00","4178.00","62122.00","Sent","Paid","","2026-09-05T15:16:11.175Z"
"1345","EMP-4F5C3F","Vihaan Chauhan","Engineering","January 2026 Payroll","2025-12-31T18:30:00.000Z","2026-01-30T18:30:00.000Z","85440.00","5326.40","80113.60","Sent","Paid","","2026-09-05T15:16:11.175Z"
"1344","EMP-28C386","Krishna Menon","Marketing & Sales","January 2026 Payroll","2025-12-31T18:30:00.000Z","2026-01-30T18:30:00.000Z","72000.00","4520.00","67480.00","Sent","Paid","","2026-09-05T15:16:11.175Z"
"1343","EMP-487FAF","Deepak Bhatia","Human Resources","February 2026 Payroll","2026-01-31T18:30:00.000Z","2026-02-27T18:30:00.000Z","62400.00","3944.00","58456.00","Sent","Paid","","2026-09-05T15:16:11.175Z"
"1342","EMP-1358A4","Sneha Yadav","Engineering","June 2026 Payroll","2026-05-31T18:30:00.000Z","2026-06-29T18:30:00.000Z","77080.00","4824.80","72255.20","Sent","Paid","","2026-09-05T15:16:11.175Z"
"1341","EMP-40ADF9","Ananya Shah","Marketing & Sales","January 2026 Payroll","2025-12-31T18:30:00.000Z","2026-01-30T18:30:00.000Z","93120.00","5787.20","87332.80","Sent","Paid","","2026-09-05T15:16:11.175Z"
"1340","EMP-5AD2CA","Simran Chatterjee","Engineering","April 2026 Payroll","2026-03-31T18:30:00.000Z","2026-04-29T18:30:00.000Z","60990.00","3859.40","57130.60","Sent","Paid","","2026-09-05T15:16:11.175Z"
"1339","EMP-87001D","Anjali Krishnan","Marketing & Sales","June 2026 Payroll","2026-05-31T18:30:00.000Z","2026-06-29T18:30:00.000Z","82720.00","5163.20","77556.80","Sent","Paid","","2026-09-05T15:16:11.175Z"
"1338","EMP-0C09F1","Reyansh Sharma","Human Resources","June 2026 Payroll","2026-05-31T18:30:00.000Z","2026-06-29T18:30:00.000Z","74260.00","4655.60","69604.40","Sent","Paid","","2026-09-05T15:16:11.175Z"
"1337","EMP-83C86A","Riya Menon","Human Resources","June 2026 Payroll","2026-05-31T18:30:00.000Z","2026-06-29T18:30:00.000Z","73320.00","4599.20","68720.80","Sent","Paid","","2026-09-05T15:16:11.175Z"
"1336","EMP-ADADC1","Kabir Trivedi","Marketing & Sales","February 2026 Payroll","2026-01-31T18:30:00.000Z","2026-02-27T18:30:00.000Z","67600.00","4256.00","63344.00","Sent","Paid","","2026-09-05T15:16:11.175Z"
"1335","EMP-F7D61A","Vivaan Bansal","Human Resources","April 2026 Payroll","2026-03-31T18:30:00.000Z","2026-04-29T18:30:00.000Z","77040.00","4822.40","72217.60","Sent","Paid","","2026-09-05T15:16:11.175Z"
"1334","EMP-12A7C2","Siddharth Kaur","Finance","April 2026 Payroll","2026-03-31T18:30:00.000Z","2026-04-29T18:30:00.000Z","63130.00","3987.80","59142.20","Sent","Paid","","2026-09-05T15:16:11.175Z"
"1333","EMP-395314","Aarav Mishra","Engineering","July 2026 Payroll","2026-06-30T18:30:00.000Z","2026-07-30T18:30:00.000Z","74520.00","4671.20","69848.80","Sent","Paid","","2026-09-05T15:16:11.175Z"
"1332","EMP-B9CB81","Sai Mehta","Human Resources","May 2026 Payroll","2026-04-30T18:30:00.000Z","2026-05-30T18:30:00.000Z","56100.00","3566.00","52534.00","Sent","Paid","","2026-09-05T15:16:11.175Z"
"1331","EMP-896B0D","Riya Bansal","Marketing & Sales","March 2026 Payroll","2026-02-28T18:30:00.000Z","2026-03-30T18:30:00.000Z","72270.00","4536.20","67733.80","Sent","Paid","","2026-09-05T15:16:11.175Z"
"1330","EMP-36ACC3","Varun Das","Marketing & Sales","July 2026 Payroll","2026-06-30T18:30:00.000Z","2026-07-30T18:30:00.000Z","83160.00","5189.60","77970.40","Sent","Paid","","2026-09-05T15:16:11.175Z"
"1329","EMP-18B74E","Isha Sharma","Engineering","July 2026 Payroll","2026-06-30T18:30:00.000Z","2026-07-30T18:30:00.000Z","79920.00","4995.20","74924.80","Sent","Paid","","2026-09-05T15:16:11.175Z"
"1328","EMP-63B1D1","Riya Krishnan","Finance","March 2026 Payroll","2026-02-28T18:30:00.000Z","2026-03-30T18:30:00.000Z","79200.00","4952.00","74248.00","Sent","Paid","","2026-09-05T15:16:11.175Z"
"1327","EMP-8D4B72","Aditya Shah","Marketing & Sales","July 2026 Payroll","2026-06-30T18:30:00.000Z","2026-07-30T18:30:00.000Z","84240.00","5254.40","78985.60","Sent","Paid","","2026-09-05T15:16:11.175Z"
"1326","EMP-2A9D2A","Nikhil Chatterjee","Human Resources","May 2026 Payroll","2026-04-30T18:30:00.000Z","2026-05-30T18:30:00.000Z","102000.00","6320.00","95680.00","Sent","Paid","","2026-09-05T15:16:11.175Z"
"1325","EMP-ECD855","Naveen Bansal","Human Resources","January 2026 Payroll","2025-12-31T18:30:00.000Z","2026-01-30T18:30:00.000Z","91200.00","5672.00","85528.00","Sent","Paid","","2026-09-05T15:16:11.175Z"
"1324","EMP-D37FDD","Nikhil Mishra","Engineering","May 2026 Payroll","2026-04-30T18:30:00.000Z","2026-05-30T18:30:00.000Z","62220.00","3933.20","58286.80","Sent","Paid","","2026-09-05T15:16:11.175Z"
"1323","EMP-4014FF","Vivaan Bhatia","Human Resources","June 2026 Payroll","2026-05-31T18:30:00.000Z","2026-06-29T18:30:00.000Z","76140.00","4768.40","71371.60","Sent","Paid","","2026-09-05T15:16:11.175Z"
"1322","EMP-2CDEBE","Krishna Menon","Engineering","April 2026 Payroll","2026-03-31T18:30:00.000Z","2026-04-29T18:30:00.000Z","107000.00","6620.00","100380.00","Sent","Paid","","2026-09-05T15:16:11.175Z"
"1321","EMP-190639","Meera Malhotra","Engineering","February 2026 Payroll","2026-01-31T18:30:00.000Z","2026-02-27T18:30:00.000Z","66560.00","4193.60","62366.40","Sent","Paid","","2026-09-05T15:16:11.175Z"
"1320","EMP-782D89","Arjun Deshmukh","Engineering","May 2026 Payroll","2026-04-30T18:30:00.000Z","2026-05-30T18:30:00.000Z","97920.00","6075.20","91844.80","Sent","Paid","","2026-09-05T15:16:11.175Z"
"1319","EMP-AFEE5B","Nisha Chatterjee","Finance","May 2026 Payroll","2026-04-30T18:30:00.000Z","2026-05-30T18:30:00.000Z","84660.00","5279.60","79380.40","Sent","Paid","","2026-09-05T15:16:11.175Z"
"1318","EMP-DECF50","Nisha Joshi","Marketing & Sales","June 2026 Payroll","2026-05-31T18:30:00.000Z","2026-06-29T18:30:00.000Z","71440.00","4486.40","66953.60","Sent","Paid","","2026-09-05T15:16:11.175Z"
"1317","EMP-C405C7","Arjun Sengupta","Marketing & Sales","March 2026 Payroll","2026-02-28T18:30:00.000Z","2026-03-30T18:30:00.000Z","54450.00","3467.00","50983.00","Sent","Paid","","2026-09-05T15:16:11.175Z"
"1316","EMP-6F7C5C","Aditya Ghosh","Human Resources","July 2026 Payroll","2026-06-30T18:30:00.000Z","2026-07-30T18:30:00.000Z","72360.00","4541.60","67818.40","Sent","Paid","","2026-09-05T15:16:11.175Z"
"1315","EMP-B321B8","Ayaan Verma","Marketing & Sales","February 2026 Payroll","2026-01-31T18:30:00.000Z","2026-02-27T18:30:00.000Z","57200.00","3632.00","53568.00","Sent","Paid","","2026-09-05T15:16:11.175Z"
"1314","EMP-6B6E3D","Krishna Sengupta","Finance","June 2026 Payroll","2026-05-31T18:30:00.000Z","2026-06-29T18:30:00.000Z","64860.00","4091.60","60768.40","Sent","Paid","","2026-09-05T15:16:11.175Z"
"1313","EMP-56BC71","Ishaan Yadav","Marketing & Sales","April 2026 Payroll","2026-03-31T18:30:00.000Z","2026-04-29T18:30:00.000Z","107000.00","6620.00","100380.00","Sent","Paid","","2026-09-05T15:16:11.175Z"
"1312","EMP-31A68C","Krishna Chatterjee","Finance","February 2026 Payroll","2026-01-31T18:30:00.000Z","2026-02-27T18:30:00.000Z","102960.00","6377.60","96582.40","Sent","Paid","","2026-09-05T15:16:11.175Z"
"1311","EMP-58445B","Rahul Shah","Engineering","April 2026 Payroll","2026-03-31T18:30:00.000Z","2026-04-29T18:30:00.000Z","72760.00","4565.60","68194.40","Sent","Paid","","2026-09-05T15:16:11.175Z"
"1310","EMP-27173F","Sanjay Agarwal","Human Resources","June 2026 Payroll","2026-05-31T18:30:00.000Z","2026-06-29T18:30:00.000Z","72380.00","4542.80","67837.20","Sent","Paid","","2026-09-05T15:16:11.175Z"
"1309","EMP-4629FD","Priya Menon","Engineering","June 2026 Payroll","2026-05-31T18:30:00.000Z","2026-06-29T18:30:00.000Z","86480.00","5388.80","81091.20","Sent","Paid","","2026-09-05T15:16:11.175Z"
"1308","EMP-0DAABA","Neha Chatterjee","Finance","January 2026 Payroll","2025-12-31T18:30:00.000Z","2026-01-30T18:30:00.000Z","73920.00","4635.20","69284.80","Sent","Paid","","2026-09-05T15:16:11.175Z"
"1307","EMP-B2C016","Anjali Reddy","Human Resources","June 2026 Payroll","2026-05-31T18:30:00.000Z","2026-06-29T18:30:00.000Z","92120.00","5727.20","86392.80","Sent","Paid","","2026-09-05T15:16:11.175Z"
"1306","EMP-3EB8C2","Sanjay Yadav","Human Resources","April 2026 Payroll","2026-03-31T18:30:00.000Z","2026-04-29T18:30:00.000Z","101650.00","6299.00","95351.00","Sent","Paid","","2026-09-05T15:16:11.175Z"
"1305","EMP-F8E9A1","Simran Kumar","Marketing & Sales","January 2026 Payroll","2025-12-31T18:30:00.000Z","2026-01-30T18:30:00.000Z","65280.00","4116.80","61163.20","Sent","Paid","","2026-09-05T15:16:11.175Z"
"1304","EMP-A6B296","Aryan Saxena","Human Resources","February 2026 Payroll","2026-01-31T18:30:00.000Z","2026-02-27T18:30:00.000Z","67600.00","4256.00","63344.00","Sent","Paid","","2026-09-05T15:16:11.175Z"
"1303","EMP-C290EE","Amit Verma","Engineering","February 2026 Payroll","2026-01-31T18:30:00.000Z","2026-02-27T18:30:00.000Z","104000.00","6440.00","97560.00","Sent","Paid","","2026-09-05T15:16:11.175Z"
"1302","EMP-414629","Ishaan Shah","Finance","February 2026 Payroll","2026-01-31T18:30:00.000Z","2026-02-27T18:30:00.000Z","58240.00","3694.40","54545.60","Sent","Paid","","2026-09-05T15:16:11.175Z"
"1301","EMP-12F541","Ananya Kaur","Human Resources","April 2026 Payroll","2026-03-31T18:30:00.000Z","2026-04-29T18:30:00.000Z","100580.00","6234.80","94345.20","Sent","Paid","","2026-09-05T15:16:11.175Z"
"1300","EMP-D11D6F","Sanjay Menon","Engineering","February 2026 Payroll","2026-01-31T18:30:00.000Z","2026-02-27T18:30:00.000Z","63440.00","4006.40","59433.60","Sent","Paid","","2026-09-05T15:16:11.175Z"
"1299","EMP-C75932","Ananya Iyer","Engineering","May 2026 Payroll","2026-04-30T18:30:00.000Z","2026-05-30T18:30:00.000Z","85680.00","5340.80","80339.20","Sent","Paid","","2026-09-05T15:16:11.175Z"
"1298","EMP-B11947","Reyansh Deshmukh","Marketing & Sales","May 2026 Payroll","2026-04-30T18:30:00.000Z","2026-05-30T18:30:00.000Z","60180.00","3810.80","56369.20","Sent","Paid","","2026-09-05T15:16:11.175Z"
"1297","EMP-BEE951","Amit Kulkarni","Finance","May 2026 Payroll","2026-04-30T18:30:00.000Z","2026-05-30T18:30:00.000Z","91800.00","5708.00","86092.00","Sent","Paid","","2026-09-05T15:16:11.175Z"
"1296","EMP-7E296F","Siddharth Kulkarni","Engineering","January 2026 Payroll","2025-12-31T18:30:00.000Z","2026-01-30T18:30:00.000Z","67200.00","4232.00","62968.00","Sent","Paid","","2026-09-05T15:16:11.175Z"
"1295","EMP-C7FBCE","Shreya Trivedi","Engineering","February 2026 Payroll","2026-01-31T18:30:00.000Z","2026-02-27T18:30:00.000Z","75920.00","4755.20","71164.80","Sent","Paid","","2026-09-05T15:16:11.175Z"
"1294","EMP-DF76DB","Ananya Menon","Human Resources","June 2026 Payroll","2026-05-31T18:30:00.000Z","2026-06-29T18:30:00.000Z","78960.00","4937.60","74022.40","Sent","Paid","","2026-09-05T15:16:11.175Z"
"1293","EMP-554886","Arjun Banerjee","Engineering","May 2026 Payroll","2026-04-30T18:30:00.000Z","2026-05-30T18:30:00.000Z","102000.00","6320.00","95680.00","Sent","Paid","","2026-09-05T15:16:11.175Z"
"1292","EMP-C35DF4","Ayaan Reddy","Finance","July 2026 Payroll","2026-06-30T18:30:00.000Z","2026-07-30T18:30:00.000Z","59400.00","3764.00","55636.00","Sent","Paid","","2026-09-05T15:16:11.175Z"
"1291","EMP-665750","Dev Yadav","Marketing & Sales","June 2026 Payroll","2026-05-31T18:30:00.000Z","2026-06-29T18:30:00.000Z","68620.00","4317.20","64302.80","Sent","Paid","","2026-09-05T15:16:11.175Z"
"1290","EMP-A771AB","Krishna Pandey","Marketing & Sales","March 2026 Payroll","2026-02-28T18:30:00.000Z","2026-03-30T18:30:00.000Z","70290.00","4417.40","65872.60","Sent","Paid","","2026-09-05T15:16:11.175Z"
"1289","EMP-BD3339","Aryan Kapoor","Engineering","January 2026 Payroll","2025-12-31T18:30:00.000Z","2026-01-30T18:30:00.000Z","68160.00","4289.60","63870.40","Sent","Paid","","2026-09-05T15:16:11.175Z"
"1288","EMP-95E6CA","Manish Ghosh","Human Resources","June 2026 Payroll","2026-05-31T18:30:00.000Z","2026-06-29T18:30:00.000Z","82720.00","5163.20","77556.80","Sent","Paid","","2026-09-05T15:16:11.175Z"
"1287","EMP-B1E1C4","Nikhil Gupta","Human Resources","April 2026 Payroll","2026-03-31T18:30:00.000Z","2026-04-29T18:30:00.000Z","65270.00","4116.20","61153.80","Sent","Paid","","2026-09-05T15:16:11.175Z"
"1286","EMP-4CC9C8","Amit Chatterjee","Engineering","May 2026 Payroll","2026-04-30T18:30:00.000Z","2026-05-30T18:30:00.000Z","77520.00","4851.20","72668.80","Sent","Paid","","2026-09-05T15:16:11.175Z"
"1285","EMP-ABFDB9","Aarav Reddy","Finance","June 2026 Payroll","2026-05-31T18:30:00.000Z","2026-06-29T18:30:00.000Z","87420.00","5445.20","81974.80","Sent","Paid","","2026-09-05T15:16:11.175Z"
"1284","EMP-FC3880","Pooja Pillai","Engineering","March 2026 Payroll","2026-02-28T18:30:00.000Z","2026-03-30T18:30:00.000Z","98010.00","6080.60","91929.40","Sent","Paid","","2026-09-05T15:16:11.175Z"
"1283","EMP-C9DB6F","Nisha Bhatt","Human Resources","June 2026 Payroll","2026-05-31T18:30:00.000Z","2026-06-29T18:30:00.000Z","83660.00","5219.60","78440.40","Sent","Paid","","2026-09-05T15:16:11.175Z"
"1282","EMP-FFCBB7","Riya Malhotra","Marketing & Sales","January 2026 Payroll","2025-12-31T18:30:00.000Z","2026-01-30T18:30:00.000Z","52800.00","3368.00","49432.00","Sent","Paid","","2026-09-05T15:16:11.175Z"
"1281","EMP-63FFD0","Rahul Das","Finance","January 2026 Payroll","2025-12-31T18:30:00.000Z","2026-01-30T18:30:00.000Z","76800.00","4808.00","71992.00","Sent","Paid","","2026-09-05T15:16:11.175Z"
"1280","EMP-54A415","Kabir Pandey","Marketing & Sales","April 2026 Payroll","2026-03-31T18:30:00.000Z","2026-04-29T18:30:00.000Z","71690.00","4501.40","67188.60","Sent","Paid","","2026-09-05T15:16:11.175Z"
"1279","EMP-7EF0F0","Shreya Das","Engineering","February 2026 Payroll","2026-01-31T18:30:00.000Z","2026-02-27T18:30:00.000Z","62400.00","3944.00","58456.00","Sent","Paid","","2026-09-05T15:16:11.175Z"
"1278","EMP-36ACC3","Varun Das","Marketing & Sales","May 2026 Payroll","2026-04-30T18:30:00.000Z","2026-05-30T18:30:00.000Z","78540.00","4912.40","73627.60","Sent","Paid","","2026-09-05T15:16:11.175Z"
"1277","EMP-7B0395","Ayaan Ghosh","Finance","April 2026 Payroll","2026-03-31T18:30:00.000Z","2026-04-29T18:30:00.000Z","77040.00","4822.40","72217.60","Sent","Paid","","2026-09-05T15:16:11.175Z"
"1276","EMP-185D9A","Manish Gupta","Finance","March 2026 Payroll","2026-02-28T18:30:00.000Z","2026-03-30T18:30:00.000Z","56430.00","3585.80","52844.20","Sent","Paid","","2026-09-05T15:16:11.175Z"
"1275","EMP-18B74E","Isha Sharma","Engineering","May 2026 Payroll","2026-04-30T18:30:00.000Z","2026-05-30T18:30:00.000Z","75480.00","4728.80","70751.20","Sent","Paid","","2026-09-05T15:16:11.175Z"
"1274","EMP-D37FDD","Nikhil Mishra","Engineering","July 2026 Payroll","2026-06-30T18:30:00.000Z","2026-07-30T18:30:00.000Z","65880.00","4152.80","61727.20","Sent","Paid","","2026-09-05T15:16:11.175Z"
"1273","EMP-5C5A2C","Sai Agarwal","Marketing & Sales","March 2026 Payroll","2026-02-28T18:30:00.000Z","2026-03-30T18:30:00.000Z","95040.00","5902.40","89137.60","Sent","Paid","","2026-09-05T15:16:11.175Z"
"1272","EMP-2A9D2A","Nikhil Chatterjee","Human Resources","July 2026 Payroll","2026-06-30T18:30:00.000Z","2026-07-30T18:30:00.000Z","108000.00","6680.00","101320.00","Sent","Paid","","2026-09-05T15:16:11.175Z"
"1271","EMP-8D4B72","Aditya Shah","Marketing & Sales","May 2026 Payroll","2026-04-30T18:30:00.000Z","2026-05-30T18:30:00.000Z","79560.00","4973.60","74586.40","Sent","Paid","","2026-09-05T15:16:11.175Z"
"1270","EMP-64A7A0","Ayaan Tiwari","Marketing & Sales","January 2026 Payroll","2025-12-31T18:30:00.000Z","2026-01-30T18:30:00.000Z","81600.00","5096.00","76504.00","Sent","Paid","","2026-09-05T15:16:11.175Z"
"1269","EMP-237A46","Pooja Gupta","Marketing & Sales","January 2026 Payroll","2025-12-31T18:30:00.000Z","2026-01-30T18:30:00.000Z","88320.00","5499.20","82820.80","Sent","Paid","","2026-09-05T15:16:11.175Z"
"1268","EMP-6E7B98","Kabir Ghosh","Marketing & Sales","January 2026 Payroll","2025-12-31T18:30:00.000Z","2026-01-30T18:30:00.000Z","77760.00","4865.60","72894.40","Sent","Paid","","2026-09-05T15:16:11.175Z"
"1267","EMP-CD10FE","Kavya Yadav","Finance","March 2026 Payroll","2026-02-28T18:30:00.000Z","2026-03-30T18:30:00.000Z","84150.00","5249.00","78901.00","Sent","Paid","","2026-09-05T15:16:11.175Z"
"1266","EMP-782D89","Arjun Deshmukh","Engineering","July 2026 Payroll","2026-06-30T18:30:00.000Z","2026-07-30T18:30:00.000Z","103680.00","6420.80","97259.20","Sent","Paid","","2026-09-05T15:16:11.175Z"
"1265","EMP-AFEE5B","Nisha Chatterjee","Finance","July 2026 Payroll","2026-06-30T18:30:00.000Z","2026-07-30T18:30:00.000Z","89640.00","5578.40","84061.60","Sent","Paid","","2026-09-05T15:16:11.175Z"
"1264","EMP-3AC246","Deepak Rathore","Finance","March 2026 Payroll","2026-02-28T18:30:00.000Z","2026-03-30T18:30:00.000Z","79200.00","4952.00","74248.00","Sent","Paid","","2026-09-05T15:16:11.175Z"
"1263","EMP-20B9DC","Isha Kumar","Human Resources","February 2026 Payroll","2026-01-31T18:30:00.000Z","2026-02-27T18:30:00.000Z","89440.00","5566.40","83873.60","Sent","Paid","","2026-09-05T15:16:11.175Z"
"1262","EMP-6F7C5C","Aditya Ghosh","Human Resources","May 2026 Payroll","2026-04-30T18:30:00.000Z","2026-05-30T18:30:00.000Z","68340.00","4300.40","64039.60","Sent","Paid","","2026-09-05T15:16:11.175Z"
"1261","EMP-85224C","Kavya Reddy","Marketing & Sales","February 2026 Payroll","2026-01-31T18:30:00.000Z","2026-02-27T18:30:00.000Z","75920.00","4755.20","71164.80","Sent","Paid","","2026-09-05T15:16:11.175Z"
"1260","EMP-FDABCC","Isha Rathore","Engineering","January 2026 Payroll","2025-12-31T18:30:00.000Z","2026-01-30T18:30:00.000Z","90240.00","5614.40","84625.60","Sent","Paid","","2026-09-05T15:16:11.175Z"
"1259","EMP-769127","Simran Trivedi","Engineering","June 2026 Payroll","2026-05-31T18:30:00.000Z","2026-06-29T18:30:00.000Z","71440.00","4486.40","66953.60","Sent","Paid","","2026-09-05T15:16:11.175Z"
"1258","EMP-F7C116","Sai Sharma","Marketing & Sales","June 2026 Payroll","2026-05-31T18:30:00.000Z","2026-06-29T18:30:00.000Z","62980.00","3978.80","59001.20","Sent","Paid","","2026-09-05T15:16:11.175Z"
"1257","EMP-977362","Dev Deshmukh","Engineering","January 2026 Payroll","2025-12-31T18:30:00.000Z","2026-01-30T18:30:00.000Z","63360.00","4001.60","59358.40","Sent","Paid","","2026-09-05T15:16:11.175Z"
"1256","EMP-779822","Divya Tiwari","Human Resources","April 2026 Payroll","2026-03-31T18:30:00.000Z","2026-04-29T18:30:00.000Z","69550.00","4373.00","65177.00","Sent","Paid","","2026-09-05T15:16:11.175Z"
"1255","EMP-1C71D7","Vivaan Gupta","Human Resources","April 2026 Payroll","2026-03-31T18:30:00.000Z","2026-04-29T18:30:00.000Z","80250.00","5015.00","75235.00","Sent","Paid","","2026-09-05T15:16:11.175Z"
"1254","EMP-1A3F5F","Shreya Deshmukh","Engineering","June 2026 Payroll","2026-05-31T18:30:00.000Z","2026-06-29T18:30:00.000Z","53580.00","3414.80","50165.20","Sent","Paid","","2026-09-05T15:16:11.175Z"
"1253","EMP-4A7545","Varun Kaur","Finance","January 2026 Payroll","2025-12-31T18:30:00.000Z","2026-01-30T18:30:00.000Z","89280.00","5556.80","83723.20","Sent","Paid","","2026-09-05T15:16:11.175Z"
"1252","EMP-AD155F","Karan Krishnan","Human Resources","January 2026 Payroll","2025-12-31T18:30:00.000Z","2026-01-30T18:30:00.000Z","64320.00","4059.20","60260.80","Sent","Paid","","2026-09-05T15:16:11.175Z"
"1251","EMP-F00A1D","Kabir Desai","Marketing & Sales","March 2026 Payroll","2026-02-28T18:30:00.000Z","2026-03-30T18:30:00.000Z","92070.00","5724.20","86345.80","Sent","Paid","","2026-09-05T15:16:11.175Z"
"1250","EMP-7F2E45","Riya Bose","Engineering","February 2026 Payroll","2026-01-31T18:30:00.000Z","2026-02-27T18:30:00.000Z","100880.00","6252.80","94627.20","Sent","Paid","","2026-09-05T15:16:11.175Z"
"1249","EMP-B11947","Reyansh Deshmukh","Marketing & Sales","July 2026 Payroll","2026-06-30T18:30:00.000Z","2026-07-30T18:30:00.000Z","63720.00","4023.20","59696.80","Sent","Paid","","2026-09-05T15:16:11.175Z"
"1248","EMP-16F1F2","Vihaan Chatterjee","Finance","February 2026 Payroll","2026-01-31T18:30:00.000Z","2026-02-27T18:30:00.000Z","72800.00","4568.00","68232.00","Sent","Paid","","2026-09-05T15:16:11.175Z"
"1247","EMP-C75932","Ananya Iyer","Engineering","July 2026 Payroll","2026-06-30T18:30:00.000Z","2026-07-30T18:30:00.000Z","90720.00","5643.20","85076.80","Sent","Paid","","2026-09-05T15:16:11.175Z"
"1246","EMP-BEE951","Amit Kulkarni","Finance","July 2026 Payroll","2026-06-30T18:30:00.000Z","2026-07-30T18:30:00.000Z","97200.00","6032.00","91168.00","Sent","Paid","","2026-09-05T15:16:11.175Z"
"1245","EMP-77AC95","Sneha Yadav","Human Resources","January 2026 Payroll","2025-12-31T18:30:00.000Z","2026-01-30T18:30:00.000Z","83520.00","5211.20","78308.80","Sent","Paid","","2026-09-05T15:16:11.175Z"
"1244","EMP-EBBBB3","Siddharth Joshi","Human Resources","February 2026 Payroll","2026-01-31T18:30:00.000Z","2026-02-27T18:30:00.000Z","93600.00","5816.00","87784.00","Sent","Paid","","2026-09-05T15:16:11.175Z"
"1243","EMP-44D134","Aditya Malhotra","Engineering","January 2026 Payroll","2025-12-31T18:30:00.000Z","2026-01-30T18:30:00.000Z","70080.00","4404.80","65675.20","Sent","Paid","","2026-09-05T15:16:11.175Z"
"1242","EMP-F9A332","Meera Ghosh","Finance","January 2026 Payroll","2025-12-31T18:30:00.000Z","2026-01-30T18:30:00.000Z","83520.00","5211.20","78308.80","Sent","Paid","","2026-09-05T15:16:11.175Z"
"1241","EMP-C35DF4","Ayaan Reddy","Finance","May 2026 Payroll","2026-04-30T18:30:00.000Z","2026-05-30T18:30:00.000Z","56100.00","3566.00","52534.00","Sent","Paid","","2026-09-05T15:16:11.175Z"
"1240","EMP-46D710","Naveen Rao","Engineering","April 2026 Payroll","2026-03-31T18:30:00.000Z","2026-04-29T18:30:00.000Z","74900.00","4694.00","70206.00","Sent","Paid","","2026-09-05T15:16:11.175Z"
"1239","EMP-554886","Arjun Banerjee","Engineering","July 2026 Payroll","2026-06-30T18:30:00.000Z","2026-07-30T18:30:00.000Z","108000.00","6680.00","101320.00","Sent","Paid","","2026-09-05T15:16:11.175Z"
"1238","EMP-4CC9C8","Amit Chatterjee","Engineering","July 2026 Payroll","2026-06-30T18:30:00.000Z","2026-07-30T18:30:00.000Z","82080.00","5124.80","76955.20","Sent","Paid","","2026-09-05T15:16:11.175Z"
"1237","EMP-7FD731","Deepak Ghosh","Engineering","March 2026 Payroll","2026-02-28T18:30:00.000Z","2026-03-30T18:30:00.000Z","56430.00","3585.80","52844.20","Sent","Paid","","2026-09-05T15:16:11.175Z"
"1236","EMP-E5316F","Meera Joshi","Finance","February 2026 Payroll","2026-01-31T18:30:00.000Z","2026-02-27T18:30:00.000Z","74880.00","4692.80","70187.20","Sent","Paid","","2026-09-05T15:16:11.175Z"
"1235","EMP-0B3DD7","Sneha Pillai","Engineering","April 2026 Payroll","2026-03-31T18:30:00.000Z","2026-04-29T18:30:00.000Z","62060.00","3923.60","58136.40","Sent","Paid","","2026-09-05T15:16:11.175Z"
"1234","EMP-14F1B9","Neha Verma","Marketing & Sales","March 2026 Payroll","2026-02-28T18:30:00.000Z","2026-03-30T18:30:00.000Z","71280.00","4476.80","66803.20","Sent","Paid","","2026-09-05T15:16:11.175Z"
"1233","EMP-3AC409","Tanvi Sharma","Engineering","February 2026 Payroll","2026-01-31T18:30:00.000Z","2026-02-27T18:30:00.000Z","71760.00","4505.60","67254.40","Sent","Paid","","2026-09-05T15:16:11.175Z"
"1232","EMP-C6D3B0","Arjun Iyer","Marketing & Sales","March 2026 Payroll","2026-02-28T18:30:00.000Z","2026-03-30T18:30:00.000Z","63360.00","4001.60","59358.40","Sent","Paid","","2026-09-05T15:16:11.175Z"
"1231","EMP-9FBC24","Kavya Mehta","Human Resources","June 2026 Payroll","2026-05-31T18:30:00.000Z","2026-06-29T18:30:00.000Z","64860.00","4091.60","60768.40","Sent","Paid","","2026-09-05T15:16:11.175Z"
"1230","EMP-6E7B98","Kabir Ghosh","Marketing & Sales","May 2026 Payroll","2026-04-30T18:30:00.000Z","2026-05-30T18:30:00.000Z","82620.00","5157.20","77462.80","Sent","Paid","","2026-09-05T15:16:11.175Z"
"1229","EMP-F998DD","Nisha Tiwari","Human Resources","March 2026 Payroll","2026-02-28T18:30:00.000Z","2026-03-30T18:30:00.000Z","98010.00","6080.60","91929.40","Sent","Paid","","2026-09-05T15:16:11.175Z"
"1228","EMP-EE0A11","Anjali Gupta","Marketing & Sales","February 2026 Payroll","2026-01-31T18:30:00.000Z","2026-02-27T18:30:00.000Z","72800.00","4568.00","68232.00","Sent","Paid","","2026-09-05T15:16:11.175Z"
"1227","EMP-DC4175","Arjun Bose","Finance","April 2026 Payroll","2026-03-31T18:30:00.000Z","2026-04-29T18:30:00.000Z","85600.00","5336.00","80264.00","Sent","Paid","","2026-09-05T15:16:11.175Z"
"1226","EMP-51758D","Priya Chopra","Human Resources","June 2026 Payroll","2026-05-31T18:30:00.000Z","2026-06-29T18:30:00.000Z","58280.00","3696.80","54583.20","Sent","Paid","","2026-09-05T15:16:11.175Z"
"1225","EMP-6F7C5C","Aditya Ghosh","Human Resources","January 2026 Payroll","2025-12-31T18:30:00.000Z","2026-01-30T18:30:00.000Z","64320.00","4059.20","60260.80","Sent","Paid","","2026-09-05T15:16:11.175Z"
"1224","EMP-07509A","Varun Shah","Human Resources","April 2026 Payroll","2026-03-31T18:30:00.000Z","2026-04-29T18:30:00.000Z","92020.00","5721.20","86298.80","Sent","Paid","","2026-09-05T15:16:11.175Z"
"1223","EMP-FDABCC","Isha Rathore","Engineering","May 2026 Payroll","2026-04-30T18:30:00.000Z","2026-05-30T18:30:00.000Z","95880.00","5952.80","89927.20","Sent","Paid","","2026-09-05T15:16:11.175Z"
"1222","EMP-0DAABA","Neha Chatterjee","Finance","July 2026 Payroll","2026-06-30T18:30:00.000Z","2026-07-30T18:30:00.000Z","83160.00","5189.60","77970.40","Sent","Paid","","2026-09-05T15:16:11.175Z"
"1221","EMP-A2759A","Simran Desai","Marketing & Sales","June 2026 Payroll","2026-05-31T18:30:00.000Z","2026-06-29T18:30:00.000Z","73320.00","4599.20","68720.80","Sent","Paid","","2026-09-05T15:16:11.175Z"
"1220","EMP-DB59A5","Isha Malhotra","Finance","June 2026 Payroll","2026-05-31T18:30:00.000Z","2026-06-29T18:30:00.000Z","57340.00","3640.40","53699.60","Sent","Paid","","2026-09-05T15:16:11.175Z"
"1219","EMP-B39B2F","Vivaan Chauhan","Marketing & Sales","February 2026 Payroll","2026-01-31T18:30:00.000Z","2026-02-27T18:30:00.000Z","92560.00","5753.60","86806.40","Sent","Paid","","2026-09-05T15:16:11.175Z"
"1218","EMP-FFCBB7","Riya Malhotra","Marketing & Sales","May 2026 Payroll","2026-04-30T18:30:00.000Z","2026-05-30T18:30:00.000Z","56100.00","3566.00","52534.00","Sent","Paid","","2026-09-05T15:16:11.175Z"
"1217","EMP-3ABC1F","Krishna Trivedi","Marketing & Sales","June 2026 Payroll","2026-05-31T18:30:00.000Z","2026-06-29T18:30:00.000Z","64860.00","4091.60","60768.40","Sent","Paid","","2026-09-05T15:16:11.175Z"
"1216","EMP-63FFD0","Rahul Das","Finance","May 2026 Payroll","2026-04-30T18:30:00.000Z","2026-05-30T18:30:00.000Z","81600.00","5096.00","76504.00","Sent","Paid","","2026-09-05T15:16:11.175Z"
"1215","EMP-874F6D","Karan Chatterjee","Human Resources","April 2026 Payroll","2026-03-31T18:30:00.000Z","2026-04-29T18:30:00.000Z","79180.00","4950.80","74229.20","Sent","Paid","","2026-09-05T15:16:11.175Z"
"1214","EMP-242D9D","Karan Pillai","Human Resources","February 2026 Payroll","2026-01-31T18:30:00.000Z","2026-02-27T18:30:00.000Z","74880.00","4692.80","70187.20","Sent","Paid","","2026-09-05T15:16:11.175Z"
"1213","EMP-3E483C","Divya Shah","Marketing & Sales","March 2026 Payroll","2026-02-28T18:30:00.000Z","2026-03-30T18:30:00.000Z","65340.00","4120.40","61219.60","Sent","Paid","","2026-09-05T15:16:11.175Z"
"1212","EMP-36ACC3","Varun Das","Marketing & Sales","January 2026 Payroll","2025-12-31T18:30:00.000Z","2026-01-30T18:30:00.000Z","73920.00","4635.20","69284.80","Sent","Paid","","2026-09-05T15:16:11.175Z"
"1211","EMP-A7011A","Meera Agarwal","Engineering","February 2026 Payroll","2026-01-31T18:30:00.000Z","2026-02-27T18:30:00.000Z","88400.00","5504.00","82896.00","Sent","Paid","","2026-09-05T15:16:11.175Z"
"1210","EMP-99DA86","Riya Mehta","Engineering","June 2026 Payroll","2026-05-31T18:30:00.000Z","2026-06-29T18:30:00.000Z","62040.00","3922.40","58117.60","Sent","Paid","","2026-09-05T15:16:11.175Z"
"1209","EMP-33CA16","Rahul Sengupta","Human Resources","March 2026 Payroll","2026-02-28T18:30:00.000Z","2026-03-30T18:30:00.000Z","80190.00","5011.40","75178.60","Sent","Paid","","2026-09-05T15:16:11.175Z"
"1208","EMP-18B74E","Isha Sharma","Engineering","January 2026 Payroll","2025-12-31T18:30:00.000Z","2026-01-30T18:30:00.000Z","71040.00","4462.40","66577.60","Sent","Paid","","2026-09-05T15:16:11.175Z"
"1207","EMP-ECD855","Naveen Bansal","Human Resources","July 2026 Payroll","2026-06-30T18:30:00.000Z","2026-07-30T18:30:00.000Z","102600.00","6356.00","96244.00","Sent","Paid","","2026-09-05T15:16:11.175Z"
"1206","EMP-64A7A0","Ayaan Tiwari","Marketing & Sales","May 2026 Payroll","2026-04-30T18:30:00.000Z","2026-05-30T18:30:00.000Z","86700.00","5402.00","81298.00","Sent","Paid","","2026-09-05T15:16:11.175Z"
"1205","EMP-237A46","Pooja Gupta","Marketing & Sales","May 2026 Payroll","2026-04-30T18:30:00.000Z","2026-05-30T18:30:00.000Z","93840.00","5830.40","88009.60","Sent","Paid","","2026-09-05T15:16:11.175Z"
"1204","EMP-8D4B72","Aditya Shah","Marketing & Sales","January 2026 Payroll","2025-12-31T18:30:00.000Z","2026-01-30T18:30:00.000Z","74880.00","4692.80","70187.20","Sent","Paid","","2026-09-05T15:16:11.175Z"
"1203","EMP-7E296F","Siddharth Kulkarni","Engineering","July 2026 Payroll","2026-06-30T18:30:00.000Z","2026-07-30T18:30:00.000Z","75600.00","4736.00","70864.00","Sent","Paid","","2026-09-05T15:16:11.175Z"
"1202","EMP-77AC95","Sneha Yadav","Human Resources","May 2026 Payroll","2026-04-30T18:30:00.000Z","2026-05-30T18:30:00.000Z","88740.00","5524.40","83215.60","Sent","Paid","","2026-09-05T15:16:11.175Z"
"1201","EMP-F9A332","Meera Ghosh","Finance","May 2026 Payroll","2026-04-30T18:30:00.000Z","2026-05-30T18:30:00.000Z","88740.00","5524.40","83215.60","Sent","Paid","","2026-09-05T15:16:11.175Z"
"1200","EMP-616A52","Simran Bhatt","Marketing & Sales","March 2026 Payroll","2026-02-28T18:30:00.000Z","2026-03-30T18:30:00.000Z","82170.00","5130.20","77039.80","Sent","Paid","","2026-09-05T15:16:11.175Z"
"1199","EMP-44D134","Aditya Malhotra","Engineering","May 2026 Payroll","2026-04-30T18:30:00.000Z","2026-05-30T18:30:00.000Z","74460.00","4667.60","69792.40","Sent","Paid","","2026-09-05T15:16:11.175Z"
"1198","EMP-BD3339","Aryan Kapoor","Engineering","July 2026 Payroll","2026-06-30T18:30:00.000Z","2026-07-30T18:30:00.000Z","76680.00","4800.80","71879.20","Sent","Paid","","2026-09-05T15:16:11.175Z"
"1197","EMP-C35DF4","Ayaan Reddy","Finance","January 2026 Payroll","2025-12-31T18:30:00.000Z","2026-01-30T18:30:00.000Z","52800.00","3368.00","49432.00","Sent","Paid","","2026-09-05T15:16:11.175Z"
"1196","EMP-A2063B","Simran Desai","Human Resources","June 2026 Payroll","2026-05-31T18:30:00.000Z","2026-06-29T18:30:00.000Z","56400.00","3584.00","52816.00","Sent","Paid","","2026-09-05T15:16:11.175Z"
"1195","EMP-B2ABBD","Pooja Sengupta","Human Resources","March 2026 Payroll","2026-02-28T18:30:00.000Z","2026-03-30T18:30:00.000Z","97020.00","6021.20","90998.80","Sent","Paid","","2026-09-05T15:16:11.175Z"
"1194","EMP-D4B583","Shreya Iyer","Finance","April 2026 Payroll","2026-03-31T18:30:00.000Z","2026-04-29T18:30:00.000Z","100580.00","6234.80","94345.20","Sent","Paid","","2026-09-05T15:16:11.175Z"
"1193","EMP-034BC9","Nisha Rathore","Engineering","February 2026 Payroll","2026-01-31T18:30:00.000Z","2026-02-27T18:30:00.000Z","73840.00","4630.40","69209.60","Sent","Paid","","2026-09-05T15:16:11.175Z"
"1192","EMP-B0A6B8","Kavya Bose","Finance","February 2026 Payroll","2026-01-31T18:30:00.000Z","2026-02-27T18:30:00.000Z","68640.00","4318.40","64321.60","Sent","Paid","","2026-09-05T15:16:11.175Z"
"1191","EMP-977362","Dev Deshmukh","Engineering","May 2026 Payroll","2026-04-30T18:30:00.000Z","2026-05-30T18:30:00.000Z","67320.00","4239.20","63080.80","Sent","Paid","","2026-09-05T15:16:11.175Z"
"1190","EMP-18C787","Nikhil Banerjee","Human Resources","March 2026 Payroll","2026-02-28T18:30:00.000Z","2026-03-30T18:30:00.000Z","58410.00","3704.60","54705.40","Sent","Paid","","2026-09-05T15:16:11.175Z"
"1189","EMP-E0044B","Vivaan Bansal","Marketing & Sales","April 2026 Payroll","2026-03-31T18:30:00.000Z","2026-04-29T18:30:00.000Z","75970.00","4758.20","71211.80","Sent","Paid","","2026-09-05T15:16:11.175Z"
"1188","EMP-0032EB","Nikhil Chauhan","Finance","February 2026 Payroll","2026-01-31T18:30:00.000Z","2026-02-27T18:30:00.000Z","66560.00","4193.60","62366.40","Sent","Paid","","2026-09-05T15:16:11.175Z"
"1187","EMP-4A7545","Varun Kaur","Finance","May 2026 Payroll","2026-04-30T18:30:00.000Z","2026-05-30T18:30:00.000Z","94860.00","5891.60","88968.40","Sent","Paid","","2026-09-05T15:16:11.175Z"
"1186","EMP-186813","Karan Ghosh","Engineering","June 2026 Payroll","2026-05-31T18:30:00.000Z","2026-06-29T18:30:00.000Z","55460.00","3527.60","51932.40","Sent","Paid","","2026-09-05T15:16:11.175Z"
"1185","EMP-9DE65A","Sai Pandey","Human Resources","June 2026 Payroll","2026-05-31T18:30:00.000Z","2026-06-29T18:30:00.000Z","77080.00","4824.80","72255.20","Sent","Paid","","2026-09-05T15:16:11.175Z"
"1184","EMP-F8E9A1","Simran Kumar","Marketing & Sales","July 2026 Payroll","2026-06-30T18:30:00.000Z","2026-07-30T18:30:00.000Z","73440.00","4606.40","68833.60","Sent","Paid","","2026-09-05T15:16:11.175Z"
"1183","EMP-3BDCA7","Krishna Kumar","Finance","April 2026 Payroll","2026-03-31T18:30:00.000Z","2026-04-29T18:30:00.000Z","79180.00","4950.80","74229.20","Sent","Paid","","2026-09-05T15:16:11.175Z"
"1182","EMP-AD155F","Karan Krishnan","Human Resources","May 2026 Payroll","2026-04-30T18:30:00.000Z","2026-05-30T18:30:00.000Z","68340.00","4300.40","64039.60","Sent","Paid","","2026-09-05T15:16:11.175Z"
"1181","EMP-6B5B44","Manish Tiwari","Human Resources","March 2026 Payroll","2026-02-28T18:30:00.000Z","2026-03-30T18:30:00.000Z","70290.00","4417.40","65872.60","Sent","Paid","","2026-09-05T15:16:11.175Z"
"1180","EMP-65BCD0","Pooja Sengupta","Human Resources","February 2026 Payroll","2026-01-31T18:30:00.000Z","2026-02-27T18:30:00.000Z","80080.00","5004.80","75075.20","Sent","Paid","","2026-09-05T15:16:11.175Z"
"1179","EMP-4B7CD5","Kavya Shah","Human Resources","February 2026 Payroll","2026-01-31T18:30:00.000Z","2026-02-27T18:30:00.000Z","58240.00","3694.40","54545.60","Sent","Paid","","2026-09-05T15:16:11.175Z"
"1178","EMP-9B6E89","Manish Agarwal","Finance","March 2026 Payroll","2026-02-28T18:30:00.000Z","2026-03-30T18:30:00.000Z","96030.00","5961.80","90068.20","Sent","Paid","","2026-09-05T15:16:11.175Z"
"1177","EMP-782D89","Arjun Deshmukh","Engineering","January 2026 Payroll","2025-12-31T18:30:00.000Z","2026-01-30T18:30:00.000Z","92160.00","5729.60","86430.40","Sent","Paid","","2026-09-05T15:16:11.175Z"
"1176","EMP-AFEE5B","Nisha Chatterjee","Finance","January 2026 Payroll","2025-12-31T18:30:00.000Z","2026-01-30T18:30:00.000Z","79680.00","4980.80","74699.20","Sent","Paid","","2026-09-05T15:16:11.175Z"
"1175","EMP-299D2B","Krishna Deshmukh","Finance","March 2026 Payroll","2026-02-28T18:30:00.000Z","2026-03-30T18:30:00.000Z","63360.00","4001.60","59358.40","Sent","Paid","","2026-09-05T15:16:11.175Z"
"1174","EMP-6E7B98","Kabir Ghosh","Marketing & Sales","July 2026 Payroll","2026-06-30T18:30:00.000Z","2026-07-30T18:30:00.000Z","87480.00","5448.80","82031.20","Sent","Paid","","2026-09-05T15:16:11.175Z"
"1173","EMP-219061","Anjali Yadav","Marketing & Sales","March 2026 Payroll","2026-02-28T18:30:00.000Z","2026-03-30T18:30:00.000Z","83160.00","5189.60","77970.40","Sent","Paid","","2026-09-05T15:16:11.175Z"
"1172","EMP-31C154","Rahul Nair","Marketing & Sales","April 2026 Payroll","2026-03-31T18:30:00.000Z","2026-04-29T18:30:00.000Z","81320.00","5079.20","76240.80","Sent","Paid","","2026-09-05T15:16:11.175Z"
"1171","EMP-75C6ED","Tanvi Sengupta","Engineering","March 2026 Payroll","2026-02-28T18:30:00.000Z","2026-03-30T18:30:00.000Z","75240.00","4714.40","70525.60","Sent","Paid","","2026-09-05T15:16:11.175Z"
"1170","EMP-B55DE9","Naveen Trivedi","Engineering","March 2026 Payroll","2026-02-28T18:30:00.000Z","2026-03-30T18:30:00.000Z","96030.00","5961.80","90068.20","Sent","Paid","","2026-09-05T15:16:11.175Z"
"1169","EMP-FDABCC","Isha Rathore","Engineering","July 2026 Payroll","2026-06-30T18:30:00.000Z","2026-07-30T18:30:00.000Z","101520.00","6291.20","95228.80","Sent","Paid","","2026-09-05T15:16:11.175Z"
"1168","EMP-43E7D8","Nisha Shah","Human Resources","March 2026 Payroll","2026-02-28T18:30:00.000Z","2026-03-30T18:30:00.000Z","59400.00","3764.00","55636.00","Sent","Paid","","2026-09-05T15:16:11.175Z"
"1167","EMP-0DAABA","Neha Chatterjee","Finance","May 2026 Payroll","2026-04-30T18:30:00.000Z","2026-05-30T18:30:00.000Z","78540.00","4912.40","73627.60","Sent","Paid","","2026-09-05T15:16:11.175Z"
"1166","EMP-63FFD0","Rahul Das","Finance","July 2026 Payroll","2026-06-30T18:30:00.000Z","2026-07-30T18:30:00.000Z","86400.00","5384.00","81016.00","Sent","Paid","","2026-09-05T15:16:11.175Z"
"1165","EMP-35E126","Arjun Desai","Engineering","April 2026 Payroll","2026-03-31T18:30:00.000Z","2026-04-29T18:30:00.000Z","71690.00","4501.40","67188.60","Sent","Paid","","2026-09-05T15:16:11.175Z"
"1164","EMP-FFCBB7","Riya Malhotra","Marketing & Sales","July 2026 Payroll","2026-06-30T18:30:00.000Z","2026-07-30T18:30:00.000Z","59400.00","3764.00","55636.00","Sent","Paid","","2026-09-05T15:16:11.175Z"
"1163","EMP-4230E9","Kavya Banerjee","Marketing & Sales","June 2026 Payroll","2026-05-31T18:30:00.000Z","2026-06-29T18:30:00.000Z","69560.00","4373.60","65186.40","Sent","Paid","","2026-09-05T15:16:11.175Z"
"1162","EMP-2B423B","Rohan Krishnan","Human Resources","June 2026 Payroll","2026-05-31T18:30:00.000Z","2026-06-29T18:30:00.000Z","78960.00","4937.60","74022.40","Sent","Paid","","2026-09-05T15:16:11.175Z"
"1161","EMP-0ADF2E","Divya Bhatia","Human Resources","March 2026 Payroll","2026-02-28T18:30:00.000Z","2026-03-30T18:30:00.000Z","98010.00","6080.60","91929.40","Sent","Paid","","2026-09-05T15:16:11.175Z"
"1160","EMP-04DC66","Deepak Bansal","Human Resources","April 2026 Payroll","2026-03-31T18:30:00.000Z","2026-04-29T18:30:00.000Z","71690.00","4501.40","67188.60","Sent","Paid","","2026-09-05T15:16:11.175Z"
"1159","EMP-237A46","Pooja Gupta","Marketing & Sales","July 2026 Payroll","2026-06-30T18:30:00.000Z","2026-07-30T18:30:00.000Z","99360.00","6161.60","93198.40","Sent","Paid","","2026-09-05T15:16:11.175Z"
"1158","EMP-ECD855","Naveen Bansal","Human Resources","May 2026 Payroll","2026-04-30T18:30:00.000Z","2026-05-30T18:30:00.000Z","96900.00","6014.00","90886.00","Sent","Paid","","2026-09-05T15:16:11.175Z"
"1157","EMP-64A7A0","Ayaan Tiwari","Marketing & Sales","July 2026 Payroll","2026-06-30T18:30:00.000Z","2026-07-30T18:30:00.000Z","91800.00","5708.00","86092.00","Sent","Paid","","2026-09-05T15:16:11.175Z"
"1156","EMP-2A9D2A","Nikhil Chatterjee","Human Resources","January 2026 Payroll","2025-12-31T18:30:00.000Z","2026-01-30T18:30:00.000Z","96000.00","5960.00","90040.00","Sent","Paid","","2026-09-05T15:16:11.175Z"
"1155","EMP-D37FDD","Nikhil Mishra","Engineering","January 2026 Payroll","2025-12-31T18:30:00.000Z","2026-01-30T18:30:00.000Z","58560.00","3713.60","54846.40","Sent","Paid","","2026-09-05T15:16:11.175Z"
"1154","EMP-8F867A","Manish Sengupta","Finance","June 2026 Payroll","2026-05-31T18:30:00.000Z","2026-06-29T18:30:00.000Z","86480.00","5388.80","81091.20","Sent","Paid","","2026-09-05T15:16:11.175Z"
"1153","EMP-759739","Arjun Chatterjee","Finance","June 2026 Payroll","2026-05-31T18:30:00.000Z","2026-06-29T18:30:00.000Z","77080.00","4824.80","72255.20","Sent","Paid","","2026-09-05T15:16:11.175Z"
"1152","EMP-F9A332","Meera Ghosh","Finance","July 2026 Payroll","2026-06-30T18:30:00.000Z","2026-07-30T18:30:00.000Z","93960.00","5837.60","88122.40","Sent","Paid","","2026-09-05T15:16:11.175Z"
"1151","EMP-44D134","Aditya Malhotra","Engineering","July 2026 Payroll","2026-06-30T18:30:00.000Z","2026-07-30T18:30:00.000Z","78840.00","4930.40","73909.60","Sent","Paid","","2026-09-05T15:16:11.175Z"
"1150","EMP-77AC95","Sneha Yadav","Human Resources","July 2026 Payroll","2026-06-30T18:30:00.000Z","2026-07-30T18:30:00.000Z","93960.00","5837.60","88122.40","Sent","Paid","","2026-09-05T15:16:11.175Z"
"1149","EMP-7E296F","Siddharth Kulkarni","Engineering","May 2026 Payroll","2026-04-30T18:30:00.000Z","2026-05-30T18:30:00.000Z","71400.00","4484.00","66916.00","Sent","Paid","","2026-09-05T15:16:11.175Z"
"1148","EMP-BEE951","Amit Kulkarni","Finance","January 2026 Payroll","2025-12-31T18:30:00.000Z","2026-01-30T18:30:00.000Z","86400.00","5384.00","81016.00","Sent","Paid","","2026-09-05T15:16:11.175Z"
"1147","EMP-F7D61A","Vivaan Bansal","Human Resources","March 2026 Payroll","2026-02-28T18:30:00.000Z","2026-03-30T18:30:00.000Z","71280.00","4476.80","66803.20","Sent","Paid","","2026-09-05T15:16:11.175Z"
"1146","EMP-12A7C2","Siddharth Kaur","Finance","March 2026 Payroll","2026-02-28T18:30:00.000Z","2026-03-30T18:30:00.000Z","58410.00","3704.60","54705.40","Sent","Paid","","2026-09-05T15:16:11.175Z"
"1145","EMP-554886","Arjun Banerjee","Engineering","January 2026 Payroll","2025-12-31T18:30:00.000Z","2026-01-30T18:30:00.000Z","96000.00","5960.00","90040.00","Sent","Paid","","2026-09-05T15:16:11.175Z"
"1144","EMP-896B0D","Riya Bansal","Marketing & Sales","April 2026 Payroll","2026-03-31T18:30:00.000Z","2026-04-29T18:30:00.000Z","78110.00","4886.60","73223.40","Sent","Paid","","2026-09-05T15:16:11.175Z"
"1143","EMP-BD3339","Aryan Kapoor","Engineering","May 2026 Payroll","2026-04-30T18:30:00.000Z","2026-05-30T18:30:00.000Z","72420.00","4545.20","67874.80","Sent","Paid","","2026-09-05T15:16:11.175Z"
"1142","EMP-4CC9C8","Amit Chatterjee","Engineering","January 2026 Payroll","2025-12-31T18:30:00.000Z","2026-01-30T18:30:00.000Z","72960.00","4577.60","68382.40","Sent","Paid","","2026-09-05T15:16:11.175Z"
"1141","EMP-3BCB82","Neha Kulkarni","Engineering","February 2026 Payroll","2026-01-31T18:30:00.000Z","2026-02-27T18:30:00.000Z","96720.00","6003.20","90716.80","Sent","Paid","","2026-09-05T15:16:11.175Z"
"1140","EMP-86960E","Nisha Kapoor","Marketing & Sales","June 2026 Payroll","2026-05-31T18:30:00.000Z","2026-06-29T18:30:00.000Z","61100.00","3866.00","57234.00","Sent","Paid","","2026-09-05T15:16:11.175Z"
"1139","EMP-B465CB","Krishna Ghosh","Finance","February 2026 Payroll","2026-01-31T18:30:00.000Z","2026-02-27T18:30:00.000Z","58240.00","3694.40","54545.60","Sent","Paid","","2026-09-05T15:16:11.175Z"
"1138","EMP-5AD2CA","Simran Chatterjee","Engineering","March 2026 Payroll","2026-02-28T18:30:00.000Z","2026-03-30T18:30:00.000Z","56430.00","3585.80","52844.20","Sent","Paid","","2026-09-05T15:16:11.175Z"
"1137","EMP-D12354","Gaurav Bhatt","Finance","June 2026 Payroll","2026-05-31T18:30:00.000Z","2026-06-29T18:30:00.000Z","69560.00","4373.60","65186.40","Sent","Paid","","2026-09-05T15:16:11.175Z"
"1136","EMP-352914","Varun Pillai","Marketing & Sales","April 2026 Payroll","2026-03-31T18:30:00.000Z","2026-04-29T18:30:00.000Z","93090.00","5785.40","87304.60","Sent","Paid","","2026-09-05T15:16:11.175Z"
"1135","EMP-DD5A61","Reyansh Shah","Human Resources","June 2026 Payroll","2026-05-31T18:30:00.000Z","2026-06-29T18:30:00.000Z","92120.00","5727.20","86392.80","Sent","Paid","","2026-09-05T15:16:11.175Z"
"1134","EMP-977362","Dev Deshmukh","Engineering","July 2026 Payroll","2026-06-30T18:30:00.000Z","2026-07-30T18:30:00.000Z","71280.00","4476.80","66803.20","Sent","Paid","","2026-09-05T15:16:11.175Z"
"1133","EMP-B030CD","Shreya Deshmukh","Finance","February 2026 Payroll","2026-01-31T18:30:00.000Z","2026-02-27T18:30:00.000Z","70720.00","4443.20","66276.80","Sent","Paid","","2026-09-05T15:16:11.175Z"
"1132","EMP-79A6BD","Divya Pillai","Finance","June 2026 Payroll","2026-05-31T18:30:00.000Z","2026-06-29T18:30:00.000Z","53580.00","3414.80","50165.20","Sent","Paid","","2026-09-05T15:16:11.175Z"
"1131","EMP-288B30","Divya Rao","Human Resources","March 2026 Payroll","2026-02-28T18:30:00.000Z","2026-03-30T18:30:00.000Z","59400.00","3764.00","55636.00","Sent","Paid","","2026-09-05T15:16:11.175Z"
"1130","EMP-F8E9A1","Simran Kumar","Marketing & Sales","May 2026 Payroll","2026-04-30T18:30:00.000Z","2026-05-30T18:30:00.000Z","69360.00","4361.60","64998.40","Sent","Paid","","2026-09-05T15:16:11.175Z"
"1129","EMP-8B4D44","Sanjay Bose","Human Resources","February 2026 Payroll","2026-01-31T18:30:00.000Z","2026-02-27T18:30:00.000Z","99840.00","6190.40","93649.60","Sent","Paid","","2026-09-05T15:16:11.175Z"
"1128","EMP-4A7545","Varun Kaur","Finance","July 2026 Payroll","2026-06-30T18:30:00.000Z","2026-07-30T18:30:00.000Z","100440.00","6226.40","94213.60","Sent","Paid","","2026-09-05T15:16:11.175Z"
"1127","EMP-9C1299","Aarav Bhatia","Human Resources","February 2026 Payroll","2026-01-31T18:30:00.000Z","2026-02-27T18:30:00.000Z","93600.00","5816.00","87784.00","Sent","Paid","","2026-09-05T15:16:11.175Z"
"1126","EMP-C052E5","Aditya Trivedi","Marketing & Sales","April 2026 Payroll","2026-03-31T18:30:00.000Z","2026-04-29T18:30:00.000Z","84530.00","5271.80","79258.20","Sent","Paid","","2026-09-05T15:16:11.175Z"
"1125","EMP-AD155F","Karan Krishnan","Human Resources","July 2026 Payroll","2026-06-30T18:30:00.000Z","2026-07-30T18:30:00.000Z","72360.00","4541.60","67818.40","Sent","Paid","","2026-09-05T15:16:11.175Z"
"1124","EMP-C75932","Ananya Iyer","Engineering","January 2026 Payroll","2025-12-31T18:30:00.000Z","2026-01-30T18:30:00.000Z","80640.00","5038.40","75601.60","Sent","Paid","","2026-09-05T15:16:11.175Z"
"1123","EMP-B11947","Reyansh Deshmukh","Marketing & Sales","January 2026 Payroll","2025-12-31T18:30:00.000Z","2026-01-30T18:30:00.000Z","56640.00","3598.40","53041.60","Sent","Paid","","2026-09-05T15:16:11.175Z"
"1122","EMP-3BCB82","Neha Kulkarni","Engineering","July 2026 Payroll","2026-06-30T18:30:00.000Z","2026-07-30T18:30:00.000Z","100440.00","6226.40","94213.60","Sent","Paid","","2026-09-05T15:16:11.175Z"
"1121","EMP-E5316F","Meera Joshi","Finance","January 2026 Payroll","2025-12-31T18:30:00.000Z","2026-01-30T18:30:00.000Z","69120.00","4347.20","64772.80","Sent","Paid","","2026-09-05T15:16:11.175Z"
"1120","EMP-86960E","Nisha Kapoor","Marketing & Sales","April 2026 Payroll","2026-03-31T18:30:00.000Z","2026-04-29T18:30:00.000Z","69550.00","4373.00","65177.00","Sent","Paid","","2026-09-05T15:16:11.175Z"
"1119","EMP-3AC409","Tanvi Sharma","Engineering","January 2026 Payroll","2025-12-31T18:30:00.000Z","2026-01-30T18:30:00.000Z","66240.00","4174.40","62065.60","Sent","Paid","","2026-09-05T15:16:11.175Z"
"1118","EMP-B465CB","Krishna Ghosh","Finance","July 2026 Payroll","2026-06-30T18:30:00.000Z","2026-07-30T18:30:00.000Z","60480.00","3828.80","56651.20","Sent","Paid","","2026-09-05T15:16:11.175Z"
"1117","EMP-1358A4","Sneha Yadav","Engineering","March 2026 Payroll","2026-02-28T18:30:00.000Z","2026-03-30T18:30:00.000Z","81180.00","5070.80","76109.20","Sent","Paid","","2026-09-05T15:16:11.175Z"
"1116","EMP-B0A6B8","Kavya Bose","Finance","May 2026 Payroll","2026-04-30T18:30:00.000Z","2026-05-30T18:30:00.000Z","67320.00","4239.20","63080.80","Sent","Paid","","2026-09-05T15:16:11.175Z"
"1115","EMP-87001D","Anjali Krishnan","Marketing & Sales","March 2026 Payroll","2026-02-28T18:30:00.000Z","2026-03-30T18:30:00.000Z","87120.00","5427.20","81692.80","Sent","Paid","","2026-09-05T15:16:11.175Z"
"1114","EMP-0C09F1","Reyansh Sharma","Human Resources","March 2026 Payroll","2026-02-28T18:30:00.000Z","2026-03-30T18:30:00.000Z","78210.00","4892.60","73317.40","Sent","Paid","","2026-09-05T15:16:11.175Z"
"1113","EMP-759739","Arjun Chatterjee","Finance","April 2026 Payroll","2026-03-31T18:30:00.000Z","2026-04-29T18:30:00.000Z","87740.00","5464.40","82275.60","Sent","Paid","","2026-09-05T15:16:11.175Z"
"1112","EMP-EBBBB3","Siddharth Joshi","Human Resources","January 2026 Payroll","2025-12-31T18:30:00.000Z","2026-01-30T18:30:00.000Z","86400.00","5384.00","81016.00","Sent","Paid","","2026-09-05T15:16:11.175Z"
"1111","EMP-77AC95","Sneha Yadav","Human Resources","February 2026 Payroll","2026-01-31T18:30:00.000Z","2026-02-27T18:30:00.000Z","90480.00","5628.80","84851.20","Sent","Paid","","2026-09-05T15:16:11.175Z"
"1110","EMP-83C86A","Riya Menon","Human Resources","March 2026 Payroll","2026-02-28T18:30:00.000Z","2026-03-30T18:30:00.000Z","77220.00","4833.20","72386.80","Sent","Paid","","2026-09-05T15:16:11.175Z"
"1109","EMP-44D134","Aditya Malhotra","Engineering","February 2026 Payroll","2026-01-31T18:30:00.000Z","2026-02-27T18:30:00.000Z","75920.00","4755.20","71164.80","Sent","Paid","","2026-09-05T15:16:11.175Z"
"1108","EMP-F9A332","Meera Ghosh","Finance","February 2026 Payroll","2026-01-31T18:30:00.000Z","2026-02-27T18:30:00.000Z","90480.00","5628.80","84851.20","Sent","Paid","","2026-09-05T15:16:11.175Z"
"1107","EMP-034BC9","Nisha Rathore","Engineering","May 2026 Payroll","2026-04-30T18:30:00.000Z","2026-05-30T18:30:00.000Z","72420.00","4545.20","67874.80","Sent","Paid","","2026-09-05T15:16:11.175Z"
"1106","EMP-896B0D","Riya Bansal","Marketing & Sales","June 2026 Payroll","2026-05-31T18:30:00.000Z","2026-06-29T18:30:00.000Z","68620.00","4317.20","64302.80","Sent","Paid","","2026-09-05T15:16:11.175Z"
"1105","EMP-AD155F","Karan Krishnan","Human Resources","February 2026 Payroll","2026-01-31T18:30:00.000Z","2026-02-27T18:30:00.000Z","69680.00","4380.80","65299.20","Sent","Paid","","2026-09-05T15:16:11.175Z"
"1104","EMP-754829","Pooja Chatterjee","Finance","March 2026 Payroll","2026-02-28T18:30:00.000Z","2026-03-30T18:30:00.000Z","62370.00","3942.20","58427.80","Sent","Paid","","2026-09-05T15:16:11.175Z"
"1103","EMP-9C1299","Aarav Bhatia","Human Resources","July 2026 Payroll","2026-06-30T18:30:00.000Z","2026-07-30T18:30:00.000Z","97200.00","6032.00","91168.00","Sent","Paid","","2026-09-05T15:16:11.175Z"
"1102","EMP-65BCD0","Pooja Sengupta","Human Resources","May 2026 Payroll","2026-04-30T18:30:00.000Z","2026-05-30T18:30:00.000Z","78540.00","4912.40","73627.60","Sent","Paid","","2026-09-05T15:16:11.175Z"
"1101","EMP-7F2E45","Riya Bose","Engineering","January 2026 Payroll","2025-12-31T18:30:00.000Z","2026-01-30T18:30:00.000Z","93120.00","5787.20","87332.80","Sent","Paid","","2026-09-05T15:16:11.175Z"
"1100","EMP-4B7CD5","Kavya Shah","Human Resources","May 2026 Payroll","2026-04-30T18:30:00.000Z","2026-05-30T18:30:00.000Z","57120.00","3627.20","53492.80","Sent","Paid","","2026-09-05T15:16:11.175Z"
"1099","EMP-C052E5","Aditya Trivedi","Marketing & Sales","June 2026 Payroll","2026-05-31T18:30:00.000Z","2026-06-29T18:30:00.000Z","74260.00","4655.60","69604.40","Sent","Paid","","2026-09-05T15:16:11.175Z"
"1098","EMP-7A2A04","Karan Menon","Engineering","March 2026 Payroll","2026-02-28T18:30:00.000Z","2026-03-30T18:30:00.000Z","94050.00","5843.00","88207.00","Sent","Paid","","2026-09-05T15:16:11.175Z"
"1097","EMP-16F1F2","Vihaan Chatterjee","Finance","January 2026 Payroll","2025-12-31T18:30:00.000Z","2026-01-30T18:30:00.000Z","67200.00","4232.00","62968.00","Sent","Paid","","2026-09-05T15:16:11.175Z"
"1096","EMP-46A33D","Tanvi Pandey","Marketing & Sales","March 2026 Payroll","2026-02-28T18:30:00.000Z","2026-03-30T18:30:00.000Z","90090.00","5605.40","84484.60","Sent","Paid","","2026-09-05T15:16:11.175Z"
"1095","EMP-DD5A61","Reyansh Shah","Human Resources","April 2026 Payroll","2026-03-31T18:30:00.000Z","2026-04-29T18:30:00.000Z","104860.00","6491.60","98368.40","Sent","Paid","","2026-09-05T15:16:11.175Z"
"1094","EMP-352914","Varun Pillai","Marketing & Sales","June 2026 Payroll","2026-05-31T18:30:00.000Z","2026-06-29T18:30:00.000Z","81780.00","5106.80","76673.20","Sent","Paid","","2026-09-05T15:16:11.175Z"
"1093","EMP-D12354","Gaurav Bhatt","Finance","April 2026 Payroll","2026-03-31T18:30:00.000Z","2026-04-29T18:30:00.000Z","79180.00","4950.80","74229.20","Sent","Paid","","2026-09-05T15:16:11.175Z"
"1092","EMP-977362","Dev Deshmukh","Engineering","February 2026 Payroll","2026-01-31T18:30:00.000Z","2026-02-27T18:30:00.000Z","68640.00","4318.40","64321.60","Sent","Paid","","2026-09-05T15:16:11.175Z"
"1091","EMP-0032EB","Nikhil Chauhan","Finance","May 2026 Payroll","2026-04-30T18:30:00.000Z","2026-05-30T18:30:00.000Z","65280.00","4116.80","61163.20","Sent","Paid","","2026-09-05T15:16:11.175Z"
"1090","EMP-79A6BD","Divya Pillai","Finance","April 2026 Payroll","2026-03-31T18:30:00.000Z","2026-04-29T18:30:00.000Z","60990.00","3859.40","57130.60","Sent","Paid","","2026-09-05T15:16:11.175Z"
"1089","EMP-4A7545","Varun Kaur","Finance","February 2026 Payroll","2026-01-31T18:30:00.000Z","2026-02-27T18:30:00.000Z","96720.00","6003.20","90716.80","Sent","Paid","","2026-09-05T15:16:11.175Z"
"1088","EMP-8B4D44","Sanjay Bose","Human Resources","July 2026 Payroll","2026-06-30T18:30:00.000Z","2026-07-30T18:30:00.000Z","103680.00","6420.80","97259.20","Sent","Paid","","2026-09-05T15:16:11.175Z"
"1087","EMP-B030CD","Shreya Deshmukh","Finance","July 2026 Payroll","2026-06-30T18:30:00.000Z","2026-07-30T18:30:00.000Z","73440.00","4606.40","68833.60","Sent","Paid","","2026-09-05T15:16:11.175Z"
"1086","EMP-8FE05D","Vihaan Chauhan","Engineering","March 2026 Payroll","2026-02-28T18:30:00.000Z","2026-03-30T18:30:00.000Z","54450.00","3467.00","50983.00","Sent","Paid","","2026-09-05T15:16:11.175Z"
"1085","EMP-FDABCC","Isha Rathore","Engineering","February 2026 Payroll","2026-01-31T18:30:00.000Z","2026-02-27T18:30:00.000Z","97760.00","6065.60","91694.40","Sent","Paid","","2026-09-05T15:16:11.175Z"
"1084","EMP-DA36F1","Vihaan Desai","Finance","March 2026 Payroll","2026-02-28T18:30:00.000Z","2026-03-30T18:30:00.000Z","85140.00","5308.40","79831.60","Sent","Paid","","2026-09-05T15:16:11.175Z"
"1083","EMP-B39B2F","Vivaan Chauhan","Marketing & Sales","May 2026 Payroll","2026-04-30T18:30:00.000Z","2026-05-30T18:30:00.000Z","90780.00","5646.80","85133.20","Sent","Paid","","2026-09-05T15:16:11.175Z"
"1082","EMP-EE0A11","Anjali Gupta","Marketing & Sales","May 2026 Payroll","2026-04-30T18:30:00.000Z","2026-05-30T18:30:00.000Z","71400.00","4484.00","66916.00","Sent","Paid","","2026-09-05T15:16:11.175Z"
"1081","EMP-6E7B98","Kabir Ghosh","Marketing & Sales","February 2026 Payroll","2026-01-31T18:30:00.000Z","2026-02-27T18:30:00.000Z","84240.00","5254.40","78985.60","Sent","Paid","","2026-09-05T15:16:11.175Z"
"1080","EMP-20B9DC","Isha Kumar","Human Resources","January 2026 Payroll","2025-12-31T18:30:00.000Z","2026-01-30T18:30:00.000Z","82560.00","5153.60","77406.40","Sent","Paid","","2026-09-05T15:16:11.175Z"
"1079","EMP-85224C","Kavya Reddy","Marketing & Sales","January 2026 Payroll","2025-12-31T18:30:00.000Z","2026-01-30T18:30:00.000Z","70080.00","4404.80","65675.20","Sent","Paid","","2026-09-05T15:16:11.175Z"
"1078","EMP-31C154","Rahul Nair","Marketing & Sales","June 2026 Payroll","2026-05-31T18:30:00.000Z","2026-06-29T18:30:00.000Z","71440.00","4486.40","66953.60","Sent","Paid","","2026-09-05T15:16:11.175Z"
"1077","EMP-04DC66","Deepak Bansal","Human Resources","June 2026 Payroll","2026-05-31T18:30:00.000Z","2026-06-29T18:30:00.000Z","62980.00","3978.80","59001.20","Sent","Paid","","2026-09-05T15:16:11.175Z"
"1076","EMP-8F867A","Manish Sengupta","Finance","April 2026 Payroll","2026-03-31T18:30:00.000Z","2026-04-29T18:30:00.000Z","98440.00","6106.40","92333.60","Sent","Paid","","2026-09-05T15:16:11.175Z"
"1075","EMP-64A7A0","Ayaan Tiwari","Marketing & Sales","February 2026 Payroll","2026-01-31T18:30:00.000Z","2026-02-27T18:30:00.000Z","88400.00","5504.00","82896.00","Sent","Paid","","2026-09-05T15:16:11.175Z"
"1074","EMP-237A46","Pooja Gupta","Marketing & Sales","February 2026 Payroll","2026-01-31T18:30:00.000Z","2026-02-27T18:30:00.000Z","95680.00","5940.80","89739.20","Sent","Paid","","2026-09-05T15:16:11.175Z"
"1073","EMP-FFCBB7","Riya Malhotra","Marketing & Sales","February 2026 Payroll","2026-01-31T18:30:00.000Z","2026-02-27T18:30:00.000Z","57200.00","3632.00","53568.00","Sent","Paid","","2026-09-05T15:16:11.175Z"
"1072","EMP-63FFD0","Rahul Das","Finance","February 2026 Payroll","2026-01-31T18:30:00.000Z","2026-02-27T18:30:00.000Z","83200.00","5192.00","78008.00","Sent","Paid","","2026-09-05T15:16:11.175Z"
"1071","EMP-35E126","Arjun Desai","Engineering","June 2026 Payroll","2026-05-31T18:30:00.000Z","2026-06-29T18:30:00.000Z","62980.00","3978.80","59001.20","Sent","Paid","","2026-09-05T15:16:11.175Z"
"1070","EMP-242D9D","Karan Pillai","Human Resources","May 2026 Payroll","2026-04-30T18:30:00.000Z","2026-05-30T18:30:00.000Z","73440.00","4606.40","68833.60","Sent","Paid","","2026-09-05T15:16:11.175Z"
"1069","EMP-7EF0F0","Shreya Das","Engineering","January 2026 Payroll","2025-12-31T18:30:00.000Z","2026-01-30T18:30:00.000Z","57600.00","3656.00","53944.00","Sent","Paid","","2026-09-05T15:16:11.175Z"
"1068","EMP-A7011A","Meera Agarwal","Engineering","May 2026 Payroll","2026-04-30T18:30:00.000Z","2026-05-30T18:30:00.000Z","86700.00","5402.00","81298.00","Sent","Paid","","2026-09-05T15:16:11.175Z"
"1067","EMP-2B423B","Rohan Krishnan","Human Resources","April 2026 Payroll","2026-03-31T18:30:00.000Z","2026-04-29T18:30:00.000Z","89880.00","5592.80","84287.20","Sent","Paid","","2026-09-05T15:16:11.175Z"
"1066","EMP-4230E9","Kavya Banerjee","Marketing & Sales","April 2026 Payroll","2026-03-31T18:30:00.000Z","2026-04-29T18:30:00.000Z","79180.00","4950.80","74229.20","Sent","Paid","","2026-09-05T15:16:11.175Z"
"1065","EMP-06D6D7","Krishna Trivedi","Marketing & Sales","March 2026 Payroll","2026-02-28T18:30:00.000Z","2026-03-30T18:30:00.000Z","67320.00","4239.20","63080.80","Sent","Paid","","2026-09-05T15:16:11.175Z"
"1064","EMP-3BCB82","Neha Kulkarni","Engineering","May 2026 Payroll","2026-04-30T18:30:00.000Z","2026-05-30T18:30:00.000Z","94860.00","5891.60","88968.40","Sent","Paid","","2026-09-05T15:16:11.175Z"
"1063","EMP-B0A6B8","Kavya Bose","Finance","July 2026 Payroll","2026-06-30T18:30:00.000Z","2026-07-30T18:30:00.000Z","71280.00","4476.80","66803.20","Sent","Paid","","2026-09-05T15:16:11.175Z"
"1062","EMP-B465CB","Krishna Ghosh","Finance","May 2026 Payroll","2026-04-30T18:30:00.000Z","2026-05-30T18:30:00.000Z","57120.00","3627.20","53492.80","Sent","Paid","","2026-09-05T15:16:11.175Z"
"1061","EMP-AC6A7A","Gaurav Bansal","Finance","March 2026 Payroll","2026-02-28T18:30:00.000Z","2026-03-30T18:30:00.000Z","96030.00","5961.80","90068.20","Sent","Paid","","2026-09-05T15:16:11.175Z"
"1060","EMP-A2FF2A","Rahul Reddy","Marketing & Sales","March 2026 Payroll","2026-02-28T18:30:00.000Z","2026-03-30T18:30:00.000Z","55440.00","3526.40","51913.60","Sent","Paid","","2026-09-05T15:16:11.175Z"
"1059","EMP-C7FBCE","Shreya Trivedi","Engineering","January 2026 Payroll","2025-12-31T18:30:00.000Z","2026-01-30T18:30:00.000Z","70080.00","4404.80","65675.20","Sent","Paid","","2026-09-05T15:16:11.175Z"
"1058","EMP-7E296F","Siddharth Kulkarni","Engineering","February 2026 Payroll","2026-01-31T18:30:00.000Z","2026-02-27T18:30:00.000Z","72800.00","4568.00","68232.00","Sent","Paid","","2026-09-05T15:16:11.175Z"
"1057","EMP-034BC9","Nisha Rathore","Engineering","July 2026 Payroll","2026-06-30T18:30:00.000Z","2026-07-30T18:30:00.000Z","76680.00","4800.80","71879.20","Sent","Paid","","2026-09-05T15:16:11.175Z"
"1056","EMP-D4B583","Shreya Iyer","Finance","June 2026 Payroll","2026-05-31T18:30:00.000Z","2026-06-29T18:30:00.000Z","88360.00","5501.60","82858.40","Sent","Paid","","2026-09-05T15:16:11.175Z"
"1055","EMP-A2063B","Simran Desai","Human Resources","April 2026 Payroll","2026-03-31T18:30:00.000Z","2026-04-29T18:30:00.000Z","64200.00","4052.00","60148.00","Sent","Paid","","2026-09-05T15:16:11.175Z"
"1054","EMP-BD3339","Aryan Kapoor","Engineering","February 2026 Payroll","2026-01-31T18:30:00.000Z","2026-02-27T18:30:00.000Z","73840.00","4630.40","69209.60","Sent","Paid","","2026-09-05T15:16:11.175Z"
"1053","EMP-4B7CD5","Kavya Shah","Human Resources","July 2026 Payroll","2026-06-30T18:30:00.000Z","2026-07-30T18:30:00.000Z","60480.00","3828.80","56651.20","Sent","Paid","","2026-09-05T15:16:11.175Z"
"1052","EMP-9C1299","Aarav Bhatia","Human Resources","May 2026 Payroll","2026-04-30T18:30:00.000Z","2026-05-30T18:30:00.000Z","91800.00","5708.00","86092.00","Sent","Paid","","2026-09-05T15:16:11.175Z"
"1051","EMP-65BCD0","Pooja Sengupta","Human Resources","July 2026 Payroll","2026-06-30T18:30:00.000Z","2026-07-30T18:30:00.000Z","83160.00","5189.60","77970.40","Sent","Paid","","2026-09-05T15:16:11.175Z"
"1050","EMP-D11D6F","Sanjay Menon","Engineering","January 2026 Payroll","2025-12-31T18:30:00.000Z","2026-01-30T18:30:00.000Z","58560.00","3713.60","54846.40","Sent","Paid","","2026-09-05T15:16:11.175Z"
"1049","EMP-3654EA","Kabir Verma","Human Resources","March 2026 Payroll","2026-02-28T18:30:00.000Z","2026-03-30T18:30:00.000Z","98010.00","6080.60","91929.40","Sent","Paid","","2026-09-05T15:16:11.175Z"
"1048","EMP-E0044B","Vivaan Bansal","Marketing & Sales","June 2026 Payroll","2026-05-31T18:30:00.000Z","2026-06-29T18:30:00.000Z","66740.00","4204.40","62535.60","Sent","Paid","","2026-09-05T15:16:11.175Z"
"1047","EMP-0032EB","Nikhil Chauhan","Finance","July 2026 Payroll","2026-06-30T18:30:00.000Z","2026-07-30T18:30:00.000Z","69120.00","4347.20","64772.80","Sent","Paid","","2026-09-05T15:16:11.175Z"
"1046","EMP-B030CD","Shreya Deshmukh","Finance","May 2026 Payroll","2026-04-30T18:30:00.000Z","2026-05-30T18:30:00.000Z","69360.00","4361.60","64998.40","Sent","Paid","","2026-09-05T15:16:11.175Z"
"1045","EMP-186813","Karan Ghosh","Engineering","April 2026 Payroll","2026-03-31T18:30:00.000Z","2026-04-29T18:30:00.000Z","63130.00","3987.80","59142.20","Sent","Paid","","2026-09-05T15:16:11.175Z"
"1044","EMP-8B4D44","Sanjay Bose","Human Resources","May 2026 Payroll","2026-04-30T18:30:00.000Z","2026-05-30T18:30:00.000Z","97920.00","6075.20","91844.80","Sent","Paid","","2026-09-05T15:16:11.175Z"
"1043","EMP-A6B296","Aryan Saxena","Human Resources","January 2026 Payroll","2025-12-31T18:30:00.000Z","2026-01-30T18:30:00.000Z","62400.00","3944.00","58456.00","Sent","Paid","","2026-09-05T15:16:11.175Z"
"1042","EMP-F8E9A1","Simran Kumar","Marketing & Sales","February 2026 Payroll","2026-01-31T18:30:00.000Z","2026-02-27T18:30:00.000Z","70720.00","4443.20","66276.80","Sent","Paid","","2026-09-05T15:16:11.175Z"
"1041","EMP-3BDCA7","Krishna Kumar","Finance","June 2026 Payroll","2026-05-31T18:30:00.000Z","2026-06-29T18:30:00.000Z","69560.00","4373.60","65186.40","Sent","Paid","","2026-09-05T15:16:11.175Z"
"1040","EMP-C290EE","Amit Verma","Engineering","January 2026 Payroll","2025-12-31T18:30:00.000Z","2026-01-30T18:30:00.000Z","96000.00","5960.00","90040.00","Sent","Paid","","2026-09-05T15:16:11.175Z"
"1039","EMP-9DE65A","Sai Pandey","Human Resources","April 2026 Payroll","2026-03-31T18:30:00.000Z","2026-04-29T18:30:00.000Z","87740.00","5464.40","82275.60","Sent","Paid","","2026-09-05T15:16:11.175Z"
"1038","EMP-414629","Ishaan Shah","Finance","January 2026 Payroll","2025-12-31T18:30:00.000Z","2026-01-30T18:30:00.000Z","53760.00","3425.60","50334.40","Sent","Paid","","2026-09-05T15:16:11.175Z"
"1037","EMP-465F89","Siddharth Rathore","Finance","March 2026 Payroll","2026-02-28T18:30:00.000Z","2026-03-30T18:30:00.000Z","86130.00","5367.80","80762.20","Sent","Paid","","2026-09-05T15:16:11.175Z"
"1036","EMP-B321B8","Ayaan Verma","Marketing & Sales","January 2026 Payroll","2025-12-31T18:30:00.000Z","2026-01-30T18:30:00.000Z","52800.00","3368.00","49432.00","Sent","Paid","","2026-09-05T15:16:11.175Z"
"1035","EMP-31A68C","Krishna Chatterjee","Finance","January 2026 Payroll","2025-12-31T18:30:00.000Z","2026-01-30T18:30:00.000Z","95040.00","5902.40","89137.60","Sent","Paid","","2026-09-05T15:16:11.175Z"
"1034","EMP-B39B2F","Vivaan Chauhan","Marketing & Sales","July 2026 Payroll","2026-06-30T18:30:00.000Z","2026-07-30T18:30:00.000Z","96120.00","5967.20","90152.80","Sent","Paid","","2026-09-05T15:16:11.175Z"
"1033","EMP-A2759A","Simran Desai","Marketing & Sales","April 2026 Payroll","2026-03-31T18:30:00.000Z","2026-04-29T18:30:00.000Z","83460.00","5207.60","78252.40","Sent","Paid","","2026-09-05T15:16:11.175Z"
"1032","EMP-DB59A5","Isha Malhotra","Finance","April 2026 Payroll","2026-03-31T18:30:00.000Z","2026-04-29T18:30:00.000Z","65270.00","4116.20","61153.80","Sent","Paid","","2026-09-05T15:16:11.175Z"
"1031","EMP-0DAABA","Neha Chatterjee","Finance","February 2026 Payroll","2026-01-31T18:30:00.000Z","2026-02-27T18:30:00.000Z","80080.00","5004.80","75075.20","Sent","Paid","","2026-09-05T15:16:11.175Z"
"1030","EMP-3868B5","Sneha Kaur","Marketing & Sales","March 2026 Payroll","2026-02-28T18:30:00.000Z","2026-03-30T18:30:00.000Z","81180.00","5070.80","76109.20","Sent","Paid","","2026-09-05T15:16:11.175Z"
"1029","EMP-DC4175","Arjun Bose","Finance","June 2026 Payroll","2026-05-31T18:30:00.000Z","2026-06-29T18:30:00.000Z","75200.00","4712.00","70488.00","Sent","Paid","","2026-09-05T15:16:11.175Z"
"1028","EMP-FED9BF","Ayaan Das","Marketing & Sales","March 2026 Payroll","2026-02-28T18:30:00.000Z","2026-03-30T18:30:00.000Z","69300.00","4358.00","64942.00","Sent","Paid","","2026-09-05T15:16:11.175Z"
"1027","EMP-EE0A11","Anjali Gupta","Marketing & Sales","July 2026 Payroll","2026-06-30T18:30:00.000Z","2026-07-30T18:30:00.000Z","75600.00","4736.00","70864.00","Sent","Paid","","2026-09-05T15:16:11.175Z"
"1026","EMP-B87E01","Shreya Mehta","Marketing & Sales","March 2026 Payroll","2026-02-28T18:30:00.000Z","2026-03-30T18:30:00.000Z","61380.00","3882.80","57497.20","Sent","Paid","","2026-09-05T15:16:11.175Z"
"1025","EMP-51758D","Priya Chopra","Human Resources","April 2026 Payroll","2026-03-31T18:30:00.000Z","2026-04-29T18:30:00.000Z","66340.00","4180.40","62159.60","Sent","Paid","","2026-09-05T15:16:11.175Z"
"1024","EMP-07509A","Varun Shah","Human Resources","June 2026 Payroll","2026-05-31T18:30:00.000Z","2026-06-29T18:30:00.000Z","80840.00","5050.40","75789.60","Sent","Paid","","2026-09-05T15:16:11.175Z"
"1023","EMP-2BB817","Riya Pandey","Finance","March 2026 Payroll","2026-02-28T18:30:00.000Z","2026-03-30T18:30:00.000Z","77220.00","4833.20","72386.80","Sent","Paid","","2026-09-05T15:16:11.175Z"
"1022","EMP-ECD855","Naveen Bansal","Human Resources","February 2026 Payroll","2026-01-31T18:30:00.000Z","2026-02-27T18:30:00.000Z","98800.00","6128.00","92672.00","Sent","Paid","","2026-09-05T15:16:11.175Z"
"1021","EMP-A780D2","Priya Krishnan","Engineering","March 2026 Payroll","2026-02-28T18:30:00.000Z","2026-03-30T18:30:00.000Z","78210.00","4892.60","73317.40","Sent","Paid","","2026-09-05T15:16:11.175Z"
"1020","EMP-190639","Meera Malhotra","Engineering","January 2026 Payroll","2025-12-31T18:30:00.000Z","2026-01-30T18:30:00.000Z","61440.00","3886.40","57553.60","Sent","Paid","","2026-09-05T15:16:11.175Z"
"1019","EMP-E331CE","Kavya Gupta","Marketing & Sales","March 2026 Payroll","2026-02-28T18:30:00.000Z","2026-03-30T18:30:00.000Z","62370.00","3942.20","58427.80","Sent","Paid","","2026-09-05T15:16:11.175Z"
"1018","EMP-3ABC1F","Krishna Trivedi","Marketing & Sales","April 2026 Payroll","2026-03-31T18:30:00.000Z","2026-04-29T18:30:00.000Z","73830.00","4629.80","69200.20","Sent","Paid","","2026-09-05T15:16:11.175Z"
"1017","EMP-874F6D","Karan Chatterjee","Human Resources","June 2026 Payroll","2026-05-31T18:30:00.000Z","2026-06-29T18:30:00.000Z","69560.00","4373.60","65186.40","Sent","Paid","","2026-09-05T15:16:11.175Z"
"1016","EMP-A7011A","Meera Agarwal","Engineering","July 2026 Payroll","2026-06-30T18:30:00.000Z","2026-07-30T18:30:00.000Z","91800.00","5708.00","86092.00","Sent","Paid","","2026-09-05T15:16:11.175Z"
"1015","EMP-242D9D","Karan Pillai","Human Resources","July 2026 Payroll","2026-06-30T18:30:00.000Z","2026-07-30T18:30:00.000Z","77760.00","4865.60","72894.40","Sent","Paid","","2026-09-05T15:16:11.175Z"
"1014","EMP-99DA86","Riya Mehta","Engineering","April 2026 Payroll","2026-03-31T18:30:00.000Z","2026-04-29T18:30:00.000Z","70620.00","4437.20","66182.80","Sent","Paid","","2026-09-05T15:16:11.175Z"
"1013","EMP-7F2E45","Riya Bose","Engineering","July 2026 Payroll","2026-06-30T18:30:00.000Z","2026-07-30T18:30:00.000Z","104760.00","6485.60","98274.40","Sent","Paid","","2026-09-05T15:16:11.175Z"
"1012","EMP-9C1299","Aarav Bhatia","Human Resources","January 2026 Payroll","2025-12-31T18:30:00.000Z","2026-01-30T18:30:00.000Z","86400.00","5384.00","81016.00","Sent","Paid","","2026-09-05T15:16:11.175Z"
"1011","EMP-23D32C","Sanjay Yadav","Human Resources","March 2026 Payroll","2026-02-28T18:30:00.000Z","2026-03-30T18:30:00.000Z","61380.00","3882.80","57497.20","Sent","Paid","","2026-09-05T15:16:11.175Z"
"1010","EMP-D11D6F","Sanjay Menon","Engineering","May 2026 Payroll","2026-04-30T18:30:00.000Z","2026-05-30T18:30:00.000Z","62220.00","3933.20","58286.80","Sent","Paid","","2026-09-05T15:16:11.175Z"
"1009","EMP-C75932","Ananya Iyer","Engineering","February 2026 Payroll","2026-01-31T18:30:00.000Z","2026-02-27T18:30:00.000Z","87360.00","5441.60","81918.40","Sent","Paid","","2026-09-05T15:16:11.175Z"
"1008","EMP-16F1F2","Vihaan Chatterjee","Finance","July 2026 Payroll","2026-06-30T18:30:00.000Z","2026-07-30T18:30:00.000Z","75600.00","4736.00","70864.00","Sent","Paid","","2026-09-05T15:16:11.175Z"
"1007","EMP-B11947","Reyansh Deshmukh","Marketing & Sales","February 2026 Payroll","2026-01-31T18:30:00.000Z","2026-02-27T18:30:00.000Z","61360.00","3881.60","57478.40","Sent","Paid","","2026-09-05T15:16:11.175Z"
"1006","EMP-1C71D7","Vivaan Gupta","Human Resources","June 2026 Payroll","2026-05-31T18:30:00.000Z","2026-06-29T18:30:00.000Z","70500.00","4430.00","66070.00","Sent","Paid","","2026-09-05T15:16:11.175Z"
"1005","EMP-BA3D04","Nisha Reddy","Human Resources","March 2026 Payroll","2026-02-28T18:30:00.000Z","2026-03-30T18:30:00.000Z","72270.00","4536.20","67733.80","Sent","Paid","","2026-09-05T15:16:11.175Z"
"1004","EMP-779822","Divya Tiwari","Human Resources","June 2026 Payroll","2026-05-31T18:30:00.000Z","2026-06-29T18:30:00.000Z","61100.00","3866.00","57234.00","Sent","Paid","","2026-09-05T15:16:11.175Z"
"1003","EMP-B030CD","Shreya Deshmukh","Finance","January 2026 Payroll","2025-12-31T18:30:00.000Z","2026-01-30T18:30:00.000Z","65280.00","4116.80","61163.20","Sent","Paid","","2026-09-05T15:16:11.175Z"
"1002","EMP-1A3F5F","Shreya Deshmukh","Engineering","April 2026 Payroll","2026-03-31T18:30:00.000Z","2026-04-29T18:30:00.000Z","60990.00","3859.40","57130.60","Sent","Paid","","2026-09-05T15:16:11.175Z"
"1001","EMP-A6B296","Aryan Saxena","Human Resources","May 2026 Payroll","2026-04-30T18:30:00.000Z","2026-05-30T18:30:00.000Z","66300.00","4178.00","62122.00","Sent","Paid","","2026-09-05T15:16:11.175Z"
"1000","EMP-8B4D44","Sanjay Bose","Human Resources","January 2026 Payroll","2025-12-31T18:30:00.000Z","2026-01-30T18:30:00.000Z","92160.00","5729.60","86430.40","Sent","Paid","","2026-09-05T15:16:11.175Z"
"999","EMP-C290EE","Amit Verma","Engineering","May 2026 Payroll","2026-04-30T18:30:00.000Z","2026-05-30T18:30:00.000Z","102000.00","6320.00","95680.00","Sent","Paid","","2026-09-05T15:16:11.175Z"
"998","EMP-414629","Ishaan Shah","Finance","May 2026 Payroll","2026-04-30T18:30:00.000Z","2026-05-30T18:30:00.000Z","57120.00","3627.20","53492.80","Sent","Paid","","2026-09-05T15:16:11.175Z"
"997","EMP-E5316F","Meera Joshi","Finance","July 2026 Payroll","2026-06-30T18:30:00.000Z","2026-07-30T18:30:00.000Z","77760.00","4865.60","72894.40","Sent","Paid","","2026-09-05T15:16:11.175Z"
"996","EMP-3BCB82","Neha Kulkarni","Engineering","January 2026 Payroll","2025-12-31T18:30:00.000Z","2026-01-30T18:30:00.000Z","89280.00","5556.80","83723.20","Sent","Paid","","2026-09-05T15:16:11.175Z"
"995","EMP-4CC9C8","Amit Chatterjee","Engineering","February 2026 Payroll","2026-01-31T18:30:00.000Z","2026-02-27T18:30:00.000Z","79040.00","4942.40","74097.60","Sent","Paid","","2026-09-05T15:16:11.175Z"
"994","EMP-0B3DD7","Sneha Pillai","Engineering","June 2026 Payroll","2026-05-31T18:30:00.000Z","2026-06-29T18:30:00.000Z","54520.00","3471.20","51048.80","Sent","Paid","","2026-09-05T15:16:11.175Z"
"993","EMP-B465CB","Krishna Ghosh","Finance","January 2026 Payroll","2025-12-31T18:30:00.000Z","2026-01-30T18:30:00.000Z","53760.00","3425.60","50334.40","Sent","Paid","","2026-09-05T15:16:11.175Z"
"992","EMP-3AC409","Tanvi Sharma","Engineering","July 2026 Payroll","2026-06-30T18:30:00.000Z","2026-07-30T18:30:00.000Z","74520.00","4671.20","69848.80","Sent","Paid","","2026-09-05T15:16:11.175Z"
"991","EMP-9FBC24","Kavya Mehta","Human Resources","April 2026 Payroll","2026-03-31T18:30:00.000Z","2026-04-29T18:30:00.000Z","73830.00","4629.80","69200.20","Sent","Paid","","2026-09-05T15:16:11.175Z"
"990","EMP-EBBBB3","Siddharth Joshi","Human Resources","July 2026 Payroll","2026-06-30T18:30:00.000Z","2026-07-30T18:30:00.000Z","97200.00","6032.00","91168.00","Sent","Paid","","2026-09-05T15:16:11.175Z"
"989","EMP-C7FBCE","Shreya Trivedi","Engineering","May 2026 Payroll","2026-04-30T18:30:00.000Z","2026-05-30T18:30:00.000Z","74460.00","4667.60","69792.40","Sent","Paid","","2026-09-05T15:16:11.175Z"
"988","EMP-BEE951","Amit Kulkarni","Finance","February 2026 Payroll","2026-01-31T18:30:00.000Z","2026-02-27T18:30:00.000Z","93600.00","5816.00","87784.00","Sent","Paid","","2026-09-05T15:16:11.175Z"
"987","EMP-46D710","Naveen Rao","Engineering","June 2026 Payroll","2026-05-31T18:30:00.000Z","2026-06-29T18:30:00.000Z","65800.00","4148.00","61652.00","Sent","Paid","","2026-09-05T15:16:11.175Z"
"986","EMP-554886","Arjun Banerjee","Engineering","February 2026 Payroll","2026-01-31T18:30:00.000Z","2026-02-27T18:30:00.000Z","104000.00","6440.00","97560.00","Sent","Paid","","2026-09-05T15:16:11.175Z"
"985","EMP-1F9328","Tanvi Banerjee","Marketing & Sales","March 2026 Payroll","2026-02-28T18:30:00.000Z","2026-03-30T18:30:00.000Z","74250.00","4655.00","69595.00","Sent","Paid","","2026-09-05T15:16:11.175Z"
"984","EMP-7B0395","Ayaan Ghosh","Finance","June 2026 Payroll","2026-05-31T18:30:00.000Z","2026-06-29T18:30:00.000Z","67680.00","4260.80","63419.20","Sent","Paid","","2026-09-05T15:16:11.175Z"
"983","EMP-2A9D2A","Nikhil Chatterjee","Human Resources","February 2026 Payroll","2026-01-31T18:30:00.000Z","2026-02-27T18:30:00.000Z","104000.00","6440.00","97560.00","Sent","Paid","","2026-09-05T15:16:11.175Z"
"982","EMP-D37FDD","Nikhil Mishra","Engineering","February 2026 Payroll","2026-01-31T18:30:00.000Z","2026-02-27T18:30:00.000Z","63440.00","4006.40","59433.60","Sent","Paid","","2026-09-05T15:16:11.175Z"
"981","EMP-190639","Meera Malhotra","Engineering","May 2026 Payroll","2026-04-30T18:30:00.000Z","2026-05-30T18:30:00.000Z","65280.00","4116.80","61163.20","Sent","Paid","","2026-09-05T15:16:11.175Z"
"980","EMP-C9DB6F","Nisha Bhatt","Human Resources","April 2026 Payroll","2026-03-31T18:30:00.000Z","2026-04-29T18:30:00.000Z","95230.00","5913.80","89316.20","Sent","Paid","","2026-09-05T15:16:11.175Z"
"979","EMP-54A415","Kabir Pandey","Marketing & Sales","June 2026 Payroll","2026-05-31T18:30:00.000Z","2026-06-29T18:30:00.000Z","62980.00","3978.80","59001.20","Sent","Paid","","2026-09-05T15:16:11.175Z"
"978","EMP-7EF0F0","Shreya Das","Engineering","July 2026 Payroll","2026-06-30T18:30:00.000Z","2026-07-30T18:30:00.000Z","64800.00","4088.00","60712.00","Sent","Paid","","2026-09-05T15:16:11.175Z"
"977","EMP-B321B8","Ayaan Verma","Marketing & Sales","May 2026 Payroll","2026-04-30T18:30:00.000Z","2026-05-30T18:30:00.000Z","56100.00","3566.00","52534.00","Sent","Paid","","2026-09-05T15:16:11.175Z"
"976","EMP-31A68C","Krishna Chatterjee","Finance","May 2026 Payroll","2026-04-30T18:30:00.000Z","2026-05-30T18:30:00.000Z","100980.00","6258.80","94721.20","Sent","Paid","","2026-09-05T15:16:11.175Z"
"975","EMP-6DC9C3","Divya Sengupta","Marketing & Sales","March 2026 Payroll","2026-02-28T18:30:00.000Z","2026-03-30T18:30:00.000Z","86130.00","5367.80","80762.20","Sent","Paid","","2026-09-05T15:16:11.175Z"
"974","EMP-769127","Simran Trivedi","Engineering","April 2026 Payroll","2026-03-31T18:30:00.000Z","2026-04-29T18:30:00.000Z","81320.00","5079.20","76240.80","Sent","Paid","","2026-09-05T15:16:11.175Z"
"973","EMP-FB4A53","Pooja Bansal","Finance","March 2026 Payroll","2026-02-28T18:30:00.000Z","2026-03-30T18:30:00.000Z","57420.00","3645.20","53774.80","Sent","Paid","","2026-09-05T15:16:11.175Z"
"972","EMP-F7C116","Sai Sharma","Marketing & Sales","April 2026 Payroll","2026-03-31T18:30:00.000Z","2026-04-29T18:30:00.000Z","71690.00","4501.40","67188.60","Sent","Paid","","2026-09-05T15:16:11.175Z"
"971","EMP-EA22B8","Amit Bhatt","Marketing & Sales","March 2026 Payroll","2026-02-28T18:30:00.000Z","2026-03-30T18:30:00.000Z","56430.00","3585.80","52844.20","Sent","Paid","","2026-09-05T15:16:11.175Z"
"970","EMP-20B9DC","Isha Kumar","Human Resources","July 2026 Payroll","2026-06-30T18:30:00.000Z","2026-07-30T18:30:00.000Z","92880.00","5772.80","87107.20","Sent","Paid","","2026-09-05T15:16:11.175Z"
"969","EMP-782D89","Arjun Deshmukh","Engineering","February 2026 Payroll","2026-01-31T18:30:00.000Z","2026-02-27T18:30:00.000Z","99840.00","6190.40","93649.60","Sent","Paid","","2026-09-05T15:16:11.175Z"
"968","EMP-AFEE5B","Nisha Chatterjee","Finance","February 2026 Payroll","2026-01-31T18:30:00.000Z","2026-02-27T18:30:00.000Z","86320.00","5379.20","80940.80","Sent","Paid","","2026-09-05T15:16:11.175Z"
"967","EMP-C077C9","Aarav Bhatia","Marketing & Sales","March 2026 Payroll","2026-02-28T18:30:00.000Z","2026-03-30T18:30:00.000Z","90090.00","5605.40","84484.60","Sent","Paid","","2026-09-05T15:16:11.175Z"
"966","EMP-85224C","Kavya Reddy","Marketing & Sales","July 2026 Payroll","2026-06-30T18:30:00.000Z","2026-07-30T18:30:00.000Z","78840.00","4930.40","73909.60","Sent","Paid","","2026-09-05T15:16:11.175Z"
"965","EMP-D11D6F","Sanjay Menon","Engineering","July 2026 Payroll","2026-06-30T18:30:00.000Z","2026-07-30T18:30:00.000Z","65880.00","4152.80","61727.20","Sent","Paid","","2026-09-05T15:16:11.175Z"
"964","EMP-FCCC73","Kabir Pandey","Marketing & Sales","March 2026 Payroll","2026-02-28T18:30:00.000Z","2026-03-30T18:30:00.000Z","78210.00","4892.60","73317.40","Sent","Paid","","2026-09-05T15:16:11.175Z"
"963","EMP-7F2E45","Riya Bose","Engineering","May 2026 Payroll","2026-04-30T18:30:00.000Z","2026-05-30T18:30:00.000Z","98940.00","6136.40","92803.60","Sent","Paid","","2026-09-05T15:16:11.175Z"
"962","EMP-65BCD0","Pooja Sengupta","Human Resources","January 2026 Payroll","2025-12-31T18:30:00.000Z","2026-01-30T18:30:00.000Z","73920.00","4635.20","69284.80","Sent","Paid","","2026-09-05T15:16:11.175Z"
"961","EMP-12F541","Ananya Kaur","Human Resources","June 2026 Payroll","2026-05-31T18:30:00.000Z","2026-06-29T18:30:00.000Z","88360.00","5501.60","82858.40","Sent","Paid","","2026-09-05T15:16:11.175Z"
"960","EMP-4B7CD5","Kavya Shah","Human Resources","January 2026 Payroll","2025-12-31T18:30:00.000Z","2026-01-30T18:30:00.000Z","53760.00","3425.60","50334.40","Sent","Paid","","2026-09-05T15:16:11.175Z"
"959","EMP-16F1F2","Vihaan Chatterjee","Finance","May 2026 Payroll","2026-04-30T18:30:00.000Z","2026-05-30T18:30:00.000Z","71400.00","4484.00","66916.00","Sent","Paid","","2026-09-05T15:16:11.175Z"
"958","EMP-0032EB","Nikhil Chauhan","Finance","January 2026 Payroll","2025-12-31T18:30:00.000Z","2026-01-30T18:30:00.000Z","61440.00","3886.40","57553.60","Sent","Paid","","2026-09-05T15:16:11.175Z"
"957","EMP-3EB8C2","Sanjay Yadav","Human Resources","June 2026 Payroll","2026-05-31T18:30:00.000Z","2026-06-29T18:30:00.000Z","89300.00","5558.00","83742.00","Sent","Paid","","2026-09-05T15:16:11.175Z"
"956","EMP-B2C016","Anjali Reddy","Human Resources","April 2026 Payroll","2026-03-31T18:30:00.000Z","2026-04-29T18:30:00.000Z","104860.00","6491.60","98368.40","Sent","Paid","","2026-09-05T15:16:11.175Z"
"955","EMP-414629","Ishaan Shah","Finance","July 2026 Payroll","2026-06-30T18:30:00.000Z","2026-07-30T18:30:00.000Z","60480.00","3828.80","56651.20","Sent","Paid","","2026-09-05T15:16:11.175Z"
"954","EMP-C290EE","Amit Verma","Engineering","July 2026 Payroll","2026-06-30T18:30:00.000Z","2026-07-30T18:30:00.000Z","108000.00","6680.00","101320.00","Sent","Paid","","2026-09-05T15:16:11.175Z"
"953","EMP-A6B296","Aryan Saxena","Human Resources","July 2026 Payroll","2026-06-30T18:30:00.000Z","2026-07-30T18:30:00.000Z","70200.00","4412.00","65788.00","Sent","Paid","","2026-09-05T15:16:11.175Z"
"952","EMP-B1E1C4","Nikhil Gupta","Human Resources","June 2026 Payroll","2026-05-31T18:30:00.000Z","2026-06-29T18:30:00.000Z","57340.00","3640.40","53699.60","Sent","Paid","","2026-09-05T15:16:11.175Z"
"951","EMP-95E6CA","Manish Ghosh","Human Resources","April 2026 Payroll","2026-03-31T18:30:00.000Z","2026-04-29T18:30:00.000Z","94160.00","5849.60","88310.40","Sent","Paid","","2026-09-05T15:16:11.175Z"
"950","EMP-E5316F","Meera Joshi","Finance","May 2026 Payroll","2026-04-30T18:30:00.000Z","2026-05-30T18:30:00.000Z","73440.00","4606.40","68833.60","Sent","Paid","","2026-09-05T15:16:11.175Z"
"949","EMP-3AC409","Tanvi Sharma","Engineering","May 2026 Payroll","2026-04-30T18:30:00.000Z","2026-05-30T18:30:00.000Z","70380.00","4422.80","65957.20","Sent","Paid","","2026-09-05T15:16:11.175Z"
"948","EMP-ABFDB9","Aarav Reddy","Finance","April 2026 Payroll","2026-03-31T18:30:00.000Z","2026-04-29T18:30:00.000Z","99510.00","6170.60","93339.40","Sent","Paid","","2026-09-05T15:16:11.175Z"
"947","EMP-B0A6B8","Kavya Bose","Finance","January 2026 Payroll","2025-12-31T18:30:00.000Z","2026-01-30T18:30:00.000Z","63360.00","4001.60","59358.40","Sent","Paid","","2026-09-05T15:16:11.175Z"
"946","EMP-C7FBCE","Shreya Trivedi","Engineering","July 2026 Payroll","2026-06-30T18:30:00.000Z","2026-07-30T18:30:00.000Z","78840.00","4930.40","73909.60","Sent","Paid","","2026-09-05T15:16:11.175Z"
"945","EMP-EBBBB3","Siddharth Joshi","Human Resources","May 2026 Payroll","2026-04-30T18:30:00.000Z","2026-05-30T18:30:00.000Z","91800.00","5708.00","86092.00","Sent","Paid","","2026-09-05T15:16:11.175Z"
"944","EMP-DF76DB","Ananya Menon","Human Resources","April 2026 Payroll","2026-03-31T18:30:00.000Z","2026-04-29T18:30:00.000Z","89880.00","5592.80","84287.20","Sent","Paid","","2026-09-05T15:16:11.175Z"
"943","EMP-C35DF4","Ayaan Reddy","Finance","February 2026 Payroll","2026-01-31T18:30:00.000Z","2026-02-27T18:30:00.000Z","57200.00","3632.00","53568.00","Sent","Paid","","2026-09-05T15:16:11.175Z"
"942","EMP-665750","Dev Yadav","Marketing & Sales","April 2026 Payroll","2026-03-31T18:30:00.000Z","2026-04-29T18:30:00.000Z","78110.00","4886.60","73223.40","Sent","Paid","","2026-09-05T15:16:11.175Z"
"941","EMP-034BC9","Nisha Rathore","Engineering","January 2026 Payroll","2025-12-31T18:30:00.000Z","2026-01-30T18:30:00.000Z","68160.00","4289.60","63870.40","Sent","Paid","","2026-09-05T15:16:11.175Z"
"940","EMP-18B74E","Isha Sharma","Engineering","February 2026 Payroll","2026-01-31T18:30:00.000Z","2026-02-27T18:30:00.000Z","76960.00","4817.60","72142.40","Sent","Paid","","2026-09-05T15:16:11.175Z"
"939","EMP-190639","Meera Malhotra","Engineering","July 2026 Payroll","2026-06-30T18:30:00.000Z","2026-07-30T18:30:00.000Z","69120.00","4347.20","64772.80","Sent","Paid","","2026-09-05T15:16:11.175Z"
"938","EMP-2CDEBE","Krishna Menon","Engineering","June 2026 Payroll","2026-05-31T18:30:00.000Z","2026-06-29T18:30:00.000Z","94000.00","5840.00","88160.00","Sent","Paid","","2026-09-05T15:16:11.175Z"
"937","EMP-4014FF","Vivaan Bhatia","Human Resources","April 2026 Payroll","2026-03-31T18:30:00.000Z","2026-04-29T18:30:00.000Z","86670.00","5400.20","81269.80","Sent","Paid","","2026-09-05T15:16:11.175Z"
"936","EMP-8D4B72","Aditya Shah","Marketing & Sales","February 2026 Payroll","2026-01-31T18:30:00.000Z","2026-02-27T18:30:00.000Z","81120.00","5067.20","76052.80","Sent","Paid","","2026-09-05T15:16:11.175Z"
"935","EMP-68D7E7","Meera Ghosh","Human Resources","March 2026 Payroll","2026-02-28T18:30:00.000Z","2026-03-30T18:30:00.000Z","88110.00","5486.60","82623.40","Sent","Paid","","2026-09-05T15:16:11.175Z"
"934","EMP-7EF0F0","Shreya Das","Engineering","May 2026 Payroll","2026-04-30T18:30:00.000Z","2026-05-30T18:30:00.000Z","61200.00","3872.00","57328.00","Sent","Paid","","2026-09-05T15:16:11.175Z"
"933","EMP-242D9D","Karan Pillai","Human Resources","January 2026 Payroll","2025-12-31T18:30:00.000Z","2026-01-30T18:30:00.000Z","69120.00","4347.20","64772.80","Sent","Paid","","2026-09-05T15:16:11.175Z"
"932","EMP-A7011A","Meera Agarwal","Engineering","January 2026 Payroll","2025-12-31T18:30:00.000Z","2026-01-30T18:30:00.000Z","81600.00","5096.00","76504.00","Sent","Paid","","2026-09-05T15:16:11.175Z"
"931","EMP-36ACC3","Varun Das","Marketing & Sales","February 2026 Payroll","2026-01-31T18:30:00.000Z","2026-02-27T18:30:00.000Z","80080.00","5004.80","75075.20","Sent","Paid","","2026-09-05T15:16:11.175Z"
"930","EMP-A79F59","Kavya Reddy","Human Resources","March 2026 Payroll","2026-02-28T18:30:00.000Z","2026-03-30T18:30:00.000Z","79200.00","4952.00","74248.00","Sent","Paid","","2026-09-05T15:16:11.175Z"
"929","EMP-6B6E3D","Krishna Sengupta","Finance","April 2026 Payroll","2026-03-31T18:30:00.000Z","2026-04-29T18:30:00.000Z","73830.00","4629.80","69200.20","Sent","Paid","","2026-09-05T15:16:11.175Z"
"928","EMP-31A68C","Krishna Chatterjee","Finance","July 2026 Payroll","2026-06-30T18:30:00.000Z","2026-07-30T18:30:00.000Z","106920.00","6615.20","100304.80","Sent","Paid","","2026-09-05T15:16:11.175Z"
"927","EMP-9753BA","Aditya Pandey","Finance","March 2026 Payroll","2026-02-28T18:30:00.000Z","2026-03-30T18:30:00.000Z","68310.00","4298.60","64011.40","Sent","Paid","","2026-09-05T15:16:11.175Z"
"926","EMP-56BC71","Ishaan Yadav","Marketing & Sales","June 2026 Payroll","2026-05-31T18:30:00.000Z","2026-06-29T18:30:00.000Z","94000.00","5840.00","88160.00","Sent","Paid","","2026-09-05T15:16:11.175Z"
"925","EMP-B321B8","Ayaan Verma","Marketing & Sales","July 2026 Payroll","2026-06-30T18:30:00.000Z","2026-07-30T18:30:00.000Z","59400.00","3764.00","55636.00","Sent","Paid","","2026-09-05T15:16:11.175Z"
"924","EMP-58445B","Rahul Shah","Engineering","June 2026 Payroll","2026-05-31T18:30:00.000Z","2026-06-29T18:30:00.000Z","63920.00","4035.20","59884.80","Sent","Paid","","2026-09-05T15:16:11.175Z"
"923","EMP-884FC9","Reyansh Chopra","Engineering","March 2026 Payroll","2026-02-28T18:30:00.000Z","2026-03-30T18:30:00.000Z","95040.00","5902.40","89137.60","Sent","Paid","","2026-09-05T15:16:11.175Z"
"922","EMP-010161","Isha Krishnan","Finance","March 2026 Payroll","2026-02-28T18:30:00.000Z","2026-03-30T18:30:00.000Z","90090.00","5605.40","84484.60","Sent","Paid","","2026-09-05T15:16:11.175Z"
"921","EMP-4629FD","Priya Menon","Engineering","April 2026 Payroll","2026-03-31T18:30:00.000Z","2026-04-29T18:30:00.000Z","98440.00","6106.40","92333.60","Sent","Paid","","2026-09-05T15:16:11.175Z"
"920","EMP-27173F","Sanjay Agarwal","Human Resources","April 2026 Payroll","2026-03-31T18:30:00.000Z","2026-04-29T18:30:00.000Z","82390.00","5143.40","77246.60","Sent","Paid","","2026-09-05T15:16:11.175Z"
"919","EMP-B39B2F","Vivaan Chauhan","Marketing & Sales","January 2026 Payroll","2025-12-31T18:30:00.000Z","2026-01-30T18:30:00.000Z","85440.00","5326.40","80113.60","Sent","Paid","","2026-09-05T15:16:11.175Z"
"918","EMP-EE0A11","Anjali Gupta","Marketing & Sales","January 2026 Payroll","2025-12-31T18:30:00.000Z","2026-01-30T18:30:00.000Z","67200.00","4232.00","62968.00","Sent","Paid","","2026-09-05T15:16:11.175Z"
"917","EMP-20B9DC","Isha Kumar","Human Resources","May 2026 Payroll","2026-04-30T18:30:00.000Z","2026-05-30T18:30:00.000Z","87720.00","5463.20","82256.80","Sent","Paid","","2026-09-05T15:16:11.175Z"
"916","EMP-6F7C5C","Aditya Ghosh","Human Resources","February 2026 Payroll","2026-01-31T18:30:00.000Z","2026-02-27T18:30:00.000Z","69680.00","4380.80","65299.20","Sent","Paid","","2026-09-05T15:16:11.175Z"
"915","EMP-DECF50","Nisha Joshi","Marketing & Sales","April 2026 Payroll","2026-03-31T18:30:00.000Z","2026-04-29T18:30:00.000Z","81320.00","5079.20","76240.80","Sent","Paid","","2026-09-05T15:16:11.175Z"
"914","EMP-85224C","Kavya Reddy","Marketing & Sales","May 2026 Payroll","2026-04-30T18:30:00.000Z","2026-05-30T18:30:00.000Z","74460.00","4667.60","69792.40","Sent","Paid","","2026-09-05T15:16:11.175Z"
"913","EMP-F7C116","Sai Sharma","Marketing & Sales","February 2026 Payroll","2026-01-31T18:30:00.000Z","2026-02-27T18:30:00.000Z","69680.00","4380.80","65299.20","Sent","Paid","","2026-09-05T15:16:11.175Z"
"912","EMP-58445B","Rahul Shah","Engineering","May 2026 Payroll","2026-04-30T18:30:00.000Z","2026-05-30T18:30:00.000Z","69360.00","4361.60","64998.40","Sent","Paid","","2026-09-05T15:16:11.175Z"
"911","EMP-C12C94","Ananya Yadav","Engineering","March 2026 Payroll","2026-02-28T18:30:00.000Z","2026-03-30T18:30:00.000Z","87120.00","5427.20","81692.80","Sent","Paid","","2026-09-05T15:16:11.175Z"
"910","EMP-56BC71","Ishaan Yadav","Marketing & Sales","May 2026 Payroll","2026-04-30T18:30:00.000Z","2026-05-30T18:30:00.000Z","102000.00","6320.00","95680.00","Sent","Paid","","2026-09-05T15:16:11.175Z"
"909","EMP-769127","Simran Trivedi","Engineering","February 2026 Payroll","2026-01-31T18:30:00.000Z","2026-02-27T18:30:00.000Z","79040.00","4942.40","74097.60","Sent","Paid","","2026-09-05T15:16:11.175Z"
"908","EMP-85224C","Kavya Reddy","Marketing & Sales","June 2026 Payroll","2026-05-31T18:30:00.000Z","2026-06-29T18:30:00.000Z","68620.00","4317.20","64302.80","Sent","Paid","","2026-09-05T15:16:11.175Z"
"907","EMP-31C154","Rahul Nair","Marketing & Sales","January 2026 Payroll","2025-12-31T18:30:00.000Z","2026-01-30T18:30:00.000Z","72960.00","4577.60","68382.40","Sent","Paid","","2026-09-05T15:16:11.175Z"
"906","EMP-20B9DC","Isha Kumar","Human Resources","June 2026 Payroll","2026-05-31T18:30:00.000Z","2026-06-29T18:30:00.000Z","80840.00","5050.40","75789.60","Sent","Paid","","2026-09-05T15:16:11.175Z"
"905","EMP-782D89","Arjun Deshmukh","Engineering","April 2026 Payroll","2026-03-31T18:30:00.000Z","2026-04-29T18:30:00.000Z","102720.00","6363.20","96356.80","Sent","Paid","","2026-09-05T15:16:11.175Z"
"904","EMP-AFEE5B","Nisha Chatterjee","Finance","April 2026 Payroll","2026-03-31T18:30:00.000Z","2026-04-29T18:30:00.000Z","88810.00","5528.60","83281.40","Sent","Paid","","2026-09-05T15:16:11.175Z"
"903","EMP-2CDEBE","Krishna Menon","Engineering","May 2026 Payroll","2026-04-30T18:30:00.000Z","2026-05-30T18:30:00.000Z","102000.00","6320.00","95680.00","Sent","Paid","","2026-09-05T15:16:11.175Z"
"902","EMP-D37FDD","Nikhil Mishra","Engineering","April 2026 Payroll","2026-03-31T18:30:00.000Z","2026-04-29T18:30:00.000Z","65270.00","4116.20","61153.80","Sent","Paid","","2026-09-05T15:16:11.175Z"
"901","EMP-29137D","Nisha Saxena","Finance","March 2026 Payroll","2026-02-28T18:30:00.000Z","2026-03-30T18:30:00.000Z","70290.00","4417.40","65872.60","Sent","Paid","","2026-09-05T15:16:11.175Z"
"900","EMP-2A9D2A","Nikhil Chatterjee","Human Resources","April 2026 Payroll","2026-03-31T18:30:00.000Z","2026-04-29T18:30:00.000Z","107000.00","6620.00","100380.00","Sent","Paid","","2026-09-05T15:16:11.175Z"
"899","EMP-7B0395","Ayaan Ghosh","Finance","July 2026 Payroll","2026-06-30T18:30:00.000Z","2026-07-30T18:30:00.000Z","77760.00","4865.60","72894.40","Sent","Paid","","2026-09-05T15:16:11.175Z"
"898","EMP-04DC66","Deepak Bansal","Human Resources","January 2026 Payroll","2025-12-31T18:30:00.000Z","2026-01-30T18:30:00.000Z","64320.00","4059.20","60260.80","Sent","Paid","","2026-09-05T15:16:11.175Z"
"897","EMP-7EF0F0","Shreya Das","Engineering","June 2026 Payroll","2026-05-31T18:30:00.000Z","2026-06-29T18:30:00.000Z","56400.00","3584.00","52816.00","Sent","Paid","","2026-09-05T15:16:11.175Z"
"896","EMP-3CA43C","Deepak Das","Marketing & Sales","March 2026 Payroll","2026-02-28T18:30:00.000Z","2026-03-30T18:30:00.000Z","62370.00","3942.20","58427.80","Sent","Paid","","2026-09-05T15:16:11.175Z"
"895","EMP-35E126","Arjun Desai","Engineering","January 2026 Payroll","2025-12-31T18:30:00.000Z","2026-01-30T18:30:00.000Z","64320.00","4059.20","60260.80","Sent","Paid","","2026-09-05T15:16:11.175Z"
"894","EMP-C9DB6F","Nisha Bhatt","Human Resources","February 2026 Payroll","2026-01-31T18:30:00.000Z","2026-02-27T18:30:00.000Z","92560.00","5753.60","86806.40","Sent","Paid","","2026-09-05T15:16:11.175Z"
"893","EMP-54A415","Kabir Pandey","Marketing & Sales","July 2026 Payroll","2026-06-30T18:30:00.000Z","2026-07-30T18:30:00.000Z","72360.00","4541.60","67818.40","Sent","Paid","","2026-09-05T15:16:11.175Z"
"892","EMP-0B3DD7","Sneha Pillai","Engineering","July 2026 Payroll","2026-06-30T18:30:00.000Z","2026-07-30T18:30:00.000Z","62640.00","3958.40","58681.60","Sent","Paid","","2026-09-05T15:16:11.175Z"
"891","EMP-40ADF9","Ananya Shah","Marketing & Sales","March 2026 Payroll","2026-02-28T18:30:00.000Z","2026-03-30T18:30:00.000Z","96030.00","5961.80","90068.20","Sent","Paid","","2026-09-05T15:16:11.175Z"
"890","EMP-9FBC24","Kavya Mehta","Human Resources","February 2026 Payroll","2026-01-31T18:30:00.000Z","2026-02-27T18:30:00.000Z","71760.00","4505.60","67254.40","Sent","Paid","","2026-09-05T15:16:11.175Z"
"889","EMP-28C386","Krishna Menon","Marketing & Sales","March 2026 Payroll","2026-02-28T18:30:00.000Z","2026-03-30T18:30:00.000Z","74250.00","4655.00","69595.00","Sent","Paid","","2026-09-05T15:16:11.175Z"
"888","EMP-3AC409","Tanvi Sharma","Engineering","June 2026 Payroll","2026-05-31T18:30:00.000Z","2026-06-29T18:30:00.000Z","64860.00","4091.60","60768.40","Sent","Paid","","2026-09-05T15:16:11.175Z"
"887","EMP-E5316F","Meera Joshi","Finance","June 2026 Payroll","2026-05-31T18:30:00.000Z","2026-06-29T18:30:00.000Z","67680.00","4260.80","63419.20","Sent","Paid","","2026-09-05T15:16:11.175Z"
"886","EMP-4F5C3F","Vihaan Chauhan","Engineering","March 2026 Payroll","2026-02-28T18:30:00.000Z","2026-03-30T18:30:00.000Z","88110.00","5486.60","82623.40","Sent","Paid","","2026-09-05T15:16:11.175Z"
"885","EMP-4CC9C8","Amit Chatterjee","Engineering","April 2026 Payroll","2026-03-31T18:30:00.000Z","2026-04-29T18:30:00.000Z","81320.00","5079.20","76240.80","Sent","Paid","","2026-09-05T15:16:11.175Z"
"884","EMP-B1E1C4","Nikhil Gupta","Human Resources","May 2026 Payroll","2026-04-30T18:30:00.000Z","2026-05-30T18:30:00.000Z","62220.00","3933.20","58286.80","Sent","Paid","","2026-09-05T15:16:11.175Z"
"883","EMP-46D710","Naveen Rao","Engineering","July 2026 Payroll","2026-06-30T18:30:00.000Z","2026-07-30T18:30:00.000Z","75600.00","4736.00","70864.00","Sent","Paid","","2026-09-05T15:16:11.175Z"
"882","EMP-896B0D","Riya Bansal","Marketing & Sales","January 2026 Payroll","2025-12-31T18:30:00.000Z","2026-01-30T18:30:00.000Z","70080.00","4404.80","65675.20","Sent","Paid","","2026-09-05T15:16:11.175Z"
"881","EMP-554886","Arjun Banerjee","Engineering","April 2026 Payroll","2026-03-31T18:30:00.000Z","2026-04-29T18:30:00.000Z","107000.00","6620.00","100380.00","Sent","Paid","","2026-09-05T15:16:11.175Z"
"880","EMP-BEE951","Amit Kulkarni","Finance","April 2026 Payroll","2026-03-31T18:30:00.000Z","2026-04-29T18:30:00.000Z","96300.00","5978.00","90322.00","Sent","Paid","","2026-09-05T15:16:11.175Z"
"879","EMP-EBBBB3","Siddharth Joshi","Human Resources","June 2026 Payroll","2026-05-31T18:30:00.000Z","2026-06-29T18:30:00.000Z","84600.00","5276.00","79324.00","Sent","Paid","","2026-09-05T15:16:11.175Z"
"878","EMP-B11947","Reyansh Deshmukh","Marketing & Sales","April 2026 Payroll","2026-03-31T18:30:00.000Z","2026-04-29T18:30:00.000Z","63130.00","3987.80","59142.20","Sent","Paid","","2026-09-05T15:16:11.175Z"
"877","EMP-16F1F2","Vihaan Chatterjee","Finance","June 2026 Payroll","2026-05-31T18:30:00.000Z","2026-06-29T18:30:00.000Z","65800.00","4148.00","61652.00","Sent","Paid","","2026-09-05T15:16:11.175Z"
"876","EMP-C75932","Ananya Iyer","Engineering","April 2026 Payroll","2026-03-31T18:30:00.000Z","2026-04-29T18:30:00.000Z","89880.00","5592.80","84287.20","Sent","Paid","","2026-09-05T15:16:11.175Z"
"875","EMP-7F2E45","Riya Bose","Engineering","June 2026 Payroll","2026-05-31T18:30:00.000Z","2026-06-29T18:30:00.000Z","91180.00","5670.80","85509.20","Sent","Paid","","2026-09-05T15:16:11.175Z"
"874","EMP-12F541","Ananya Kaur","Human Resources","May 2026 Payroll","2026-04-30T18:30:00.000Z","2026-05-30T18:30:00.000Z","95880.00","5952.80","89927.20","Sent","Paid","","2026-09-05T15:16:11.175Z"
"873","EMP-C052E5","Aditya Trivedi","Marketing & Sales","January 2026 Payroll","2025-12-31T18:30:00.000Z","2026-01-30T18:30:00.000Z","75840.00","4750.40","71089.60","Sent","Paid","","2026-09-05T15:16:11.175Z"
"872","EMP-1A3F5F","Shreya Deshmukh","Engineering","February 2026 Payroll","2026-01-31T18:30:00.000Z","2026-02-27T18:30:00.000Z","59280.00","3756.80","55523.20","Sent","Paid","","2026-09-05T15:16:11.175Z"
"871","EMP-9F4A66","Nisha Chopra","Engineering","March 2026 Payroll","2026-02-28T18:30:00.000Z","2026-03-30T18:30:00.000Z","85140.00","5308.40","79831.60","Sent","Paid","","2026-09-05T15:16:11.175Z"
"870","EMP-3EB8C2","Sanjay Yadav","Human Resources","May 2026 Payroll","2026-04-30T18:30:00.000Z","2026-05-30T18:30:00.000Z","96900.00","6014.00","90886.00","Sent","Paid","","2026-09-05T15:16:11.175Z"
"869","EMP-779822","Divya Tiwari","Human Resources","July 2026 Payroll","2026-06-30T18:30:00.000Z","2026-07-30T18:30:00.000Z","70200.00","4412.00","65788.00","Sent","Paid","","2026-09-05T15:16:11.175Z"
"868","EMP-5CD515","Aryan Desai","Marketing & Sales","March 2026 Payroll","2026-02-28T18:30:00.000Z","2026-03-30T18:30:00.000Z","92070.00","5724.20","86345.80","Sent","Paid","","2026-09-05T15:16:11.175Z"
"867","EMP-1C71D7","Vivaan Gupta","Human Resources","July 2026 Payroll","2026-06-30T18:30:00.000Z","2026-07-30T18:30:00.000Z","81000.00","5060.00","75940.00","Sent","Paid","","2026-09-05T15:16:11.175Z"
"866","EMP-352914","Varun Pillai","Marketing & Sales","January 2026 Payroll","2025-12-31T18:30:00.000Z","2026-01-30T18:30:00.000Z","83520.00","5211.20","78308.80","Sent","Paid","","2026-09-05T15:16:11.175Z"
"865","EMP-27173F","Sanjay Agarwal","Human Resources","February 2026 Payroll","2026-01-31T18:30:00.000Z","2026-02-27T18:30:00.000Z","80080.00","5004.80","75075.20","Sent","Paid","","2026-09-05T15:16:11.175Z"
"864","EMP-58445B","Rahul Shah","Engineering","July 2026 Payroll","2026-06-30T18:30:00.000Z","2026-07-30T18:30:00.000Z","73440.00","4606.40","68833.60","Sent","Paid","","2026-09-05T15:16:11.175Z"
"863","EMP-4629FD","Priya Menon","Engineering","February 2026 Payroll","2026-01-31T18:30:00.000Z","2026-02-27T18:30:00.000Z","95680.00","5940.80","89739.20","Sent","Paid","","2026-09-05T15:16:11.175Z"
"862","EMP-728205","Neha Desai","Finance","March 2026 Payroll","2026-02-28T18:30:00.000Z","2026-03-30T18:30:00.000Z","74250.00","4655.00","69595.00","Sent","Paid","","2026-09-05T15:16:11.175Z"
"861","EMP-304B6F","Ishaan Iyer","Marketing & Sales","March 2026 Payroll","2026-02-28T18:30:00.000Z","2026-03-30T18:30:00.000Z","87120.00","5427.20","81692.80","Sent","Paid","","2026-09-05T15:16:11.175Z"
"860","EMP-31A68C","Krishna Chatterjee","Finance","June 2026 Payroll","2026-05-31T18:30:00.000Z","2026-06-29T18:30:00.000Z","93060.00","5783.60","87276.40","Sent","Paid","","2026-09-05T15:16:11.175Z"
"859","EMP-821759","Kavya Bansal","Marketing & Sales","March 2026 Payroll","2026-02-28T18:30:00.000Z","2026-03-30T18:30:00.000Z","65340.00","4120.40","61219.60","Sent","Paid","","2026-09-05T15:16:11.175Z"
"858","EMP-56BC71","Ishaan Yadav","Marketing & Sales","July 2026 Payroll","2026-06-30T18:30:00.000Z","2026-07-30T18:30:00.000Z","108000.00","6680.00","101320.00","Sent","Paid","","2026-09-05T15:16:11.175Z"
"857","EMP-B321B8","Ayaan Verma","Marketing & Sales","June 2026 Payroll","2026-05-31T18:30:00.000Z","2026-06-29T18:30:00.000Z","51700.00","3302.00","48398.00","Sent","Paid","","2026-09-05T15:16:11.175Z"
"856","EMP-6B6E3D","Krishna Sengupta","Finance","February 2026 Payroll","2026-01-31T18:30:00.000Z","2026-02-27T18:30:00.000Z","71760.00","4505.60","67254.40","Sent","Paid","","2026-09-05T15:16:11.175Z"
"855","EMP-07509A","Varun Shah","Human Resources","January 2026 Payroll","2025-12-31T18:30:00.000Z","2026-01-30T18:30:00.000Z","82560.00","5153.60","77406.40","Sent","Paid","","2026-09-05T15:16:11.175Z"
"854","EMP-62BEDE","Meera Banerjee","Marketing & Sales","March 2026 Payroll","2026-02-28T18:30:00.000Z","2026-03-30T18:30:00.000Z","65340.00","4120.40","61219.60","Sent","Paid","","2026-09-05T15:16:11.175Z"
"853","EMP-DECF50","Nisha Joshi","Marketing & Sales","February 2026 Payroll","2026-01-31T18:30:00.000Z","2026-02-27T18:30:00.000Z","79040.00","4942.40","74097.60","Sent","Paid","","2026-09-05T15:16:11.175Z"
"852","EMP-6F7C5C","Aditya Ghosh","Human Resources","April 2026 Payroll","2026-03-31T18:30:00.000Z","2026-04-29T18:30:00.000Z","71690.00","4501.40","67188.60","Sent","Paid","","2026-09-05T15:16:11.175Z"
"851","EMP-DC4175","Arjun Bose","Finance","January 2026 Payroll","2025-12-31T18:30:00.000Z","2026-01-30T18:30:00.000Z","76800.00","4808.00","71992.00","Sent","Paid","","2026-09-05T15:16:11.175Z"
"850","EMP-190639","Meera Malhotra","Engineering","June 2026 Payroll","2026-05-31T18:30:00.000Z","2026-06-29T18:30:00.000Z","60160.00","3809.60","56350.40","Sent","Paid","","2026-09-05T15:16:11.175Z"
"849","EMP-8D4B72","Aditya Shah","Marketing & Sales","April 2026 Payroll","2026-03-31T18:30:00.000Z","2026-04-29T18:30:00.000Z","83460.00","5207.60","78252.40","Sent","Paid","","2026-09-05T15:16:11.175Z"
"848","EMP-4014FF","Vivaan Bhatia","Human Resources","February 2026 Payroll","2026-01-31T18:30:00.000Z","2026-02-27T18:30:00.000Z","84240.00","5254.40","78985.60","Sent","Paid","","2026-09-05T15:16:11.175Z"
"847","EMP-2CDEBE","Krishna Menon","Engineering","July 2026 Payroll","2026-06-30T18:30:00.000Z","2026-07-30T18:30:00.000Z","108000.00","6680.00","101320.00","Sent","Paid","","2026-09-05T15:16:11.175Z"
"846","EMP-18B74E","Isha Sharma","Engineering","April 2026 Payroll","2026-03-31T18:30:00.000Z","2026-04-29T18:30:00.000Z","79180.00","4950.80","74229.20","Sent","Paid","","2026-09-05T15:16:11.175Z"
"845","EMP-7B0395","Ayaan Ghosh","Finance","May 2026 Payroll","2026-04-30T18:30:00.000Z","2026-05-30T18:30:00.000Z","73440.00","4606.40","68833.60","Sent","Paid","","2026-09-05T15:16:11.175Z"
"844","EMP-36ACC3","Varun Das","Marketing & Sales","April 2026 Payroll","2026-03-31T18:30:00.000Z","2026-04-29T18:30:00.000Z","82390.00","5143.40","77246.60","Sent","Paid","","2026-09-05T15:16:11.175Z"
"843","EMP-874F6D","Karan Chatterjee","Human Resources","January 2026 Payroll","2025-12-31T18:30:00.000Z","2026-01-30T18:30:00.000Z","71040.00","4462.40","66577.60","Sent","Paid","","2026-09-05T15:16:11.175Z"
"842","EMP-54A415","Kabir Pandey","Marketing & Sales","May 2026 Payroll","2026-04-30T18:30:00.000Z","2026-05-30T18:30:00.000Z","68340.00","4300.40","64039.60","Sent","Paid","","2026-09-05T15:16:11.175Z"
"841","EMP-363EFE","Nisha Kapoor","Human Resources","March 2026 Payroll","2026-02-28T18:30:00.000Z","2026-03-30T18:30:00.000Z","64350.00","4061.00","60289.00","Sent","Paid","","2026-09-05T15:16:11.175Z"
"840","EMP-ABFDB9","Aarav Reddy","Finance","February 2026 Payroll","2026-01-31T18:30:00.000Z","2026-02-27T18:30:00.000Z","96720.00","6003.20","90716.80","Sent","Paid","","2026-09-05T15:16:11.175Z"
"839","EMP-0B3DD7","Sneha Pillai","Engineering","May 2026 Payroll","2026-04-30T18:30:00.000Z","2026-05-30T18:30:00.000Z","59160.00","3749.60","55410.40","Sent","Paid","","2026-09-05T15:16:11.175Z"
"838","EMP-B1E1C4","Nikhil Gupta","Human Resources","July 2026 Payroll","2026-06-30T18:30:00.000Z","2026-07-30T18:30:00.000Z","65880.00","4152.80","61727.20","Sent","Paid","","2026-09-05T15:16:11.175Z"
"837","EMP-95E6CA","Manish Ghosh","Human Resources","February 2026 Payroll","2026-01-31T18:30:00.000Z","2026-02-27T18:30:00.000Z","91520.00","5691.20","85828.80","Sent","Paid","","2026-09-05T15:16:11.175Z"
"836","EMP-D4B583","Shreya Iyer","Finance","January 2026 Payroll","2025-12-31T18:30:00.000Z","2026-01-30T18:30:00.000Z","90240.00","5614.40","84625.60","Sent","Paid","","2026-09-05T15:16:11.175Z"
"835","EMP-665750","Dev Yadav","Marketing & Sales","February 2026 Payroll","2026-01-31T18:30:00.000Z","2026-02-27T18:30:00.000Z","75920.00","4755.20","71164.80","Sent","Paid","","2026-09-05T15:16:11.175Z"
"834","EMP-46D710","Naveen Rao","Engineering","May 2026 Payroll","2026-04-30T18:30:00.000Z","2026-05-30T18:30:00.000Z","71400.00","4484.00","66916.00","Sent","Paid","","2026-09-05T15:16:11.175Z"
"833","EMP-C35DF4","Ayaan Reddy","Finance","April 2026 Payroll","2026-03-31T18:30:00.000Z","2026-04-29T18:30:00.000Z","58850.00","3731.00","55119.00","Sent","Paid","","2026-09-05T15:16:11.175Z"
"832","EMP-DF76DB","Ananya Menon","Human Resources","February 2026 Payroll","2026-01-31T18:30:00.000Z","2026-02-27T18:30:00.000Z","87360.00","5441.60","81918.40","Sent","Paid","","2026-09-05T15:16:11.175Z"
"831","EMP-C7FBCE","Shreya Trivedi","Engineering","June 2026 Payroll","2026-05-31T18:30:00.000Z","2026-06-29T18:30:00.000Z","68620.00","4317.20","64302.80","Sent","Paid","","2026-09-05T15:16:11.175Z"
"830","EMP-D11D6F","Sanjay Menon","Engineering","June 2026 Payroll","2026-05-31T18:30:00.000Z","2026-06-29T18:30:00.000Z","57340.00","3640.40","53699.60","Sent","Paid","","2026-09-05T15:16:11.175Z"
"829","EMP-12F541","Ananya Kaur","Human Resources","July 2026 Payroll","2026-06-30T18:30:00.000Z","2026-07-30T18:30:00.000Z","101520.00","6291.20","95228.80","Sent","Paid","","2026-09-05T15:16:11.175Z"
"828","EMP-C290EE","Amit Verma","Engineering","June 2026 Payroll","2026-05-31T18:30:00.000Z","2026-06-29T18:30:00.000Z","94000.00","5840.00","88160.00","Sent","Paid","","2026-09-05T15:16:11.175Z"
"827","EMP-EDD910","Naveen Agarwal","Marketing & Sales","March 2026 Payroll","2026-02-28T18:30:00.000Z","2026-03-30T18:30:00.000Z","94050.00","5843.00","88207.00","Sent","Paid","","2026-09-05T15:16:11.175Z"
"826","EMP-3BDCA7","Krishna Kumar","Finance","January 2026 Payroll","2025-12-31T18:30:00.000Z","2026-01-30T18:30:00.000Z","71040.00","4462.40","66577.60","Sent","Paid","","2026-09-05T15:16:11.175Z"
"825","EMP-414629","Ishaan Shah","Finance","June 2026 Payroll","2026-05-31T18:30:00.000Z","2026-06-29T18:30:00.000Z","52640.00","3358.40","49281.60","Sent","Paid","","2026-09-05T15:16:11.175Z"
"824","EMP-32F7E7","Gaurav Pandey","Human Resources","March 2026 Payroll","2026-02-28T18:30:00.000Z","2026-03-30T18:30:00.000Z","97020.00","6021.20","90998.80","Sent","Paid","","2026-09-05T15:16:11.175Z"
"823","EMP-2DB9E9","Sneha Chatterjee","Finance","March 2026 Payroll","2026-02-28T18:30:00.000Z","2026-03-30T18:30:00.000Z","82170.00","5130.20","77039.80","Sent","Paid","","2026-09-05T15:16:11.175Z"
"822","EMP-A6B296","Aryan Saxena","Human Resources","June 2026 Payroll","2026-05-31T18:30:00.000Z","2026-06-29T18:30:00.000Z","61100.00","3866.00","57234.00","Sent","Paid","","2026-09-05T15:16:11.175Z"
"821","EMP-1C71D7","Vivaan Gupta","Human Resources","May 2026 Payroll","2026-04-30T18:30:00.000Z","2026-05-30T18:30:00.000Z","76500.00","4790.00","71710.00","Sent","Paid","","2026-09-05T15:16:11.175Z"
"820","EMP-B2C016","Anjali Reddy","Human Resources","February 2026 Payroll","2026-01-31T18:30:00.000Z","2026-02-27T18:30:00.000Z","101920.00","6315.20","95604.80","Sent","Paid","","2026-09-05T15:16:11.175Z"
"819","EMP-779822","Divya Tiwari","Human Resources","May 2026 Payroll","2026-04-30T18:30:00.000Z","2026-05-30T18:30:00.000Z","66300.00","4178.00","62122.00","Sent","Paid","","2026-09-05T15:16:11.175Z"
"818","EMP-CEB2D1","Rahul Das","Finance","March 2026 Payroll","2026-02-28T18:30:00.000Z","2026-03-30T18:30:00.000Z","55440.00","3526.40","51913.60","Sent","Paid","","2026-09-05T15:16:11.175Z"
"817","EMP-3EB8C2","Sanjay Yadav","Human Resources","July 2026 Payroll","2026-06-30T18:30:00.000Z","2026-07-30T18:30:00.000Z","102600.00","6356.00","96244.00","Sent","Paid","","2026-09-05T15:16:11.175Z"
"816","EMP-E0044B","Vivaan Bansal","Marketing & Sales","January 2026 Payroll","2025-12-31T18:30:00.000Z","2026-01-30T18:30:00.000Z","68160.00","4289.60","63870.40","Sent","Paid","","2026-09-05T15:16:11.175Z"
"815","EMP-64A7A0","Ayaan Tiwari","Marketing & Sales","April 2026 Payroll","2026-03-31T18:30:00.000Z","2026-04-29T18:30:00.000Z","90950.00","5657.00","85293.00","Sent","Paid","","2026-09-05T15:16:11.175Z"
"814","EMP-237A46","Pooja Gupta","Marketing & Sales","April 2026 Payroll","2026-03-31T18:30:00.000Z","2026-04-29T18:30:00.000Z","98440.00","6106.40","92333.60","Sent","Paid","","2026-09-05T15:16:11.175Z"
"813","EMP-8F867A","Manish Sengupta","Finance","February 2026 Payroll","2026-01-31T18:30:00.000Z","2026-02-27T18:30:00.000Z","95680.00","5940.80","89739.20","Sent","Paid","","2026-09-05T15:16:11.175Z"
"812","EMP-AD50E4","Sanjay Bhatt","Finance","March 2026 Payroll","2026-02-28T18:30:00.000Z","2026-03-30T18:30:00.000Z","63360.00","4001.60","59358.40","Sent","Paid","","2026-09-05T15:16:11.175Z"
"811","EMP-380E32","Kabir Kaur","Engineering","March 2026 Payroll","2026-02-28T18:30:00.000Z","2026-03-30T18:30:00.000Z","84150.00","5249.00","78901.00","Sent","Paid","","2026-09-05T15:16:11.175Z"
"810","EMP-04DC66","Deepak Bansal","Human Resources","July 2026 Payroll","2026-06-30T18:30:00.000Z","2026-07-30T18:30:00.000Z","72360.00","4541.60","67818.40","Sent","Paid","","2026-09-05T15:16:11.175Z"
"809","EMP-7B0395","Ayaan Ghosh","Finance","January 2026 Payroll","2025-12-31T18:30:00.000Z","2026-01-30T18:30:00.000Z","69120.00","4347.20","64772.80","Sent","Paid","","2026-09-05T15:16:11.175Z"
"808","EMP-4230E9","Kavya Banerjee","Marketing & Sales","February 2026 Payroll","2026-01-31T18:30:00.000Z","2026-02-27T18:30:00.000Z","76960.00","4817.60","72142.40","Sent","Paid","","2026-09-05T15:16:11.175Z"
"807","EMP-2B423B","Rohan Krishnan","Human Resources","February 2026 Payroll","2026-01-31T18:30:00.000Z","2026-02-27T18:30:00.000Z","87360.00","5441.60","81918.40","Sent","Paid","","2026-09-05T15:16:11.175Z"
"806","EMP-874F6D","Karan Chatterjee","Human Resources","May 2026 Payroll","2026-04-30T18:30:00.000Z","2026-05-30T18:30:00.000Z","75480.00","4728.80","70751.20","Sent","Paid","","2026-09-05T15:16:11.175Z"
"805","EMP-47BB8E","Naveen Shah","Finance","March 2026 Payroll","2026-02-28T18:30:00.000Z","2026-03-30T18:30:00.000Z","93060.00","5783.60","87276.40","Sent","Paid","","2026-09-05T15:16:11.175Z"
"804","EMP-54A415","Kabir Pandey","Marketing & Sales","January 2026 Payroll","2025-12-31T18:30:00.000Z","2026-01-30T18:30:00.000Z","64320.00","4059.20","60260.80","Sent","Paid","","2026-09-05T15:16:11.175Z"
"803","EMP-63FFD0","Rahul Das","Finance","April 2026 Payroll","2026-03-31T18:30:00.000Z","2026-04-29T18:30:00.000Z","85600.00","5336.00","80264.00","Sent","Paid","","2026-09-05T15:16:11.175Z"
"802","EMP-35E126","Arjun Desai","Engineering","July 2026 Payroll","2026-06-30T18:30:00.000Z","2026-07-30T18:30:00.000Z","72360.00","4541.60","67818.40","Sent","Paid","","2026-09-05T15:16:11.175Z"
"801","EMP-7D953E","Deepak Chatterjee","Finance","March 2026 Payroll","2026-02-28T18:30:00.000Z","2026-03-30T18:30:00.000Z","69300.00","4358.00","64942.00","Sent","Paid","","2026-09-05T15:16:11.175Z"
"800","EMP-FFCBB7","Riya Malhotra","Marketing & Sales","April 2026 Payroll","2026-03-31T18:30:00.000Z","2026-04-29T18:30:00.000Z","58850.00","3731.00","55119.00","Sent","Paid","","2026-09-05T15:16:11.175Z"
"799","EMP-2C41F3","Pooja Agarwal","Human Resources","March 2026 Payroll","2026-02-28T18:30:00.000Z","2026-03-30T18:30:00.000Z","87120.00","5427.20","81692.80","Sent","Paid","","2026-09-05T15:16:11.175Z"
"798","EMP-FDABCC","Isha Rathore","Engineering","April 2026 Payroll","2026-03-31T18:30:00.000Z","2026-04-29T18:30:00.000Z","100580.00","6234.80","94345.20","Sent","Paid","","2026-09-05T15:16:11.175Z"
"797","EMP-07509A","Varun Shah","Human Resources","May 2026 Payroll","2026-04-30T18:30:00.000Z","2026-05-30T18:30:00.000Z","87720.00","5463.20","82256.80","Sent","Paid","","2026-09-05T15:16:11.175Z"
"796","EMP-31C154","Rahul Nair","Marketing & Sales","July 2026 Payroll","2026-06-30T18:30:00.000Z","2026-07-30T18:30:00.000Z","82080.00","5124.80","76955.20","Sent","Paid","","2026-09-05T15:16:11.175Z"
"795","EMP-DC4175","Arjun Bose","Finance","May 2026 Payroll","2026-04-30T18:30:00.000Z","2026-05-30T18:30:00.000Z","81600.00","5096.00","76504.00","Sent","Paid","","2026-09-05T15:16:11.175Z"
"794","EMP-6E7B98","Kabir Ghosh","Marketing & Sales","April 2026 Payroll","2026-03-31T18:30:00.000Z","2026-04-29T18:30:00.000Z","86670.00","5400.20","81269.80","Sent","Paid","","2026-09-05T15:16:11.175Z"
"793","EMP-633EC5","Naveen Iyer","Marketing & Sales","March 2026 Payroll","2026-02-28T18:30:00.000Z","2026-03-30T18:30:00.000Z","62370.00","3942.20","58427.80","Sent","Paid","","2026-09-05T15:16:11.175Z"
"792","EMP-C052E5","Aditya Trivedi","Marketing & Sales","July 2026 Payroll","2026-06-30T18:30:00.000Z","2026-07-30T18:30:00.000Z","85320.00","5319.20","80000.80","Sent","Paid","","2026-09-05T15:16:11.175Z"
"791","EMP-9C1299","Aarav Bhatia","Human Resources","June 2026 Payroll","2026-05-31T18:30:00.000Z","2026-06-29T18:30:00.000Z","84600.00","5276.00","79324.00","Sent","Paid","","2026-09-05T15:16:11.175Z"
"790","EMP-AD155F","Karan Krishnan","Human Resources","April 2026 Payroll","2026-03-31T18:30:00.000Z","2026-04-29T18:30:00.000Z","71690.00","4501.40","67188.60","Sent","Paid","","2026-09-05T15:16:11.175Z"
"789","EMP-3BDCA7","Krishna Kumar","Finance","May 2026 Payroll","2026-04-30T18:30:00.000Z","2026-05-30T18:30:00.000Z","75480.00","4728.80","70751.20","Sent","Paid","","2026-09-05T15:16:11.175Z"
"788","EMP-CAB3DA","Kabir Verma","Engineering","March 2026 Payroll","2026-02-28T18:30:00.000Z","2026-03-30T18:30:00.000Z","58410.00","3704.60","54705.40","Sent","Paid","","2026-09-05T15:16:11.175Z"
"787","EMP-B030CD","Shreya Deshmukh","Finance","June 2026 Payroll","2026-05-31T18:30:00.000Z","2026-06-29T18:30:00.000Z","63920.00","4035.20","59884.80","Sent","Paid","","2026-09-05T15:16:11.175Z"
"786","EMP-4A7545","Varun Kaur","Finance","April 2026 Payroll","2026-03-31T18:30:00.000Z","2026-04-29T18:30:00.000Z","99510.00","6170.60","93339.40","Sent","Paid","","2026-09-05T15:16:11.175Z"
"785","EMP-8B4D44","Sanjay Bose","Human Resources","June 2026 Payroll","2026-05-31T18:30:00.000Z","2026-06-29T18:30:00.000Z","90240.00","5614.40","84625.60","Sent","Paid","","2026-09-05T15:16:11.175Z"
"784","EMP-79A6BD","Divya Pillai","Finance","February 2026 Payroll","2026-01-31T18:30:00.000Z","2026-02-27T18:30:00.000Z","59280.00","3756.80","55523.20","Sent","Paid","","2026-09-05T15:16:11.175Z"
"783","EMP-352914","Varun Pillai","Marketing & Sales","July 2026 Payroll","2026-06-30T18:30:00.000Z","2026-07-30T18:30:00.000Z","93960.00","5837.60","88122.40","Sent","Paid","","2026-09-05T15:16:11.175Z"
"782","EMP-1C71D7","Vivaan Gupta","Human Resources","January 2026 Payroll","2025-12-31T18:30:00.000Z","2026-01-30T18:30:00.000Z","72000.00","4520.00","67480.00","Sent","Paid","","2026-09-05T15:16:11.175Z"
"781","EMP-779822","Divya Tiwari","Human Resources","January 2026 Payroll","2025-12-31T18:30:00.000Z","2026-01-30T18:30:00.000Z","62400.00","3944.00","58456.00","Sent","Paid","","2026-09-05T15:16:11.175Z"
"780","EMP-E0044B","Vivaan Bansal","Marketing & Sales","May 2026 Payroll","2026-04-30T18:30:00.000Z","2026-05-30T18:30:00.000Z","72420.00","4545.20","67874.80","Sent","Paid","","2026-09-05T15:16:11.175Z"
"779","EMP-977362","Dev Deshmukh","Engineering","April 2026 Payroll","2026-03-31T18:30:00.000Z","2026-04-29T18:30:00.000Z","70620.00","4437.20","66182.80","Sent","Paid","","2026-09-05T15:16:11.175Z"
"778","EMP-D12354","Gaurav Bhatt","Finance","February 2026 Payroll","2026-01-31T18:30:00.000Z","2026-02-27T18:30:00.000Z","76960.00","4817.60","72142.40","Sent","Paid","","2026-09-05T15:16:11.175Z"
"777","EMP-DD5A61","Reyansh Shah","Human Resources","February 2026 Payroll","2026-01-31T18:30:00.000Z","2026-02-27T18:30:00.000Z","101920.00","6315.20","95604.80","Sent","Paid","","2026-09-05T15:16:11.175Z"
"776","EMP-86960E","Nisha Kapoor","Marketing & Sales","February 2026 Payroll","2026-01-31T18:30:00.000Z","2026-02-27T18:30:00.000Z","67600.00","4256.00","63344.00","Sent","Paid","","2026-09-05T15:16:11.175Z"
"775","EMP-B465CB","Krishna Ghosh","Finance","June 2026 Payroll","2026-05-31T18:30:00.000Z","2026-06-29T18:30:00.000Z","52640.00","3358.40","49281.60","Sent","Paid","","2026-09-05T15:16:11.175Z"
"774","EMP-0B3DD7","Sneha Pillai","Engineering","January 2026 Payroll","2025-12-31T18:30:00.000Z","2026-01-30T18:30:00.000Z","55680.00","3540.80","52139.20","Sent","Paid","","2026-09-05T15:16:11.175Z"
"773","EMP-3BCB82","Neha Kulkarni","Engineering","June 2026 Payroll","2026-05-31T18:30:00.000Z","2026-06-29T18:30:00.000Z","87420.00","5445.20","81974.80","Sent","Paid","","2026-09-05T15:16:11.175Z"
"772","EMP-A97CC8","Aryan Chauhan","Marketing & Sales","March 2026 Payroll","2026-02-28T18:30:00.000Z","2026-03-30T18:30:00.000Z","89100.00","5546.00","83554.00","Sent","Paid","","2026-09-05T15:16:11.175Z"
"771","EMP-5FC753","Siddharth Reddy","Human Resources","March 2026 Payroll","2026-02-28T18:30:00.000Z","2026-03-30T18:30:00.000Z","61380.00","3882.80","57497.20","Sent","Paid","","2026-09-05T15:16:11.175Z"
"770","EMP-D4B583","Shreya Iyer","Finance","May 2026 Payroll","2026-04-30T18:30:00.000Z","2026-05-30T18:30:00.000Z","95880.00","5952.80","89927.20","Sent","Paid","","2026-09-05T15:16:11.175Z"
"769","EMP-395314","Aarav Mishra","Engineering","March 2026 Payroll","2026-02-28T18:30:00.000Z","2026-03-30T18:30:00.000Z","68310.00","4298.60","64011.40","Sent","Paid","","2026-09-05T15:16:11.175Z"
"768","EMP-896B0D","Riya Bansal","Marketing & Sales","July 2026 Payroll","2026-06-30T18:30:00.000Z","2026-07-30T18:30:00.000Z","78840.00","4930.40","73909.60","Sent","Paid","","2026-09-05T15:16:11.175Z"
"767","EMP-46D710","Naveen Rao","Engineering","January 2026 Payroll","2025-12-31T18:30:00.000Z","2026-01-30T18:30:00.000Z","67200.00","4232.00","62968.00","Sent","Paid","","2026-09-05T15:16:11.175Z"
"766","EMP-44D134","Aditya Malhotra","Engineering","April 2026 Payroll","2026-03-31T18:30:00.000Z","2026-04-29T18:30:00.000Z","78110.00","4886.60","73223.40","Sent","Paid","","2026-09-05T15:16:11.175Z"
"765","EMP-F9A332","Meera Ghosh","Finance","April 2026 Payroll","2026-03-31T18:30:00.000Z","2026-04-29T18:30:00.000Z","93090.00","5785.40","87304.60","Sent","Paid","","2026-09-05T15:16:11.175Z"
"764","EMP-77AC95","Sneha Yadav","Human Resources","April 2026 Payroll","2026-03-31T18:30:00.000Z","2026-04-29T18:30:00.000Z","93090.00","5785.40","87304.60","Sent","Paid","","2026-09-05T15:16:11.175Z"
"763","EMP-759739","Arjun Chatterjee","Finance","February 2026 Payroll","2026-01-31T18:30:00.000Z","2026-02-27T18:30:00.000Z","85280.00","5316.80","79963.20","Sent","Paid","","2026-09-05T15:16:11.175Z"
"762","EMP-B70E93","Arjun Gupta","Engineering","March 2026 Payroll","2026-02-28T18:30:00.000Z","2026-03-30T18:30:00.000Z","60390.00","3823.40","56566.60","Sent","Paid","","2026-09-05T15:16:11.175Z"
"761","EMP-2CDEBE","Krishna Menon","Engineering","January 2026 Payroll","2025-12-31T18:30:00.000Z","2026-01-30T18:30:00.000Z","96000.00","5960.00","90040.00","Sent","Paid","","2026-09-05T15:16:11.175Z"
"760","EMP-ECD855","Naveen Bansal","Human Resources","April 2026 Payroll","2026-03-31T18:30:00.000Z","2026-04-29T18:30:00.000Z","101650.00","6299.00","95351.00","Sent","Paid","","2026-09-05T15:16:11.175Z"
"759","EMP-24DB2B","Pooja Yadav","Marketing & Sales","March 2026 Payroll","2026-02-28T18:30:00.000Z","2026-03-30T18:30:00.000Z","90090.00","5605.40","84484.60","Sent","Paid","","2026-09-05T15:16:11.175Z"
"758","EMP-04DC66","Deepak Bansal","Human Resources","May 2026 Payroll","2026-04-30T18:30:00.000Z","2026-05-30T18:30:00.000Z","68340.00","4300.40","64039.60","Sent","Paid","","2026-09-05T15:16:11.175Z"
"757","EMP-874F6D","Karan Chatterjee","Human Resources","July 2026 Payroll","2026-06-30T18:30:00.000Z","2026-07-30T18:30:00.000Z","79920.00","4995.20","74924.80","Sent","Paid","","2026-09-05T15:16:11.175Z"
"756","EMP-99DA86","Riya Mehta","Engineering","February 2026 Payroll","2026-01-31T18:30:00.000Z","2026-02-27T18:30:00.000Z","68640.00","4318.40","64321.60","Sent","Paid","","2026-09-05T15:16:11.175Z"
"755","EMP-631D7A","Divya Iyer","Human Resources","March 2026 Payroll","2026-02-28T18:30:00.000Z","2026-03-30T18:30:00.000Z","80190.00","5011.40","75178.60","Sent","Paid","","2026-09-05T15:16:11.175Z"
"754","EMP-242D9D","Karan Pillai","Human Resources","June 2026 Payroll","2026-05-31T18:30:00.000Z","2026-06-29T18:30:00.000Z","67680.00","4260.80","63419.20","Sent","Paid","","2026-09-05T15:16:11.175Z"
"753","EMP-A7011A","Meera Agarwal","Engineering","June 2026 Payroll","2026-05-31T18:30:00.000Z","2026-06-29T18:30:00.000Z","79900.00","4994.00","74906.00","Sent","Paid","","2026-09-05T15:16:11.175Z"
"752","EMP-593F92","Ayaan Menon","Finance","March 2026 Payroll","2026-02-28T18:30:00.000Z","2026-03-30T18:30:00.000Z","81180.00","5070.80","76109.20","Sent","Paid","","2026-09-05T15:16:11.175Z"
"751","EMP-334E8F","Aarav Ghosh","Human Resources","March 2026 Payroll","2026-02-28T18:30:00.000Z","2026-03-30T18:30:00.000Z","74250.00","4655.00","69595.00","Sent","Paid","","2026-09-05T15:16:11.175Z"
"750","EMP-35E126","Arjun Desai","Engineering","May 2026 Payroll","2026-04-30T18:30:00.000Z","2026-05-30T18:30:00.000Z","68340.00","4300.40","64039.60","Sent","Paid","","2026-09-05T15:16:11.175Z"
"749","EMP-3ABC1F","Krishna Trivedi","Marketing & Sales","February 2026 Payroll","2026-01-31T18:30:00.000Z","2026-02-27T18:30:00.000Z","71760.00","4505.60","67254.40","Sent","Paid","","2026-09-05T15:16:11.175Z"
"748","EMP-E8DBA7","Vihaan Trivedi","Marketing & Sales","March 2026 Payroll","2026-02-28T18:30:00.000Z","2026-03-30T18:30:00.000Z","62370.00","3942.20","58427.80","Sent","Paid","","2026-09-05T15:16:11.175Z"
"747","EMP-0DAABA","Neha Chatterjee","Finance","April 2026 Payroll","2026-03-31T18:30:00.000Z","2026-04-29T18:30:00.000Z","82390.00","5143.40","77246.60","Sent","Paid","","2026-09-05T15:16:11.175Z"
"746","EMP-B39B2F","Vivaan Chauhan","Marketing & Sales","June 2026 Payroll","2026-05-31T18:30:00.000Z","2026-06-29T18:30:00.000Z","83660.00","5219.60","78440.40","Sent","Paid","","2026-09-05T15:16:11.175Z"
"745","EMP-DB59A5","Isha Malhotra","Finance","February 2026 Payroll","2026-01-31T18:30:00.000Z","2026-02-27T18:30:00.000Z","63440.00","4006.40","59433.60","Sent","Paid","","2026-09-05T15:16:11.175Z"
"744","EMP-9A0ED4","Naveen Bhatia","Engineering","March 2026 Payroll","2026-02-28T18:30:00.000Z","2026-03-30T18:30:00.000Z","83160.00","5189.60","77970.40","Sent","Paid","","2026-09-05T15:16:11.175Z"
"743","EMP-58445B","Rahul Shah","Engineering","January 2026 Payroll","2025-12-31T18:30:00.000Z","2026-01-30T18:30:00.000Z","65280.00","4116.80","61163.20","Sent","Paid","","2026-09-05T15:16:11.175Z"
"742","EMP-A2759A","Simran Desai","Marketing & Sales","February 2026 Payroll","2026-01-31T18:30:00.000Z","2026-02-27T18:30:00.000Z","81120.00","5067.20","76052.80","Sent","Paid","","2026-09-05T15:16:11.175Z"
"741","EMP-56BC71","Ishaan Yadav","Marketing & Sales","January 2026 Payroll","2025-12-31T18:30:00.000Z","2026-01-30T18:30:00.000Z","96000.00","5960.00","90040.00","Sent","Paid","","2026-09-05T15:16:11.175Z"
"740","EMP-31C154","Rahul Nair","Marketing & Sales","May 2026 Payroll","2026-04-30T18:30:00.000Z","2026-05-30T18:30:00.000Z","77520.00","4851.20","72668.80","Sent","Paid","","2026-09-05T15:16:11.175Z"
"739","EMP-51758D","Priya Chopra","Human Resources","February 2026 Payroll","2026-01-31T18:30:00.000Z","2026-02-27T18:30:00.000Z","64480.00","4068.80","60411.20","Sent","Paid","","2026-09-05T15:16:11.175Z"
"738","EMP-07509A","Varun Shah","Human Resources","July 2026 Payroll","2026-06-30T18:30:00.000Z","2026-07-30T18:30:00.000Z","92880.00","5772.80","87107.20","Sent","Paid","","2026-09-05T15:16:11.175Z"
"737","EMP-E64FD0","Ananya Chopra","Human Resources","March 2026 Payroll","2026-02-28T18:30:00.000Z","2026-03-30T18:30:00.000Z","77220.00","4833.20","72386.80","Sent","Paid","","2026-09-05T15:16:11.175Z"
"736","EMP-D21DA7","Nikhil Reddy","Finance","March 2026 Payroll","2026-02-28T18:30:00.000Z","2026-03-30T18:30:00.000Z","88110.00","5486.60","82623.40","Sent","Paid","","2026-09-05T15:16:11.175Z"
"735","EMP-EE0A11","Anjali Gupta","Marketing & Sales","June 2026 Payroll","2026-05-31T18:30:00.000Z","2026-06-29T18:30:00.000Z","65800.00","4148.00","61652.00","Sent","Paid","","2026-09-05T15:16:11.175Z"
"734","EMP-DC4175","Arjun Bose","Finance","July 2026 Payroll","2026-06-30T18:30:00.000Z","2026-07-30T18:30:00.000Z","86400.00","5384.00","81016.00","Sent","Paid","","2026-09-05T15:16:11.175Z"
"733","EMP-65BCD0","Pooja Sengupta","Human Resources","June 2026 Payroll","2026-05-31T18:30:00.000Z","2026-06-29T18:30:00.000Z","72380.00","4542.80","67837.20","Sent","Paid","","2026-09-05T15:16:11.175Z"
"732","EMP-C052E5","Aditya Trivedi","Marketing & Sales","May 2026 Payroll","2026-04-30T18:30:00.000Z","2026-05-30T18:30:00.000Z","80580.00","5034.80","75545.20","Sent","Paid","","2026-09-05T15:16:11.175Z"
"731","EMP-4B7CD5","Kavya Shah","Human Resources","June 2026 Payroll","2026-05-31T18:30:00.000Z","2026-06-29T18:30:00.000Z","52640.00","3358.40","49281.60","Sent","Paid","","2026-09-05T15:16:11.175Z"
"730","EMP-12F541","Ananya Kaur","Human Resources","January 2026 Payroll","2025-12-31T18:30:00.000Z","2026-01-30T18:30:00.000Z","90240.00","5614.40","84625.60","Sent","Paid","","2026-09-05T15:16:11.175Z"
"729","EMP-9DE65A","Sai Pandey","Human Resources","February 2026 Payroll","2026-01-31T18:30:00.000Z","2026-02-27T18:30:00.000Z","85280.00","5316.80","79963.20","Sent","Paid","","2026-09-05T15:16:11.175Z"
"728","EMP-F8E9A1","Simran Kumar","Marketing & Sales","April 2026 Payroll","2026-03-31T18:30:00.000Z","2026-04-29T18:30:00.000Z","72760.00","4565.60","68194.40","Sent","Paid","","2026-09-05T15:16:11.175Z"
"727","EMP-3BDCA7","Krishna Kumar","Finance","July 2026 Payroll","2026-06-30T18:30:00.000Z","2026-07-30T18:30:00.000Z","79920.00","4995.20","74924.80","Sent","Paid","","2026-09-05T15:16:11.175Z"
"726","EMP-5EF5E5","Varun Ghosh","Engineering","March 2026 Payroll","2026-02-28T18:30:00.000Z","2026-03-30T18:30:00.000Z","95040.00","5902.40","89137.60","Sent","Paid","","2026-09-05T15:16:11.175Z"
"725","EMP-186813","Karan Ghosh","Engineering","February 2026 Payroll","2026-01-31T18:30:00.000Z","2026-02-27T18:30:00.000Z","61360.00","3881.60","57478.40","Sent","Paid","","2026-09-05T15:16:11.175Z"
"724","EMP-0032EB","Nikhil Chauhan","Finance","June 2026 Payroll","2026-05-31T18:30:00.000Z","2026-06-29T18:30:00.000Z","60160.00","3809.60","56350.40","Sent","Paid","","2026-09-05T15:16:11.175Z"
"723","EMP-E0044B","Vivaan Bansal","Marketing & Sales","July 2026 Payroll","2026-06-30T18:30:00.000Z","2026-07-30T18:30:00.000Z","76680.00","4800.80","71879.20","Sent","Paid","","2026-09-05T15:16:11.175Z"
"722","EMP-3EB8C2","Sanjay Yadav","Human Resources","January 2026 Payroll","2025-12-31T18:30:00.000Z","2026-01-30T18:30:00.000Z","91200.00","5672.00","85528.00","Sent","Paid","","2026-09-05T15:16:11.175Z"
"721","EMP-352914","Varun Pillai","Marketing & Sales","May 2026 Payroll","2026-04-30T18:30:00.000Z","2026-05-30T18:30:00.000Z","88740.00","5524.40","83215.60","Sent","Paid","","2026-09-05T15:16:11.175Z"
"720","EMP-B0A6B8","Kavya Bose","Finance","June 2026 Payroll","2026-05-31T18:30:00.000Z","2026-06-29T18:30:00.000Z","62040.00","3922.40","58117.60","Sent","Paid","","2026-09-05T15:16:11.175Z"
"719","EMP-C9D423","Neha Gupta","Finance","March 2026 Payroll","2026-02-28T18:30:00.000Z","2026-03-30T18:30:00.000Z","64350.00","4061.00","60289.00","Sent","Paid","","2026-09-05T15:16:11.175Z"
"718","EMP-B1E1C4","Nikhil Gupta","Human Resources","January 2026 Payroll","2025-12-31T18:30:00.000Z","2026-01-30T18:30:00.000Z","58560.00","3713.60","54846.40","Sent","Paid","","2026-09-05T15:16:11.175Z"
"717","EMP-B9CB81","Sai Mehta","Human Resources","March 2026 Payroll","2026-02-28T18:30:00.000Z","2026-03-30T18:30:00.000Z","54450.00","3467.00","50983.00","Sent","Paid","","2026-09-05T15:16:11.175Z"
"716","EMP-BD3339","Aryan Kapoor","Engineering","April 2026 Payroll","2026-03-31T18:30:00.000Z","2026-04-29T18:30:00.000Z","75970.00","4758.20","71211.80","Sent","Paid","","2026-09-05T15:16:11.175Z"
"715","EMP-A2063B","Simran Desai","Human Resources","February 2026 Payroll","2026-01-31T18:30:00.000Z","2026-02-27T18:30:00.000Z","62400.00","3944.00","58456.00","Sent","Paid","","2026-09-05T15:16:11.175Z"
"714","EMP-896B0D","Riya Bansal","Marketing & Sales","May 2026 Payroll","2026-04-30T18:30:00.000Z","2026-05-30T18:30:00.000Z","74460.00","4667.60","69792.40","Sent","Paid","","2026-09-05T15:16:11.175Z"
"713","EMP-034BC9","Nisha Rathore","Engineering","June 2026 Payroll","2026-05-31T18:30:00.000Z","2026-06-29T18:30:00.000Z","66740.00","4204.40","62535.60","Sent","Paid","","2026-09-05T15:16:11.175Z"
"712","EMP-D4B583","Shreya Iyer","Finance","July 2026 Payroll","2026-06-30T18:30:00.000Z","2026-07-30T18:30:00.000Z","101520.00","6291.20","95228.80","Sent","Paid","","2026-09-05T15:16:11.175Z"
"711","EMP-7E296F","Siddharth Kulkarni","Engineering","April 2026 Payroll","2026-03-31T18:30:00.000Z","2026-04-29T18:30:00.000Z","74900.00","4694.00","70206.00","Sent","Paid","","2026-09-05T15:16:11.175Z"
"710","EMP-186813","Karan Ghosh","Engineering","July 2026 Payroll","2026-06-30T18:30:00.000Z","2026-07-30T18:30:00.000Z","63720.00","4023.20","59696.80","Sent","Paid","","2026-09-05T15:16:11.175Z"
"709","EMP-3BDCA7","Krishna Kumar","Finance","February 2026 Payroll","2026-01-31T18:30:00.000Z","2026-02-27T18:30:00.000Z","76960.00","4817.60","72142.40","Sent","Paid","","2026-09-05T15:16:11.175Z"
"708","EMP-9DE65A","Sai Pandey","Human Resources","July 2026 Payroll","2026-06-30T18:30:00.000Z","2026-07-30T18:30:00.000Z","88560.00","5513.60","83046.40","Sent","Paid","","2026-09-05T15:16:11.175Z"
"707","EMP-79A6BD","Divya Pillai","Finance","May 2026 Payroll","2026-04-30T18:30:00.000Z","2026-05-30T18:30:00.000Z","58140.00","3688.40","54451.60","Sent","Paid","","2026-09-05T15:16:11.175Z"
"706","EMP-F8E9A1","Simran Kumar","Marketing & Sales","June 2026 Payroll","2026-05-31T18:30:00.000Z","2026-06-29T18:30:00.000Z","63920.00","4035.20","59884.80","Sent","Paid","","2026-09-05T15:16:11.175Z"
"705","EMP-B2C016","Anjali Reddy","Human Resources","January 2026 Payroll","2025-12-31T18:30:00.000Z","2026-01-30T18:30:00.000Z","94080.00","5844.80","88235.20","Sent","Paid","","2026-09-05T15:16:11.175Z"
"704","EMP-0032EB","Nikhil Chauhan","Finance","April 2026 Payroll","2026-03-31T18:30:00.000Z","2026-04-29T18:30:00.000Z","68480.00","4308.80","64171.20","Sent","Paid","","2026-09-05T15:16:11.175Z"
"703","EMP-D12354","Gaurav Bhatt","Finance","May 2026 Payroll","2026-04-30T18:30:00.000Z","2026-05-30T18:30:00.000Z","75480.00","4728.80","70751.20","Sent","Paid","","2026-09-05T15:16:11.175Z"
"702","EMP-E0044B","Vivaan Bansal","Marketing & Sales","February 2026 Payroll","2026-01-31T18:30:00.000Z","2026-02-27T18:30:00.000Z","73840.00","4630.40","69209.60","Sent","Paid","","2026-09-05T15:16:11.175Z"
"701","EMP-DD5A61","Reyansh Shah","Human Resources","May 2026 Payroll","2026-04-30T18:30:00.000Z","2026-05-30T18:30:00.000Z","99960.00","6197.60","93762.40","Sent","Paid","","2026-09-05T15:16:11.175Z"
"700","EMP-4B7CD5","Kavya Shah","Human Resources","April 2026 Payroll","2026-03-31T18:30:00.000Z","2026-04-29T18:30:00.000Z","59920.00","3795.20","56124.80","Sent","Paid","","2026-09-05T15:16:11.175Z"
"699","EMP-65BCD0","Pooja Sengupta","Human Resources","April 2026 Payroll","2026-03-31T18:30:00.000Z","2026-04-29T18:30:00.000Z","82390.00","5143.40","77246.60","Sent","Paid","","2026-09-05T15:16:11.175Z"
"698","EMP-034BC9","Nisha Rathore","Engineering","April 2026 Payroll","2026-03-31T18:30:00.000Z","2026-04-29T18:30:00.000Z","75970.00","4758.20","71211.80","Sent","Paid","","2026-09-05T15:16:11.175Z"
"697","EMP-665750","Dev Yadav","Marketing & Sales","January 2026 Payroll","2025-12-31T18:30:00.000Z","2026-01-30T18:30:00.000Z","70080.00","4404.80","65675.20","Sent","Paid","","2026-09-05T15:16:11.175Z"
"696","EMP-D4B583","Shreya Iyer","Finance","February 2026 Payroll","2026-01-31T18:30:00.000Z","2026-02-27T18:30:00.000Z","97760.00","6065.60","91694.40","Sent","Paid","","2026-09-05T15:16:11.175Z"
"695","EMP-BD3339","Aryan Kapoor","Engineering","June 2026 Payroll","2026-05-31T18:30:00.000Z","2026-06-29T18:30:00.000Z","66740.00","4204.40","62535.60","Sent","Paid","","2026-09-05T15:16:11.175Z"
"694","EMP-DF76DB","Ananya Menon","Human Resources","January 2026 Payroll","2025-12-31T18:30:00.000Z","2026-01-30T18:30:00.000Z","80640.00","5038.40","75601.60","Sent","Paid","","2026-09-05T15:16:11.175Z"
"693","EMP-A2063B","Simran Desai","Human Resources","July 2026 Payroll","2026-06-30T18:30:00.000Z","2026-07-30T18:30:00.000Z","64800.00","4088.00","60712.00","Sent","Paid","","2026-09-05T15:16:11.175Z"
"692","EMP-A34F0C","Gaurav Chatterjee","Engineering","March 2026 Payroll","2026-02-28T18:30:00.000Z","2026-03-30T18:30:00.000Z","82170.00","5130.20","77039.80","Sent","Paid","","2026-09-05T15:16:11.175Z"
"691","EMP-7E296F","Siddharth Kulkarni","Engineering","June 2026 Payroll","2026-05-31T18:30:00.000Z","2026-06-29T18:30:00.000Z","65800.00","4148.00","61652.00","Sent","Paid","","2026-09-05T15:16:11.175Z"
"690","EMP-759739","Arjun Chatterjee","Finance","May 2026 Payroll","2026-04-30T18:30:00.000Z","2026-05-30T18:30:00.000Z","83640.00","5218.40","78421.60","Sent","Paid","","2026-09-05T15:16:11.175Z"
"689","EMP-B0A6B8","Kavya Bose","Finance","April 2026 Payroll","2026-03-31T18:30:00.000Z","2026-04-29T18:30:00.000Z","70620.00","4437.20","66182.80","Sent","Paid","","2026-09-05T15:16:11.175Z"
"688","EMP-86960E","Nisha Kapoor","Marketing & Sales","May 2026 Payroll","2026-04-30T18:30:00.000Z","2026-05-30T18:30:00.000Z","66300.00","4178.00","62122.00","Sent","Paid","","2026-09-05T15:16:11.175Z"
"687","EMP-ABFDB9","Aarav Reddy","Finance","January 2026 Payroll","2025-12-31T18:30:00.000Z","2026-01-30T18:30:00.000Z","89280.00","5556.80","83723.20","Sent","Paid","","2026-09-05T15:16:11.175Z"
"686","EMP-95E6CA","Manish Ghosh","Human Resources","January 2026 Payroll","2025-12-31T18:30:00.000Z","2026-01-30T18:30:00.000Z","84480.00","5268.80","79211.20","Sent","Paid","","2026-09-05T15:16:11.175Z"
"685","EMP-4230E9","Kavya Banerjee","Marketing & Sales","May 2026 Payroll","2026-04-30T18:30:00.000Z","2026-05-30T18:30:00.000Z","75480.00","4728.80","70751.20","Sent","Paid","","2026-09-05T15:16:11.175Z"
"684","EMP-9B0341","Siddharth Chauhan","Engineering","March 2026 Payroll","2026-02-28T18:30:00.000Z","2026-03-30T18:30:00.000Z","55440.00","3526.40","51913.60","Sent","Paid","","2026-09-05T15:16:11.175Z"
"683","EMP-2B423B","Rohan Krishnan","Human Resources","May 2026 Payroll","2026-04-30T18:30:00.000Z","2026-05-30T18:30:00.000Z","85680.00","5340.80","80339.20","Sent","Paid","","2026-09-05T15:16:11.175Z"
"682","EMP-A7011A","Meera Agarwal","Engineering","April 2026 Payroll","2026-03-31T18:30:00.000Z","2026-04-29T18:30:00.000Z","90950.00","5657.00","85293.00","Sent","Paid","","2026-09-05T15:16:11.175Z"
"681","EMP-99DA86","Riya Mehta","Engineering","July 2026 Payroll","2026-06-30T18:30:00.000Z","2026-07-30T18:30:00.000Z","71280.00","4476.80","66803.20","Sent","Paid","","2026-09-05T15:16:11.175Z"
"680","EMP-242D9D","Karan Pillai","Human Resources","April 2026 Payroll","2026-03-31T18:30:00.000Z","2026-04-29T18:30:00.000Z","77040.00","4822.40","72217.60","Sent","Paid","","2026-09-05T15:16:11.175Z"
"679","EMP-874F6D","Karan Chatterjee","Human Resources","February 2026 Payroll","2026-01-31T18:30:00.000Z","2026-02-27T18:30:00.000Z","76960.00","4817.60","72142.40","Sent","Paid","","2026-09-05T15:16:11.175Z"
"678","EMP-729B37","Shreya Pandey","Finance","March 2026 Payroll","2026-02-28T18:30:00.000Z","2026-03-30T18:30:00.000Z","89100.00","5546.00","83554.00","Sent","Paid","","2026-09-05T15:16:11.175Z"
"677","EMP-3ABC1F","Krishna Trivedi","Marketing & Sales","July 2026 Payroll","2026-06-30T18:30:00.000Z","2026-07-30T18:30:00.000Z","74520.00","4671.20","69848.80","Sent","Paid","","2026-09-05T15:16:11.175Z"
"676","EMP-135933","Manish Deshmukh","Human Resources","March 2026 Payroll","2026-02-28T18:30:00.000Z","2026-03-30T18:30:00.000Z","58410.00","3704.60","54705.40","Sent","Paid","","2026-09-05T15:16:11.175Z"
"675","EMP-8F867A","Manish Sengupta","Finance","May 2026 Payroll","2026-04-30T18:30:00.000Z","2026-05-30T18:30:00.000Z","93840.00","5830.40","88009.60","Sent","Paid","","2026-09-05T15:16:11.175Z"
"674","EMP-4014FF","Vivaan Bhatia","Human Resources","January 2026 Payroll","2025-12-31T18:30:00.000Z","2026-01-30T18:30:00.000Z","77760.00","4865.60","72894.40","Sent","Paid","","2026-09-05T15:16:11.175Z"
"673","EMP-AEECBA","Rohan Bhatt","Finance","March 2026 Payroll","2026-02-28T18:30:00.000Z","2026-03-30T18:30:00.000Z","57420.00","3645.20","53774.80","Sent","Paid","","2026-09-05T15:16:11.175Z"
"672","EMP-ECD855","Naveen Bansal","Human Resources","June 2026 Payroll","2026-05-31T18:30:00.000Z","2026-06-29T18:30:00.000Z","89300.00","5558.00","83742.00","Sent","Paid","","2026-09-05T15:16:11.175Z"
"671","EMP-8B20DA","Anjali Chauhan","Marketing & Sales","March 2026 Payroll","2026-02-28T18:30:00.000Z","2026-03-30T18:30:00.000Z","93060.00","5783.60","87276.40","Sent","Paid","","2026-09-05T15:16:11.175Z"
"670","EMP-07509A","Varun Shah","Human Resources","February 2026 Payroll","2026-01-31T18:30:00.000Z","2026-02-27T18:30:00.000Z","89440.00","5566.40","83873.60","Sent","Paid","","2026-09-05T15:16:11.175Z"
"669","EMP-51758D","Priya Chopra","Human Resources","July 2026 Payroll","2026-06-30T18:30:00.000Z","2026-07-30T18:30:00.000Z","66960.00","4217.60","62742.40","Sent","Paid","","2026-09-05T15:16:11.175Z"
"668","EMP-DECF50","Nisha Joshi","Marketing & Sales","January 2026 Payroll","2025-12-31T18:30:00.000Z","2026-01-30T18:30:00.000Z","72960.00","4577.60","68382.40","Sent","Paid","","2026-09-05T15:16:11.175Z"
"667","EMP-DC4175","Arjun Bose","Finance","February 2026 Payroll","2026-01-31T18:30:00.000Z","2026-02-27T18:30:00.000Z","83200.00","5192.00","78008.00","Sent","Paid","","2026-09-05T15:16:11.175Z"
"666","EMP-EE0A11","Anjali Gupta","Marketing & Sales","April 2026 Payroll","2026-03-31T18:30:00.000Z","2026-04-29T18:30:00.000Z","74900.00","4694.00","70206.00","Sent","Paid","","2026-09-05T15:16:11.175Z"
"665","EMP-B39B2F","Vivaan Chauhan","Marketing & Sales","April 2026 Payroll","2026-03-31T18:30:00.000Z","2026-04-29T18:30:00.000Z","95230.00","5913.80","89316.20","Sent","Paid","","2026-09-05T15:16:11.175Z"
"664","EMP-27173F","Sanjay Agarwal","Human Resources","January 2026 Payroll","2025-12-31T18:30:00.000Z","2026-01-30T18:30:00.000Z","73920.00","4635.20","69284.80","Sent","Paid","","2026-09-05T15:16:11.175Z"
"663","EMP-0DAABA","Neha Chatterjee","Finance","June 2026 Payroll","2026-05-31T18:30:00.000Z","2026-06-29T18:30:00.000Z","72380.00","4542.80","67837.20","Sent","Paid","","2026-09-05T15:16:11.175Z"
"662","EMP-A2759A","Simran Desai","Marketing & Sales","July 2026 Payroll","2026-06-30T18:30:00.000Z","2026-07-30T18:30:00.000Z","84240.00","5254.40","78985.60","Sent","Paid","","2026-09-05T15:16:11.175Z"
"661","EMP-4629FD","Priya Menon","Engineering","January 2026 Payroll","2025-12-31T18:30:00.000Z","2026-01-30T18:30:00.000Z","88320.00","5499.20","82820.80","Sent","Paid","","2026-09-05T15:16:11.175Z"
"660","EMP-DB59A5","Isha Malhotra","Finance","July 2026 Payroll","2026-06-30T18:30:00.000Z","2026-07-30T18:30:00.000Z","65880.00","4152.80","61727.20","Sent","Paid","","2026-09-05T15:16:11.175Z"
"659","EMP-C923B6","Reyansh Subramaniam","Marketing & Sales","March 2026 Payroll","2026-02-28T18:30:00.000Z","2026-03-30T18:30:00.000Z","67320.00","4239.20","63080.80","Sent","Paid","","2026-09-05T15:16:11.175Z"
"658","EMP-6B6E3D","Krishna Sengupta","Finance","January 2026 Payroll","2025-12-31T18:30:00.000Z","2026-01-30T18:30:00.000Z","66240.00","4174.40","62065.60","Sent","Paid","","2026-09-05T15:16:11.175Z"
"657","EMP-79A6BD","Divya Pillai","Finance","July 2026 Payroll","2026-06-30T18:30:00.000Z","2026-07-30T18:30:00.000Z","61560.00","3893.60","57666.40","Sent","Paid","","2026-09-05T15:16:11.175Z"
"656","EMP-9DE65A","Sai Pandey","Human Resources","May 2026 Payroll","2026-04-30T18:30:00.000Z","2026-05-30T18:30:00.000Z","83640.00","5218.40","78421.60","Sent","Paid","","2026-09-05T15:16:11.175Z"
"655","EMP-8B4D44","Sanjay Bose","Human Resources","April 2026 Payroll","2026-03-31T18:30:00.000Z","2026-04-29T18:30:00.000Z","102720.00","6363.20","96356.80","Sent","Paid","","2026-09-05T15:16:11.175Z"
"654","EMP-1A3F5F","Shreya Deshmukh","Engineering","January 2026 Payroll","2025-12-31T18:30:00.000Z","2026-01-30T18:30:00.000Z","54720.00","3483.20","51236.80","Sent","Paid","","2026-09-05T15:16:11.175Z"
"653","EMP-186813","Karan Ghosh","Engineering","May 2026 Payroll","2026-04-30T18:30:00.000Z","2026-05-30T18:30:00.000Z","60180.00","3810.80","56369.20","Sent","Paid","","2026-09-05T15:16:11.175Z"
"652","EMP-4A7545","Varun Kaur","Finance","June 2026 Payroll","2026-05-31T18:30:00.000Z","2026-06-29T18:30:00.000Z","87420.00","5445.20","81974.80","Sent","Paid","","2026-09-05T15:16:11.175Z"
"651","EMP-B030CD","Shreya Deshmukh","Finance","April 2026 Payroll","2026-03-31T18:30:00.000Z","2026-04-29T18:30:00.000Z","72760.00","4565.60","68194.40","Sent","Paid","","2026-09-05T15:16:11.175Z"
"650","EMP-DD5A61","Reyansh Shah","Human Resources","July 2026 Payroll","2026-06-30T18:30:00.000Z","2026-07-30T18:30:00.000Z","105840.00","6550.40","99289.60","Sent","Paid","","2026-09-05T15:16:11.175Z"
"649","EMP-D12354","Gaurav Bhatt","Finance","July 2026 Payroll","2026-06-30T18:30:00.000Z","2026-07-30T18:30:00.000Z","79920.00","4995.20","74924.80","Sent","Paid","","2026-09-05T15:16:11.175Z"
"648","EMP-977362","Dev Deshmukh","Engineering","June 2026 Payroll","2026-05-31T18:30:00.000Z","2026-06-29T18:30:00.000Z","62040.00","3922.40","58117.60","Sent","Paid","","2026-09-05T15:16:11.175Z"
"647","EMP-352914","Varun Pillai","Marketing & Sales","February 2026 Payroll","2026-01-31T18:30:00.000Z","2026-02-27T18:30:00.000Z","90480.00","5628.80","84851.20","Sent","Paid","","2026-09-05T15:16:11.175Z"
"646","EMP-C052E5","Aditya Trivedi","Marketing & Sales","February 2026 Payroll","2026-01-31T18:30:00.000Z","2026-02-27T18:30:00.000Z","82160.00","5129.60","77030.40","Sent","Paid","","2026-09-05T15:16:11.175Z"
"645","EMP-AD155F","Karan Krishnan","Human Resources","June 2026 Payroll","2026-05-31T18:30:00.000Z","2026-06-29T18:30:00.000Z","62980.00","3978.80","59001.20","Sent","Paid","","2026-09-05T15:16:11.175Z"
"644","EMP-E14561","Nikhil Chauhan","Marketing & Sales","March 2026 Payroll","2026-02-28T18:30:00.000Z","2026-03-30T18:30:00.000Z","91080.00","5664.80","85415.20","Sent","Paid","","2026-09-05T15:16:11.175Z"
"643","EMP-9C1299","Aarav Bhatia","Human Resources","April 2026 Payroll","2026-03-31T18:30:00.000Z","2026-04-29T18:30:00.000Z","96300.00","5978.00","90322.00","Sent","Paid","","2026-09-05T15:16:11.175Z"
"642","EMP-A2063B","Simran Desai","Human Resources","May 2026 Payroll","2026-04-30T18:30:00.000Z","2026-05-30T18:30:00.000Z","61200.00","3872.00","57328.00","Sent","Paid","","2026-09-05T15:16:11.175Z"
"641","EMP-896B0D","Riya Bansal","Marketing & Sales","February 2026 Payroll","2026-01-31T18:30:00.000Z","2026-02-27T18:30:00.000Z","75920.00","4755.20","71164.80","Sent","Paid","","2026-09-05T15:16:11.175Z"
"640","EMP-44D134","Aditya Malhotra","Engineering","June 2026 Payroll","2026-05-31T18:30:00.000Z","2026-06-29T18:30:00.000Z","68620.00","4317.20","64302.80","Sent","Paid","","2026-09-05T15:16:11.175Z"
"639","EMP-F9A332","Meera Ghosh","Finance","June 2026 Payroll","2026-05-31T18:30:00.000Z","2026-06-29T18:30:00.000Z","81780.00","5106.80","76673.20","Sent","Paid","","2026-09-05T15:16:11.175Z"
"638","EMP-ADADC1","Kabir Trivedi","Marketing & Sales","March 2026 Payroll","2026-02-28T18:30:00.000Z","2026-03-30T18:30:00.000Z","64350.00","4061.00","60289.00","Sent","Paid","","2026-09-05T15:16:11.175Z"
"637","EMP-759739","Arjun Chatterjee","Finance","July 2026 Payroll","2026-06-30T18:30:00.000Z","2026-07-30T18:30:00.000Z","88560.00","5513.60","83046.40","Sent","Paid","","2026-09-05T15:16:11.175Z"
"636","EMP-77AC95","Sneha Yadav","Human Resources","June 2026 Payroll","2026-05-31T18:30:00.000Z","2026-06-29T18:30:00.000Z","81780.00","5106.80","76673.20","Sent","Paid","","2026-09-05T15:16:11.175Z"
"635","EMP-86960E","Nisha Kapoor","Marketing & Sales","July 2026 Payroll","2026-06-30T18:30:00.000Z","2026-07-30T18:30:00.000Z","70200.00","4412.00","65788.00","Sent","Paid","","2026-09-05T15:16:11.175Z"
"634","EMP-9FBC24","Kavya Mehta","Human Resources","January 2026 Payroll","2025-12-31T18:30:00.000Z","2026-01-30T18:30:00.000Z","66240.00","4174.40","62065.60","Sent","Paid","","2026-09-05T15:16:11.175Z"
"633","EMP-B465CB","Krishna Ghosh","Finance","April 2026 Payroll","2026-03-31T18:30:00.000Z","2026-04-29T18:30:00.000Z","59920.00","3795.20","56124.80","Sent","Paid","","2026-09-05T15:16:11.175Z"
"632","EMP-487FAF","Deepak Bhatia","Human Resources","March 2026 Payroll","2026-02-28T18:30:00.000Z","2026-03-30T18:30:00.000Z","59400.00","3764.00","55636.00","Sent","Paid","","2026-09-05T15:16:11.175Z"
"631","EMP-3BCB82","Neha Kulkarni","Engineering","April 2026 Payroll","2026-03-31T18:30:00.000Z","2026-04-29T18:30:00.000Z","99510.00","6170.60","93339.40","Sent","Paid","","2026-09-05T15:16:11.175Z"
"630","EMP-99DA86","Riya Mehta","Engineering","May 2026 Payroll","2026-04-30T18:30:00.000Z","2026-05-30T18:30:00.000Z","67320.00","4239.20","63080.80","Sent","Paid","","2026-09-05T15:16:11.175Z"
"629","EMP-2B423B","Rohan Krishnan","Human Resources","July 2026 Payroll","2026-06-30T18:30:00.000Z","2026-07-30T18:30:00.000Z","90720.00","5643.20","85076.80","Sent","Paid","","2026-09-05T15:16:11.175Z"
"628","EMP-4230E9","Kavya Banerjee","Marketing & Sales","July 2026 Payroll","2026-06-30T18:30:00.000Z","2026-07-30T18:30:00.000Z","79920.00","4995.20","74924.80","Sent","Paid","","2026-09-05T15:16:11.175Z"
"627","EMP-63FFD0","Rahul Das","Finance","June 2026 Payroll","2026-05-31T18:30:00.000Z","2026-06-29T18:30:00.000Z","75200.00","4712.00","70488.00","Sent","Paid","","2026-09-05T15:16:11.175Z"
"626","EMP-35E126","Arjun Desai","Engineering","February 2026 Payroll","2026-01-31T18:30:00.000Z","2026-02-27T18:30:00.000Z","69680.00","4380.80","65299.20","Sent","Paid","","2026-09-05T15:16:11.175Z"
"625","EMP-3ABC1F","Krishna Trivedi","Marketing & Sales","May 2026 Payroll","2026-04-30T18:30:00.000Z","2026-05-30T18:30:00.000Z","70380.00","4422.80","65957.20","Sent","Paid","","2026-09-05T15:16:11.175Z"
"624","EMP-FFCBB7","Riya Malhotra","Marketing & Sales","June 2026 Payroll","2026-05-31T18:30:00.000Z","2026-06-29T18:30:00.000Z","51700.00","3302.00","48398.00","Sent","Paid","","2026-09-05T15:16:11.175Z"
"623","EMP-C9DB6F","Nisha Bhatt","Human Resources","January 2026 Payroll","2025-12-31T18:30:00.000Z","2026-01-30T18:30:00.000Z","85440.00","5326.40","80113.60","Sent","Paid","","2026-09-05T15:16:11.175Z"
"622","EMP-64A7A0","Ayaan Tiwari","Marketing & Sales","June 2026 Payroll","2026-05-31T18:30:00.000Z","2026-06-29T18:30:00.000Z","79900.00","4994.00","74906.00","Sent","Paid","","2026-09-05T15:16:11.175Z"
"621","EMP-237A46","Pooja Gupta","Marketing & Sales","June 2026 Payroll","2026-05-31T18:30:00.000Z","2026-06-29T18:30:00.000Z","86480.00","5388.80","81091.20","Sent","Paid","","2026-09-05T15:16:11.175Z"
"620","EMP-8F867A","Manish Sengupta","Finance","July 2026 Payroll","2026-06-30T18:30:00.000Z","2026-07-30T18:30:00.000Z","99360.00","6161.60","93198.40","Sent","Paid","","2026-09-05T15:16:11.175Z"
"619","EMP-4BB327","Reyansh Desai","Finance","March 2026 Payroll","2026-02-28T18:30:00.000Z","2026-03-30T18:30:00.000Z","76230.00","4773.80","71456.20","Sent","Paid","","2026-09-05T15:16:11.175Z"
"618","EMP-49902F","Anjali Sengupta","Finance","March 2026 Payroll","2026-02-28T18:30:00.000Z","2026-03-30T18:30:00.000Z","67320.00","4239.20","63080.80","Sent","Paid","","2026-09-05T15:16:11.175Z"
"617","EMP-04DC66","Deepak Bansal","Human Resources","February 2026 Payroll","2026-01-31T18:30:00.000Z","2026-02-27T18:30:00.000Z","69680.00","4380.80","65299.20","Sent","Paid","","2026-09-05T15:16:11.175Z"
"616","EMP-31C154","Rahul Nair","Marketing & Sales","February 2026 Payroll","2026-01-31T18:30:00.000Z","2026-02-27T18:30:00.000Z","79040.00","4942.40","74097.60","Sent","Paid","","2026-09-05T15:16:11.175Z"
"615","EMP-51758D","Priya Chopra","Human Resources","May 2026 Payroll","2026-04-30T18:30:00.000Z","2026-05-30T18:30:00.000Z","63240.00","3994.40","59245.60","Sent","Paid","","2026-09-05T15:16:11.175Z"
"614","EMP-6E7B98","Kabir Ghosh","Marketing & Sales","June 2026 Payroll","2026-05-31T18:30:00.000Z","2026-06-29T18:30:00.000Z","76140.00","4768.40","71371.60","Sent","Paid","","2026-09-05T15:16:11.175Z"
"613","EMP-CAD3C8","Sanjay Subramaniam","Human Resources","March 2026 Payroll","2026-02-28T18:30:00.000Z","2026-03-30T18:30:00.000Z","63360.00","4001.60","59358.40","Sent","Paid","","2026-09-05T15:16:11.175Z"
"612","EMP-DB59A5","Isha Malhotra","Finance","May 2026 Payroll","2026-04-30T18:30:00.000Z","2026-05-30T18:30:00.000Z","62220.00","3933.20","58286.80","Sent","Paid","","2026-09-05T15:16:11.175Z"
"611","EMP-F7C116","Sai Sharma","Marketing & Sales","January 2026 Payroll","2025-12-31T18:30:00.000Z","2026-01-30T18:30:00.000Z","64320.00","4059.20","60260.80","Sent","Paid","","2026-09-05T15:16:11.175Z"
"610","EMP-A2759A","Simran Desai","Marketing & Sales","May 2026 Payroll","2026-04-30T18:30:00.000Z","2026-05-30T18:30:00.000Z","79560.00","4973.60","74586.40","Sent","Paid","","2026-09-05T15:16:11.175Z"
"609","EMP-769127","Simran Trivedi","Engineering","January 2026 Payroll","2025-12-31T18:30:00.000Z","2026-01-30T18:30:00.000Z","72960.00","4577.60","68382.40","Sent","Paid","","2026-09-05T15:16:11.175Z"
"608","EMP-FDABCC","Isha Rathore","Engineering","June 2026 Payroll","2026-05-31T18:30:00.000Z","2026-06-29T18:30:00.000Z","88360.00","5501.60","82858.40","Sent","Paid","","2026-09-05T15:16:11.175Z"
"607","EMP-196CAC","Ayaan Rao","Engineering","March 2026 Payroll","2026-02-28T18:30:00.000Z","2026-03-30T18:30:00.000Z","57420.00","3645.20","53774.80","Sent","Paid","","2026-09-05T15:16:11.175Z"
"606","EMP-A2063B","Simran Desai","Human Resources","January 2026 Payroll","2025-12-31T18:30:00.000Z","2026-01-30T18:30:00.000Z","57600.00","3656.00","53944.00","Sent","Paid","","2026-09-05T15:16:11.175Z"
"605","EMP-DF76DB","Ananya Menon","Human Resources","July 2026 Payroll","2026-06-30T18:30:00.000Z","2026-07-30T18:30:00.000Z","90720.00","5643.20","85076.80","Sent","Paid","","2026-09-05T15:16:11.175Z"
"604","EMP-665750","Dev Yadav","Marketing & Sales","July 2026 Payroll","2026-06-30T18:30:00.000Z","2026-07-30T18:30:00.000Z","78840.00","4930.40","73909.60","Sent","Paid","","2026-09-05T15:16:11.175Z"
"603","EMP-C35DF4","Ayaan Reddy","Finance","June 2026 Payroll","2026-05-31T18:30:00.000Z","2026-06-29T18:30:00.000Z","51700.00","3302.00","48398.00","Sent","Paid","","2026-09-05T15:16:11.175Z"
"602","EMP-C7FBCE","Shreya Trivedi","Engineering","April 2026 Payroll","2026-03-31T18:30:00.000Z","2026-04-29T18:30:00.000Z","78110.00","4886.60","73223.40","Sent","Paid","","2026-09-05T15:16:11.175Z"
"601","EMP-ABFDB9","Aarav Reddy","Finance","July 2026 Payroll","2026-06-30T18:30:00.000Z","2026-07-30T18:30:00.000Z","100440.00","6226.40","94213.60","Sent","Paid","","2026-09-05T15:16:11.175Z"
"600","EMP-9FBC24","Kavya Mehta","Human Resources","May 2026 Payroll","2026-04-30T18:30:00.000Z","2026-05-30T18:30:00.000Z","70380.00","4422.80","65957.20","Sent","Paid","","2026-09-05T15:16:11.175Z"
"599","EMP-95E6CA","Manish Ghosh","Human Resources","July 2026 Payroll","2026-06-30T18:30:00.000Z","2026-07-30T18:30:00.000Z","95040.00","5902.40","89137.60","Sent","Paid","","2026-09-05T15:16:11.175Z"
"598","EMP-B1E1C4","Nikhil Gupta","Human Resources","February 2026 Payroll","2026-01-31T18:30:00.000Z","2026-02-27T18:30:00.000Z","63440.00","4006.40","59433.60","Sent","Paid","","2026-09-05T15:16:11.175Z"
"597","EMP-414629","Ishaan Shah","Finance","April 2026 Payroll","2026-03-31T18:30:00.000Z","2026-04-29T18:30:00.000Z","59920.00","3795.20","56124.80","Sent","Paid","","2026-09-05T15:16:11.175Z"
"596","EMP-9DE65A","Sai Pandey","Human Resources","January 2026 Payroll","2025-12-31T18:30:00.000Z","2026-01-30T18:30:00.000Z","78720.00","4923.20","73796.80","Sent","Paid","","2026-09-05T15:16:11.175Z"
"595","EMP-C290EE","Amit Verma","Engineering","April 2026 Payroll","2026-03-31T18:30:00.000Z","2026-04-29T18:30:00.000Z","107000.00","6620.00","100380.00","Sent","Paid","","2026-09-05T15:16:11.175Z"
"594","EMP-1A3F5F","Shreya Deshmukh","Engineering","May 2026 Payroll","2026-04-30T18:30:00.000Z","2026-05-30T18:30:00.000Z","58140.00","3688.40","54451.60","Sent","Paid","","2026-09-05T15:16:11.175Z"
"593","EMP-A6B296","Aryan Saxena","Human Resources","April 2026 Payroll","2026-03-31T18:30:00.000Z","2026-04-29T18:30:00.000Z","69550.00","4373.00","65177.00","Sent","Paid","","2026-09-05T15:16:11.175Z"
"592","EMP-186813","Karan Ghosh","Engineering","January 2026 Payroll","2025-12-31T18:30:00.000Z","2026-01-30T18:30:00.000Z","56640.00","3598.40","53041.60","Sent","Paid","","2026-09-05T15:16:11.175Z"
"591","EMP-3EB8C2","Sanjay Yadav","Human Resources","February 2026 Payroll","2026-01-31T18:30:00.000Z","2026-02-27T18:30:00.000Z","98800.00","6128.00","92672.00","Sent","Paid","","2026-09-05T15:16:11.175Z"
"590","EMP-B2C016","Anjali Reddy","Human Resources","July 2026 Payroll","2026-06-30T18:30:00.000Z","2026-07-30T18:30:00.000Z","105840.00","6550.40","99289.60","Sent","Paid","","2026-09-05T15:16:11.175Z"
"589","EMP-E1E4EB","Naveen Trivedi","Engineering","March 2026 Payroll","2026-02-28T18:30:00.000Z","2026-03-30T18:30:00.000Z","61380.00","3882.80","57497.20","Sent","Paid","","2026-09-05T15:16:11.175Z"
"588","EMP-BDF979","Rahul Bose","Finance","March 2026 Payroll","2026-02-28T18:30:00.000Z","2026-03-30T18:30:00.000Z","91080.00","5664.80","85415.20","Sent","Paid","","2026-09-05T15:16:11.175Z"
"587","EMP-D11D6F","Sanjay Menon","Engineering","April 2026 Payroll","2026-03-31T18:30:00.000Z","2026-04-29T18:30:00.000Z","65270.00","4116.20","61153.80","Sent","Paid","","2026-09-05T15:16:11.175Z"
"586","EMP-12F541","Ananya Kaur","Human Resources","February 2026 Payroll","2026-01-31T18:30:00.000Z","2026-02-27T18:30:00.000Z","97760.00","6065.60","91694.40","Sent","Paid","","2026-09-05T15:16:11.175Z"
"585","EMP-DECF50","Nisha Joshi","Marketing & Sales","July 2026 Payroll","2026-06-30T18:30:00.000Z","2026-07-30T18:30:00.000Z","82080.00","5124.80","76955.20","Sent","Paid","","2026-09-05T15:16:11.175Z"
"584","EMP-03D313","Vivaan Chopra","Finance","March 2026 Payroll","2026-02-28T18:30:00.000Z","2026-03-30T18:30:00.000Z","71280.00","4476.80","66803.20","Sent","Paid","","2026-09-05T15:16:11.175Z"
"583","EMP-6F7C5C","Aditya Ghosh","Human Resources","June 2026 Payroll","2026-05-31T18:30:00.000Z","2026-06-29T18:30:00.000Z","62980.00","3978.80","59001.20","Sent","Paid","","2026-09-05T15:16:11.175Z"
"582","EMP-51758D","Priya Chopra","Human Resources","January 2026 Payroll","2025-12-31T18:30:00.000Z","2026-01-30T18:30:00.000Z","59520.00","3771.20","55748.80","Sent","Paid","","2026-09-05T15:16:11.175Z"
"581","EMP-ED4A92","Karan Das","Engineering","March 2026 Payroll","2026-02-28T18:30:00.000Z","2026-03-30T18:30:00.000Z","57420.00","3645.20","53774.80","Sent","Paid","","2026-09-05T15:16:11.175Z"
"580","EMP-DE1D39","Siddharth Bose","Human Resources","March 2026 Payroll","2026-02-28T18:30:00.000Z","2026-03-30T18:30:00.000Z","85140.00","5308.40","79831.60","Sent","Paid","","2026-09-05T15:16:11.175Z"
"579","EMP-1F7DE5","Amit Bose","Marketing & Sales","March 2026 Payroll","2026-02-28T18:30:00.000Z","2026-03-30T18:30:00.000Z","62370.00","3942.20","58427.80","Sent","Paid","","2026-09-05T15:16:11.175Z"
"578","EMP-F7C116","Sai Sharma","Marketing & Sales","May 2026 Payroll","2026-04-30T18:30:00.000Z","2026-05-30T18:30:00.000Z","68340.00","4300.40","64039.60","Sent","Paid","","2026-09-05T15:16:11.175Z"
"577","EMP-D60A23","Gaurav Kulkarni","Engineering","March 2026 Payroll","2026-02-28T18:30:00.000Z","2026-03-30T18:30:00.000Z","82170.00","5130.20","77039.80","Sent","Paid","","2026-09-05T15:16:11.175Z"
"576","EMP-DB59A5","Isha Malhotra","Finance","January 2026 Payroll","2025-12-31T18:30:00.000Z","2026-01-30T18:30:00.000Z","58560.00","3713.60","54846.40","Sent","Paid","","2026-09-05T15:16:11.175Z"
"575","EMP-4629FD","Priya Menon","Engineering","July 2026 Payroll","2026-06-30T18:30:00.000Z","2026-07-30T18:30:00.000Z","99360.00","6161.60","93198.40","Sent","Paid","","2026-09-05T15:16:11.175Z"
"574","EMP-373BCD","Vivaan Ghosh","Marketing & Sales","March 2026 Payroll","2026-02-28T18:30:00.000Z","2026-03-30T18:30:00.000Z","80190.00","5011.40","75178.60","Sent","Paid","","2026-09-05T15:16:11.175Z"
"573","EMP-C362EF","Nikhil Pandey","Engineering","March 2026 Payroll","2026-02-28T18:30:00.000Z","2026-03-30T18:30:00.000Z","84150.00","5249.00","78901.00","Sent","Paid","","2026-09-05T15:16:11.175Z"
"572","EMP-A2759A","Simran Desai","Marketing & Sales","January 2026 Payroll","2025-12-31T18:30:00.000Z","2026-01-30T18:30:00.000Z","74880.00","4692.80","70187.20","Sent","Paid","","2026-09-05T15:16:11.175Z"
"571","EMP-58445B","Rahul Shah","Engineering","February 2026 Payroll","2026-01-31T18:30:00.000Z","2026-02-27T18:30:00.000Z","70720.00","4443.20","66276.80","Sent","Paid","","2026-09-05T15:16:11.175Z"
"570","EMP-27173F","Sanjay Agarwal","Human Resources","July 2026 Payroll","2026-06-30T18:30:00.000Z","2026-07-30T18:30:00.000Z","83160.00","5189.60","77970.40","Sent","Paid","","2026-09-05T15:16:11.175Z"
"569","EMP-6B6E3D","Krishna Sengupta","Finance","July 2026 Payroll","2026-06-30T18:30:00.000Z","2026-07-30T18:30:00.000Z","74520.00","4671.20","69848.80","Sent","Paid","","2026-09-05T15:16:11.175Z"
"568","EMP-769127","Simran Trivedi","Engineering","May 2026 Payroll","2026-04-30T18:30:00.000Z","2026-05-30T18:30:00.000Z","77520.00","4851.20","72668.80","Sent","Paid","","2026-09-05T15:16:11.175Z"
"567","EMP-31A68C","Krishna Chatterjee","Finance","April 2026 Payroll","2026-03-31T18:30:00.000Z","2026-04-29T18:30:00.000Z","105930.00","6555.80","99374.20","Sent","Paid","","2026-09-05T15:16:11.175Z"
"566","EMP-56BC71","Ishaan Yadav","Marketing & Sales","February 2026 Payroll","2026-01-31T18:30:00.000Z","2026-02-27T18:30:00.000Z","104000.00","6440.00","97560.00","Sent","Paid","","2026-09-05T15:16:11.175Z"
"565","EMP-B321B8","Ayaan Verma","Marketing & Sales","April 2026 Payroll","2026-03-31T18:30:00.000Z","2026-04-29T18:30:00.000Z","58850.00","3731.00","55119.00","Sent","Paid","","2026-09-05T15:16:11.175Z"
"564","EMP-99DA86","Riya Mehta","Engineering","January 2026 Payroll","2025-12-31T18:30:00.000Z","2026-01-30T18:30:00.000Z","63360.00","4001.60","59358.40","Sent","Paid","","2026-09-05T15:16:11.175Z"
"563","EMP-36ACC3","Varun Das","Marketing & Sales","June 2026 Payroll","2026-05-31T18:30:00.000Z","2026-06-29T18:30:00.000Z","72380.00","4542.80","67837.20","Sent","Paid","","2026-09-05T15:16:11.175Z"
"562","EMP-C9DB6F","Nisha Bhatt","Human Resources","May 2026 Payroll","2026-04-30T18:30:00.000Z","2026-05-30T18:30:00.000Z","90780.00","5646.80","85133.20","Sent","Paid","","2026-09-05T15:16:11.175Z"
"561","EMP-3ABC1F","Krishna Trivedi","Marketing & Sales","January 2026 Payroll","2025-12-31T18:30:00.000Z","2026-01-30T18:30:00.000Z","66240.00","4174.40","62065.60","Sent","Paid","","2026-09-05T15:16:11.175Z"
"560","EMP-8F2F80","Aryan Pandey","Human Resources","March 2026 Payroll","2026-02-28T18:30:00.000Z","2026-03-30T18:30:00.000Z","59400.00","3764.00","55636.00","Sent","Paid","","2026-09-05T15:16:11.175Z"
"559","EMP-8D4B72","Aditya Shah","Marketing & Sales","June 2026 Payroll","2026-05-31T18:30:00.000Z","2026-06-29T18:30:00.000Z","73320.00","4599.20","68720.80","Sent","Paid","","2026-09-05T15:16:11.175Z"
"558","EMP-190639","Meera Malhotra","Engineering","April 2026 Payroll","2026-03-31T18:30:00.000Z","2026-04-29T18:30:00.000Z","68480.00","4308.80","64171.20","Sent","Paid","","2026-09-05T15:16:11.175Z"
"557","EMP-2CDEBE","Krishna Menon","Engineering","February 2026 Payroll","2026-01-31T18:30:00.000Z","2026-02-27T18:30:00.000Z","104000.00","6440.00","97560.00","Sent","Paid","","2026-09-05T15:16:11.175Z"
"556","EMP-A9E145","Neha Kapoor","Human Resources","March 2026 Payroll","2026-02-28T18:30:00.000Z","2026-03-30T18:30:00.000Z","78210.00","4892.60","73317.40","Sent","Paid","","2026-09-05T15:16:11.175Z"
"555","EMP-4014FF","Vivaan Bhatia","Human Resources","July 2026 Payroll","2026-06-30T18:30:00.000Z","2026-07-30T18:30:00.000Z","87480.00","5448.80","82031.20","Sent","Paid","","2026-09-05T15:16:11.175Z"
"554","EMP-18B74E","Isha Sharma","Engineering","June 2026 Payroll","2026-05-31T18:30:00.000Z","2026-06-29T18:30:00.000Z","69560.00","4373.60","65186.40","Sent","Paid","","2026-09-05T15:16:11.175Z"
"553","EMP-665750","Dev Yadav","Marketing & Sales","May 2026 Payroll","2026-04-30T18:30:00.000Z","2026-05-30T18:30:00.000Z","74460.00","4667.60","69792.40","Sent","Paid","","2026-09-05T15:16:11.175Z"
"552","EMP-DF76DB","Ananya Menon","Human Resources","May 2026 Payroll","2026-04-30T18:30:00.000Z","2026-05-30T18:30:00.000Z","85680.00","5340.80","80339.20","Sent","Paid","","2026-09-05T15:16:11.175Z"
"551","EMP-46D710","Naveen Rao","Engineering","February 2026 Payroll","2026-01-31T18:30:00.000Z","2026-02-27T18:30:00.000Z","72800.00","4568.00","68232.00","Sent","Paid","","2026-09-05T15:16:11.175Z"
"550","EMP-554886","Arjun Banerjee","Engineering","June 2026 Payroll","2026-05-31T18:30:00.000Z","2026-06-29T18:30:00.000Z","94000.00","5840.00","88160.00","Sent","Paid","","2026-09-05T15:16:11.175Z"
"549","EMP-BEE951","Amit Kulkarni","Finance","June 2026 Payroll","2026-05-31T18:30:00.000Z","2026-06-29T18:30:00.000Z","84600.00","5276.00","79324.00","Sent","Paid","","2026-09-05T15:16:11.175Z"
"548","EMP-D8E3B9","Gaurav Rathore","Engineering","March 2026 Payroll","2026-02-28T18:30:00.000Z","2026-03-30T18:30:00.000Z","61380.00","3882.80","57497.20","Sent","Paid","","2026-09-05T15:16:11.175Z"
"547","EMP-EBBBB3","Siddharth Joshi","Human Resources","April 2026 Payroll","2026-03-31T18:30:00.000Z","2026-04-29T18:30:00.000Z","96300.00","5978.00","90322.00","Sent","Paid","","2026-09-05T15:16:11.175Z"
"546","EMP-759739","Arjun Chatterjee","Finance","January 2026 Payroll","2025-12-31T18:30:00.000Z","2026-01-30T18:30:00.000Z","78720.00","4923.20","73796.80","Sent","Paid","","2026-09-05T15:16:11.175Z"
"545","EMP-B16B1C","Divya Kumar","Engineering","March 2026 Payroll","2026-02-28T18:30:00.000Z","2026-03-30T18:30:00.000Z","57420.00","3645.20","53774.80","Sent","Paid","","2026-09-05T15:16:11.175Z"
"544","EMP-ABFDB9","Aarav Reddy","Finance","May 2026 Payroll","2026-04-30T18:30:00.000Z","2026-05-30T18:30:00.000Z","94860.00","5891.60","88968.40","Sent","Paid","","2026-09-05T15:16:11.175Z"
"543","EMP-9FBC24","Kavya Mehta","Human Resources","July 2026 Payroll","2026-06-30T18:30:00.000Z","2026-07-30T18:30:00.000Z","74520.00","4671.20","69848.80","Sent","Paid","","2026-09-05T15:16:11.175Z"
"542","EMP-3AC409","Tanvi Sharma","Engineering","April 2026 Payroll","2026-03-31T18:30:00.000Z","2026-04-29T18:30:00.000Z","73830.00","4629.80","69200.20","Sent","Paid","","2026-09-05T15:16:11.175Z"
"541","EMP-86960E","Nisha Kapoor","Marketing & Sales","January 2026 Payroll","2025-12-31T18:30:00.000Z","2026-01-30T18:30:00.000Z","62400.00","3944.00","58456.00","Sent","Paid","","2026-09-05T15:16:11.175Z"
"540","EMP-0B3DD7","Sneha Pillai","Engineering","February 2026 Payroll","2026-01-31T18:30:00.000Z","2026-02-27T18:30:00.000Z","60320.00","3819.20","56500.80","Sent","Paid","","2026-09-05T15:16:11.175Z"
"539","EMP-4CC9C8","Amit Chatterjee","Engineering","June 2026 Payroll","2026-05-31T18:30:00.000Z","2026-06-29T18:30:00.000Z","71440.00","4486.40","66953.60","Sent","Paid","","2026-09-05T15:16:11.175Z"
"538","EMP-E5316F","Meera Joshi","Finance","April 2026 Payroll","2026-03-31T18:30:00.000Z","2026-04-29T18:30:00.000Z","77040.00","4822.40","72217.60","Sent","Paid","","2026-09-05T15:16:11.175Z"
"537","EMP-95E6CA","Manish Ghosh","Human Resources","May 2026 Payroll","2026-04-30T18:30:00.000Z","2026-05-30T18:30:00.000Z","89760.00","5585.60","84174.40","Sent","Paid","","2026-09-05T15:16:11.175Z"
"536","EMP-1A3F5F","Shreya Deshmukh","Engineering","July 2026 Payroll","2026-06-30T18:30:00.000Z","2026-07-30T18:30:00.000Z","61560.00","3893.60","57666.40","Sent","Paid","","2026-09-05T15:16:11.175Z"
"535","EMP-007415","Siddharth Banerjee","Engineering","March 2026 Payroll","2026-02-28T18:30:00.000Z","2026-03-30T18:30:00.000Z","90090.00","5605.40","84484.60","Sent","Paid","","2026-09-05T15:16:11.175Z"
"534","EMP-79A6BD","Divya Pillai","Finance","January 2026 Payroll","2025-12-31T18:30:00.000Z","2026-01-30T18:30:00.000Z","54720.00","3483.20","51236.80","Sent","Paid","","2026-09-05T15:16:11.175Z"
"533","EMP-B2C016","Anjali Reddy","Human Resources","May 2026 Payroll","2026-04-30T18:30:00.000Z","2026-05-30T18:30:00.000Z","99960.00","6197.60","93762.40","Sent","Paid","","2026-09-05T15:16:11.175Z"
"532","EMP-1C71D7","Vivaan Gupta","Human Resources","February 2026 Payroll","2026-01-31T18:30:00.000Z","2026-02-27T18:30:00.000Z","78000.00","4880.00","73120.00","Sent","Paid","","2026-09-05T15:16:11.175Z"
"531","EMP-779822","Divya Tiwari","Human Resources","February 2026 Payroll","2026-01-31T18:30:00.000Z","2026-02-27T18:30:00.000Z","67600.00","4256.00","63344.00","Sent","Paid","","2026-09-05T15:16:11.175Z"
"530","EMP-D12354","Gaurav Bhatt","Finance","January 2026 Payroll","2025-12-31T18:30:00.000Z","2026-01-30T18:30:00.000Z","71040.00","4462.40","66577.60","Sent","Paid","","2026-09-05T15:16:11.175Z"
"529","EMP-DD5A61","Reyansh Shah","Human Resources","January 2026 Payroll","2025-12-31T18:30:00.000Z","2026-01-30T18:30:00.000Z","94080.00","5844.80","88235.20","Sent","Paid","","2026-09-05T15:16:11.175Z"
"528","EMP-B11947","Reyansh Deshmukh","Marketing & Sales","June 2026 Payroll","2026-05-31T18:30:00.000Z","2026-06-29T18:30:00.000Z","55460.00","3527.60","51932.40","Sent","Paid","","2026-09-05T15:16:11.175Z"
"527","EMP-C75932","Ananya Iyer","Engineering","June 2026 Payroll","2026-05-31T18:30:00.000Z","2026-06-29T18:30:00.000Z","78960.00","4937.60","74022.40","Sent","Paid","","2026-09-05T15:16:11.175Z"
"526","EMP-16F1F2","Vihaan Chatterjee","Finance","April 2026 Payroll","2026-03-31T18:30:00.000Z","2026-04-29T18:30:00.000Z","74900.00","4694.00","70206.00","Sent","Paid","","2026-09-05T15:16:11.175Z"
"525","EMP-7F2E45","Riya Bose","Engineering","April 2026 Payroll","2026-03-31T18:30:00.000Z","2026-04-29T18:30:00.000Z","103790.00","6427.40","97362.60","Sent","Paid","","2026-09-05T15:16:11.175Z"
"524","EMP-85224C","Kavya Reddy","Marketing & Sales","April 2026 Payroll","2026-03-31T18:30:00.000Z","2026-04-29T18:30:00.000Z","78110.00","4886.60","73223.40","Sent","Paid","","2026-09-05T15:16:11.175Z"
"523","EMP-DECF50","Nisha Joshi","Marketing & Sales","May 2026 Payroll","2026-04-30T18:30:00.000Z","2026-05-30T18:30:00.000Z","77520.00","4851.20","72668.80","Sent","Paid","","2026-09-05T15:16:11.175Z"
"522","EMP-20B9DC","Isha Kumar","Human Resources","April 2026 Payroll","2026-03-31T18:30:00.000Z","2026-04-29T18:30:00.000Z","92020.00","5721.20","86298.80","Sent","Paid","","2026-09-05T15:16:11.175Z"
"521","EMP-782D89","Arjun Deshmukh","Engineering","June 2026 Payroll","2026-05-31T18:30:00.000Z","2026-06-29T18:30:00.000Z","90240.00","5614.40","84625.60","Sent","Paid","","2026-09-05T15:16:11.175Z"
"520","EMP-AFEE5B","Nisha Chatterjee","Finance","June 2026 Payroll","2026-05-31T18:30:00.000Z","2026-06-29T18:30:00.000Z","78020.00","4881.20","73138.80","Sent","Paid","","2026-09-05T15:16:11.175Z"
"519","EMP-27173F","Sanjay Agarwal","Human Resources","May 2026 Payroll","2026-04-30T18:30:00.000Z","2026-05-30T18:30:00.000Z","78540.00","4912.40","73627.60","Sent","Paid","","2026-09-05T15:16:11.175Z"
"518","EMP-4629FD","Priya Menon","Engineering","May 2026 Payroll","2026-04-30T18:30:00.000Z","2026-05-30T18:30:00.000Z","93840.00","5830.40","88009.60","Sent","Paid","","2026-09-05T15:16:11.175Z"
"517","EMP-F7C116","Sai Sharma","Marketing & Sales","July 2026 Payroll","2026-06-30T18:30:00.000Z","2026-07-30T18:30:00.000Z","72360.00","4541.60","67818.40","Sent","Paid","","2026-09-05T15:16:11.175Z"
"516","EMP-769127","Simran Trivedi","Engineering","July 2026 Payroll","2026-06-30T18:30:00.000Z","2026-07-30T18:30:00.000Z","82080.00","5124.80","76955.20","Sent","Paid","","2026-09-05T15:16:11.175Z"
"515","EMP-6B6E3D","Krishna Sengupta","Finance","May 2026 Payroll","2026-04-30T18:30:00.000Z","2026-05-30T18:30:00.000Z","70380.00","4422.80","65957.20","Sent","Paid","","2026-09-05T15:16:11.175Z"
"514","EMP-43F6C1","Ishaan Malhotra","Human Resources","March 2026 Payroll","2026-02-28T18:30:00.000Z","2026-03-30T18:30:00.000Z","73260.00","4595.60","68664.40","Sent","Paid","","2026-09-05T15:16:11.175Z"
"513","EMP-BD481C","Sanjay Rao","Human Resources","March 2026 Payroll","2026-02-28T18:30:00.000Z","2026-03-30T18:30:00.000Z","97020.00","6021.20","90998.80","Sent","Paid","","2026-09-05T15:16:11.175Z"
"512","EMP-4230E9","Kavya Banerjee","Marketing & Sales","January 2026 Payroll","2025-12-31T18:30:00.000Z","2026-01-30T18:30:00.000Z","71040.00","4462.40","66577.60","Sent","Paid","","2026-09-05T15:16:11.175Z"
"511","EMP-2B423B","Rohan Krishnan","Human Resources","January 2026 Payroll","2025-12-31T18:30:00.000Z","2026-01-30T18:30:00.000Z","80640.00","5038.40","75601.60","Sent","Paid","","2026-09-05T15:16:11.175Z"
"510","EMP-7EF0F0","Shreya Das","Engineering","April 2026 Payroll","2026-03-31T18:30:00.000Z","2026-04-29T18:30:00.000Z","64200.00","4052.00","60148.00","Sent","Paid","","2026-09-05T15:16:11.175Z"
"509","EMP-54A415","Kabir Pandey","Marketing & Sales","February 2026 Payroll","2026-01-31T18:30:00.000Z","2026-02-27T18:30:00.000Z","69680.00","4380.80","65299.20","Sent","Paid","","2026-09-05T15:16:11.175Z"
"508","EMP-C9DB6F","Nisha Bhatt","Human Resources","July 2026 Payroll","2026-06-30T18:30:00.000Z","2026-07-30T18:30:00.000Z","96120.00","5967.20","90152.80","Sent","Paid","","2026-09-05T15:16:11.175Z"
"507","EMP-4014FF","Vivaan Bhatia","Human Resources","May 2026 Payroll","2026-04-30T18:30:00.000Z","2026-05-30T18:30:00.000Z","82620.00","5157.20","77462.80","Sent","Paid","","2026-09-05T15:16:11.175Z"
"506","EMP-8F867A","Manish Sengupta","Finance","January 2026 Payroll","2025-12-31T18:30:00.000Z","2026-01-30T18:30:00.000Z","88320.00","5499.20","82820.80","Sent","Paid","","2026-09-05T15:16:11.175Z"
"505","EMP-2A9D2A","Nikhil Chatterjee","Human Resources","June 2026 Payroll","2026-05-31T18:30:00.000Z","2026-06-29T18:30:00.000Z","94000.00","5840.00","88160.00","Sent","Paid","","2026-09-05T15:16:11.175Z"
"504","EMP-D37FDD","Nikhil Mishra","Engineering","June 2026 Payroll","2026-05-31T18:30:00.000Z","2026-06-29T18:30:00.000Z","57340.00","3640.40","53699.60","Sent","Paid","","2026-09-05T15:16:11.175Z"
"503","EMP-7E71AD","Krishna Nair","Finance","March 2026 Payroll","2026-02-28T18:30:00.000Z","2026-03-30T18:30:00.000Z","94050.00","5843.00","88207.00","Sent","Paid","","2026-09-05T15:16:11.175Z"
"502","EMP-5096E5","Ishaan Chopra","Marketing & Sales","March 2026 Payroll","2026-02-28T18:30:00.000Z","2026-03-30T18:30:00.000Z","60390.00","3823.40","56566.60","Sent","Paid","","2026-09-05T15:16:11.175Z"
"501","EMP-7B0395","Ayaan Ghosh","Finance","February 2026 Payroll","2026-01-31T18:30:00.000Z","2026-02-27T18:30:00.000Z","74880.00","4692.80","70187.20","Sent","Paid","","2026-09-05T15:16:11.175Z"
"500","EMP-18B74E","Isha Sharma","Engineering","September 2026 Payroll","2026-08-31T18:30:00.000Z","2026-09-29T18:30:00.000Z","71780.00","4506.80","67273.20","Draft","Draft","","2026-09-05T15:01:43.161Z"
"499","EMP-665750","Dev Yadav","Marketing & Sales","September 2026 Payroll","2026-08-31T18:30:00.000Z","2026-09-29T18:30:00.000Z","70810.00","4448.60","66361.40","Draft","Draft","","2026-09-05T15:01:43.161Z"
"498","EMP-03D313","Vivaan Chopra","Finance","September 2026 Payroll","2026-08-31T18:30:00.000Z","2026-09-29T18:30:00.000Z","69840.00","4390.40","65449.60","Draft","Draft","","2026-09-05T15:01:43.161Z"
"497","EMP-E0044B","Vivaan Bansal","Marketing & Sales","September 2026 Payroll","2026-08-31T18:30:00.000Z","2026-09-29T18:30:00.000Z","68870.00","4332.20","64537.80","Draft","Draft","","2026-09-05T15:01:43.161Z"
"496","EMP-EE0A11","Anjali Gupta","Marketing & Sales","September 2026 Payroll","2026-08-31T18:30:00.000Z","2026-09-29T18:30:00.000Z","67900.00","4274.00","63626.00","Draft","Draft","","2026-09-05T15:01:43.161Z"
"495","EMP-395314","Aarav Mishra","Engineering","September 2026 Payroll","2026-08-31T18:30:00.000Z","2026-09-29T18:30:00.000Z","66930.00","4215.80","62714.20","Draft","Draft","","2026-09-05T15:01:43.161Z"
"494","EMP-C923B6","Reyansh Subramaniam","Marketing & Sales","September 2026 Payroll","2026-08-31T18:30:00.000Z","2026-09-29T18:30:00.000Z","65960.00","4157.60","61802.40","Draft","Draft","","2026-09-05T15:01:43.161Z"
"493","EMP-AD155F","Karan Krishnan","Human Resources","September 2026 Payroll","2026-08-31T18:30:00.000Z","2026-09-29T18:30:00.000Z","64990.00","4099.40","60890.60","Draft","Draft","","2026-09-05T15:01:43.161Z"
"492","EMP-3E483C","Divya Shah","Marketing & Sales","September 2026 Payroll","2026-08-31T18:30:00.000Z","2026-09-29T18:30:00.000Z","64020.00","4041.20","59978.80","Draft","Draft","","2026-09-05T15:01:43.161Z"
"491","EMP-86960E","Nisha Kapoor","Marketing & Sales","September 2026 Payroll","2026-08-31T18:30:00.000Z","2026-09-29T18:30:00.000Z","63050.00","3983.00","59067.00","Draft","Draft","","2026-09-05T15:01:43.161Z"
"490","EMP-CAD3C8","Sanjay Subramaniam","Human Resources","September 2026 Payroll","2026-08-31T18:30:00.000Z","2026-09-29T18:30:00.000Z","62080.00","3924.80","58155.20","Draft","Draft","","2026-09-05T15:01:43.161Z"
"489","EMP-E8DBA7","Vihaan Trivedi","Marketing & Sales","September 2026 Payroll","2026-08-31T18:30:00.000Z","2026-09-29T18:30:00.000Z","61110.00","3866.60","57243.40","Draft","Draft","","2026-09-05T15:01:43.161Z"
"488","EMP-D8E3B9","Gaurav Rathore","Engineering","September 2026 Payroll","2026-08-31T18:30:00.000Z","2026-09-29T18:30:00.000Z","60140.00","3808.40","56331.60","Draft","Draft","","2026-09-05T15:01:43.161Z"
"487","EMP-5096E5","Ishaan Chopra","Marketing & Sales","September 2026 Payroll","2026-08-31T18:30:00.000Z","2026-09-29T18:30:00.000Z","59170.00","3750.20","55419.80","Draft","Draft","","2026-09-05T15:01:43.161Z"
"486","EMP-7EF0F0","Shreya Das","Engineering","September 2026 Payroll","2026-08-31T18:30:00.000Z","2026-09-29T18:30:00.000Z","58200.00","3692.00","54508.00","Draft","Draft","","2026-09-05T15:01:43.161Z"
"485","EMP-12A7C2","Siddharth Kaur","Finance","September 2026 Payroll","2026-08-31T18:30:00.000Z","2026-09-29T18:30:00.000Z","57230.00","3633.80","53596.20","Draft","Draft","","2026-09-05T15:01:43.161Z"
"484","EMP-B16B1C","Divya Kumar","Engineering","September 2026 Payroll","2026-08-31T18:30:00.000Z","2026-09-29T18:30:00.000Z","56260.00","3575.60","52684.40","Draft","Draft","","2026-09-05T15:01:43.161Z"
"483","EMP-5AD2CA","Simran Chatterjee","Engineering","September 2026 Payroll","2026-08-31T18:30:00.000Z","2026-09-29T18:30:00.000Z","55290.00","3517.40","51772.60","Draft","Draft","","2026-09-05T15:01:43.161Z"
"482","EMP-B465CB","Krishna Ghosh","Finance","September 2026 Payroll","2026-08-31T18:30:00.000Z","2026-09-29T18:30:00.000Z","54320.00","3459.20","50860.80","Draft","Draft","","2026-09-05T15:01:43.161Z"
"481","EMP-8FE05D","Vihaan Chauhan","Engineering","September 2026 Payroll","2026-08-31T18:30:00.000Z","2026-09-29T18:30:00.000Z","53350.00","3401.00","49949.00","Draft","Draft","","2026-09-05T15:01:43.161Z"
"480","EMP-56BC71","Ishaan Yadav","Marketing & Sales","September 2026 Payroll","2026-08-31T18:30:00.000Z","2026-09-29T18:30:00.000Z","97000.00","6020.00","90980.00","Draft","Draft","","2026-09-05T15:01:43.161Z"
"479","EMP-3654EA","Kabir Verma","Human Resources","September 2026 Payroll","2026-08-31T18:30:00.000Z","2026-09-29T18:30:00.000Z","96030.00","5961.80","90068.20","Draft","Draft","","2026-09-05T15:01:43.161Z"
"478","EMP-B2C016","Anjali Reddy","Human Resources","September 2026 Payroll","2026-08-31T18:30:00.000Z","2026-09-29T18:30:00.000Z","95060.00","5903.60","89156.40","Draft","Draft","","2026-09-05T15:01:43.161Z"
"477","EMP-40ADF9","Ananya Shah","Marketing & Sales","September 2026 Payroll","2026-08-31T18:30:00.000Z","2026-09-29T18:30:00.000Z","94090.00","5845.40","88244.60","Draft","Draft","","2026-09-05T15:01:43.161Z"
"476","EMP-8B4D44","Sanjay Bose","Human Resources","September 2026 Payroll","2026-08-31T18:30:00.000Z","2026-09-29T18:30:00.000Z","93120.00","5787.20","87332.80","Draft","Draft","","2026-09-05T15:01:43.161Z"
"475","EMP-ECD855","Naveen Bansal","Human Resources","September 2026 Payroll","2026-08-31T18:30:00.000Z","2026-09-29T18:30:00.000Z","92150.00","5729.00","86421.00","Draft","Draft","","2026-09-05T15:01:43.161Z"
"474","EMP-12F541","Ananya Kaur","Human Resources","September 2026 Payroll","2026-08-31T18:30:00.000Z","2026-09-29T18:30:00.000Z","91180.00","5670.80","85509.20","Draft","Draft","","2026-09-05T15:01:43.161Z"
"473","EMP-3BCB82","Neha Kulkarni","Engineering","September 2026 Payroll","2026-08-31T18:30:00.000Z","2026-09-29T18:30:00.000Z","90210.00","5612.60","84597.40","Draft","Draft","","2026-09-05T15:01:43.161Z"
"472","EMP-237A46","Pooja Gupta","Marketing & Sales","September 2026 Payroll","2026-08-31T18:30:00.000Z","2026-09-29T18:30:00.000Z","89240.00","5554.40","83685.60","Draft","Draft","","2026-09-05T15:01:43.161Z"
"471","EMP-007415","Siddharth Banerjee","Engineering","September 2026 Payroll","2026-08-31T18:30:00.000Z","2026-09-29T18:30:00.000Z","88270.00","5496.20","82773.80","Draft","Draft","","2026-09-05T15:01:43.161Z"
"470","EMP-EBBBB3","Siddharth Joshi","Human Resources","September 2026 Payroll","2026-08-31T18:30:00.000Z","2026-09-29T18:30:00.000Z","87300.00","5438.00","81862.00","Draft","Draft","","2026-09-05T15:01:43.161Z"
"469","EMP-B39B2F","Vivaan Chauhan","Marketing & Sales","September 2026 Payroll","2026-08-31T18:30:00.000Z","2026-09-29T18:30:00.000Z","86330.00","5379.80","80950.20","Draft","Draft","","2026-09-05T15:01:43.161Z"
"468","EMP-2C41F3","Pooja Agarwal","Human Resources","September 2026 Payroll","2026-08-31T18:30:00.000Z","2026-09-29T18:30:00.000Z","85360.00","5321.60","80038.40","Draft","Draft","","2026-09-05T15:01:43.161Z"
"467","EMP-352914","Varun Pillai","Marketing & Sales","September 2026 Payroll","2026-08-31T18:30:00.000Z","2026-09-29T18:30:00.000Z","84390.00","5263.40","79126.60","Draft","Draft","","2026-09-05T15:01:43.161Z"
"466","EMP-07509A","Varun Shah","Human Resources","September 2026 Payroll","2026-08-31T18:30:00.000Z","2026-09-29T18:30:00.000Z","83420.00","5205.20","78214.80","Draft","Draft","","2026-09-05T15:01:43.161Z"
"465","EMP-A7011A","Meera Agarwal","Engineering","September 2026 Payroll","2026-08-31T18:30:00.000Z","2026-09-29T18:30:00.000Z","82450.00","5147.00","77303.00","Draft","Draft","","2026-09-05T15:01:43.161Z"
"464","EMP-2B423B","Rohan Krishnan","Human Resources","September 2026 Payroll","2026-08-31T18:30:00.000Z","2026-09-29T18:30:00.000Z","81480.00","5088.80","76391.20","Draft","Draft","","2026-09-05T15:01:43.161Z"
"463","EMP-A34F0C","Gaurav Chatterjee","Engineering","September 2026 Payroll","2026-08-31T18:30:00.000Z","2026-09-29T18:30:00.000Z","80510.00","5030.60","75479.40","Draft","Draft","","2026-09-05T15:01:43.161Z"
"462","EMP-593F92","Ayaan Menon","Finance","September 2026 Payroll","2026-08-31T18:30:00.000Z","2026-09-29T18:30:00.000Z","79540.00","4972.40","74567.60","Draft","Draft","","2026-09-05T15:01:43.161Z"
"461","EMP-33CA16","Rahul Sengupta","Human Resources","September 2026 Payroll","2026-08-31T18:30:00.000Z","2026-09-29T18:30:00.000Z","78570.00","4914.20","73655.80","Draft","Draft","","2026-09-05T15:01:43.161Z"
"460","EMP-63FFD0","Rahul Das","Finance","September 2026 Payroll","2026-08-31T18:30:00.000Z","2026-09-29T18:30:00.000Z","77600.00","4856.00","72744.00","Draft","Draft","","2026-09-05T15:01:43.161Z"
"459","EMP-0C09F1","Reyansh Sharma","Human Resources","September 2026 Payroll","2026-08-31T18:30:00.000Z","2026-09-29T18:30:00.000Z","76630.00","4797.80","71832.20","Draft","Draft","","2026-09-05T15:01:43.161Z"
"458","EMP-E64FD0","Ananya Chopra","Human Resources","September 2026 Payroll","2026-08-31T18:30:00.000Z","2026-09-29T18:30:00.000Z","75660.00","4739.60","70920.40","Draft","Draft","","2026-09-05T15:01:43.161Z"
"457","EMP-0DAABA","Neha Chatterjee","Finance","September 2026 Payroll","2026-08-31T18:30:00.000Z","2026-09-29T18:30:00.000Z","74690.00","4681.40","70008.60","Draft","Draft","","2026-09-05T15:01:43.161Z"
"456","EMP-769127","Simran Trivedi","Engineering","September 2026 Payroll","2026-08-31T18:30:00.000Z","2026-09-29T18:30:00.000Z","73720.00","4623.20","69096.80","Draft","Draft","","2026-09-05T15:01:43.161Z"
"455","EMP-28C386","Krishna Menon","Marketing & Sales","September 2026 Payroll","2026-08-31T18:30:00.000Z","2026-09-29T18:30:00.000Z","72750.00","4565.00","68185.00","Draft","Draft","","2026-09-05T15:01:43.161Z"
"454","EMP-4230E9","Kavya Banerjee","Marketing & Sales","September 2026 Payroll","2026-08-31T18:30:00.000Z","2026-09-29T18:30:00.000Z","71780.00","4506.80","67273.20","Draft","Draft","","2026-09-05T15:01:43.161Z"
"453","EMP-C7FBCE","Shreya Trivedi","Engineering","September 2026 Payroll","2026-08-31T18:30:00.000Z","2026-09-29T18:30:00.000Z","70810.00","4448.60","66361.40","Draft","Draft","","2026-09-05T15:01:43.161Z"
"452","EMP-E5316F","Meera Joshi","Finance","September 2026 Payroll","2026-08-31T18:30:00.000Z","2026-09-29T18:30:00.000Z","69840.00","4390.40","65449.60","Draft","Draft","","2026-09-05T15:01:43.161Z"
"451","EMP-A771AB","Krishna Pandey","Marketing & Sales","September 2026 Payroll","2026-08-31T18:30:00.000Z","2026-09-29T18:30:00.000Z","68870.00","4332.20","64537.80","Draft","Draft","","2026-09-05T15:01:43.161Z"
"450","EMP-7E296F","Siddharth Kulkarni","Engineering","September 2026 Payroll","2026-08-31T18:30:00.000Z","2026-09-29T18:30:00.000Z","67900.00","4274.00","63626.00","Draft","Draft","","2026-09-05T15:01:43.161Z"
"449","EMP-6B6E3D","Krishna Sengupta","Finance","September 2026 Payroll","2026-08-31T18:30:00.000Z","2026-09-29T18:30:00.000Z","66930.00","4215.80","62714.20","Draft","Draft","","2026-09-05T15:01:43.161Z"
"448","EMP-49902F","Anjali Sengupta","Finance","September 2026 Payroll","2026-08-31T18:30:00.000Z","2026-09-29T18:30:00.000Z","65960.00","4157.60","61802.40","Draft","Draft","","2026-09-05T15:01:43.161Z"
"447","EMP-04DC66","Deepak Bansal","Human Resources","September 2026 Payroll","2026-08-31T18:30:00.000Z","2026-09-29T18:30:00.000Z","64990.00","4099.40","60890.60","Draft","Draft","","2026-09-05T15:01:43.161Z"
"446","EMP-821759","Kavya Bansal","Marketing & Sales","September 2026 Payroll","2026-08-31T18:30:00.000Z","2026-09-29T18:30:00.000Z","64020.00","4041.20","59978.80","Draft","Draft","","2026-09-05T15:01:43.161Z"
"445","EMP-C9D423","Neha Gupta","Finance","September 2026 Payroll","2026-08-31T18:30:00.000Z","2026-09-29T18:30:00.000Z","63050.00","3983.00","59067.00","Draft","Draft","","2026-09-05T15:01:43.161Z"
"444","EMP-0032EB","Nikhil Chauhan","Finance","September 2026 Payroll","2026-08-31T18:30:00.000Z","2026-09-29T18:30:00.000Z","62080.00","3924.80","58155.20","Draft","Draft","","2026-09-05T15:01:43.161Z"
"443","EMP-633EC5","Naveen Iyer","Marketing & Sales","September 2026 Payroll","2026-08-31T18:30:00.000Z","2026-09-29T18:30:00.000Z","61110.00","3866.60","57243.40","Draft","Draft","","2026-09-05T15:01:43.161Z"
"442","EMP-5FC753","Siddharth Reddy","Human Resources","September 2026 Payroll","2026-08-31T18:30:00.000Z","2026-09-29T18:30:00.000Z","60140.00","3808.40","56331.60","Draft","Draft","","2026-09-05T15:01:43.161Z"
"441","EMP-D37FDD","Nikhil Mishra","Engineering","September 2026 Payroll","2026-08-31T18:30:00.000Z","2026-09-29T18:30:00.000Z","59170.00","3750.20","55419.80","Draft","Draft","","2026-09-05T15:01:43.161Z"
"440","EMP-487FAF","Deepak Bhatia","Human Resources","September 2026 Payroll","2026-08-31T18:30:00.000Z","2026-09-29T18:30:00.000Z","58200.00","3692.00","54508.00","Draft","Draft","","2026-09-05T15:01:43.161Z"
"439","EMP-CAB3DA","Kabir Verma","Engineering","September 2026 Payroll","2026-08-31T18:30:00.000Z","2026-09-29T18:30:00.000Z","57230.00","3633.80","53596.20","Draft","Draft","","2026-09-05T15:01:43.161Z"
"438","EMP-FB4A53","Pooja Bansal","Finance","September 2026 Payroll","2026-08-31T18:30:00.000Z","2026-09-29T18:30:00.000Z","56260.00","3575.60","52684.40","Draft","Draft","","2026-09-05T15:01:43.161Z"
"437","EMP-1A3F5F","Shreya Deshmukh","Engineering","September 2026 Payroll","2026-08-31T18:30:00.000Z","2026-09-29T18:30:00.000Z","55290.00","3517.40","51772.60","Draft","Draft","","2026-09-05T15:01:43.161Z"
"436","EMP-414629","Ishaan Shah","Finance","September 2026 Payroll","2026-08-31T18:30:00.000Z","2026-09-29T18:30:00.000Z","54320.00","3459.20","50860.80","Draft","Draft","","2026-09-05T15:01:43.161Z"
"435","EMP-B9CB81","Sai Mehta","Human Resources","September 2026 Payroll","2026-08-31T18:30:00.000Z","2026-09-29T18:30:00.000Z","53350.00","3401.00","49949.00","Draft","Draft","","2026-09-05T15:01:43.161Z"
"434","EMP-C290EE","Amit Verma","Engineering","September 2026 Payroll","2026-08-31T18:30:00.000Z","2026-09-29T18:30:00.000Z","97000.00","6020.00","90980.00","Draft","Draft","","2026-09-05T15:01:43.161Z"
"433","EMP-31A68C","Krishna Chatterjee","Finance","September 2026 Payroll","2026-08-31T18:30:00.000Z","2026-09-29T18:30:00.000Z","96030.00","5961.80","90068.20","Draft","Draft","","2026-09-05T15:01:43.161Z"
"432","EMP-BD481C","Sanjay Rao","Human Resources","September 2026 Payroll","2026-08-31T18:30:00.000Z","2026-09-29T18:30:00.000Z","95060.00","5903.60","89156.40","Draft","Draft","","2026-09-05T15:01:43.161Z"
"431","EMP-B55DE9","Naveen Trivedi","Engineering","September 2026 Payroll","2026-08-31T18:30:00.000Z","2026-09-29T18:30:00.000Z","94090.00","5845.40","88244.60","Draft","Draft","","2026-09-05T15:01:43.161Z"
"430","EMP-5C5A2C","Sai Agarwal","Marketing & Sales","September 2026 Payroll","2026-08-31T18:30:00.000Z","2026-09-29T18:30:00.000Z","93120.00","5787.20","87332.80","Draft","Draft","","2026-09-05T15:01:43.161Z"
"429","EMP-EDD910","Naveen Agarwal","Marketing & Sales","September 2026 Payroll","2026-08-31T18:30:00.000Z","2026-09-29T18:30:00.000Z","92150.00","5729.00","86421.00","Draft","Draft","","2026-09-05T15:01:43.161Z"
"428","EMP-FDABCC","Isha Rathore","Engineering","September 2026 Payroll","2026-08-31T18:30:00.000Z","2026-09-29T18:30:00.000Z","91180.00","5670.80","85509.20","Draft","Draft","","2026-09-05T15:01:43.161Z"
"427","EMP-ABFDB9","Aarav Reddy","Finance","September 2026 Payroll","2026-08-31T18:30:00.000Z","2026-09-29T18:30:00.000Z","90210.00","5612.60","84597.40","Draft","Draft","","2026-09-05T15:01:43.161Z"
"426","EMP-BDF979","Rahul Bose","Finance","September 2026 Payroll","2026-08-31T18:30:00.000Z","2026-09-29T18:30:00.000Z","89240.00","5554.40","83685.60","Draft","Draft","","2026-09-05T15:01:43.161Z"
"425","EMP-010161","Isha Krishnan","Finance","September 2026 Payroll","2026-08-31T18:30:00.000Z","2026-09-29T18:30:00.000Z","88270.00","5496.20","82773.80","Draft","Draft","","2026-09-05T15:01:43.161Z"
"424","EMP-BEE951","Amit Kulkarni","Finance","September 2026 Payroll","2026-08-31T18:30:00.000Z","2026-09-29T18:30:00.000Z","87300.00","5438.00","81862.00","Draft","Draft","","2026-09-05T15:01:43.161Z"
"423","EMP-D21DA7","Nikhil Reddy","Finance","September 2026 Payroll","2026-08-31T18:30:00.000Z","2026-09-29T18:30:00.000Z","86330.00","5379.80","80950.20","Draft","Draft","","2026-09-05T15:01:43.161Z"
"422","EMP-304B6F","Ishaan Iyer","Marketing & Sales","September 2026 Payroll","2026-08-31T18:30:00.000Z","2026-09-29T18:30:00.000Z","85360.00","5321.60","80038.40","Draft","Draft","","2026-09-05T15:01:43.161Z"
"421","EMP-465F89","Siddharth Rathore","Finance","September 2026 Payroll","2026-08-31T18:30:00.000Z","2026-09-29T18:30:00.000Z","84390.00","5263.40","79126.60","Draft","Draft","","2026-09-05T15:01:43.161Z"
"420","EMP-9F4A66","Nisha Chopra","Engineering","September 2026 Payroll","2026-08-31T18:30:00.000Z","2026-09-29T18:30:00.000Z","83420.00","5205.20","78214.80","Draft","Draft","","2026-09-05T15:01:43.161Z"
"419","EMP-C362EF","Nikhil Pandey","Engineering","September 2026 Payroll","2026-08-31T18:30:00.000Z","2026-09-29T18:30:00.000Z","82450.00","5147.00","77303.00","Draft","Draft","","2026-09-05T15:01:43.161Z"
"418","EMP-DF76DB","Ananya Menon","Human Resources","September 2026 Payroll","2026-08-31T18:30:00.000Z","2026-09-29T18:30:00.000Z","81480.00","5088.80","76391.20","Draft","Draft","","2026-09-05T15:01:43.161Z"
"417","EMP-AFEE5B","Nisha Chatterjee","Finance","September 2026 Payroll","2026-08-31T18:30:00.000Z","2026-09-29T18:30:00.000Z","80510.00","5030.60","75479.40","Draft","Draft","","2026-09-05T15:01:43.161Z"
"416","EMP-9DE65A","Sai Pandey","Human Resources","September 2026 Payroll","2026-08-31T18:30:00.000Z","2026-09-29T18:30:00.000Z","79540.00","4972.40","74567.60","Draft","Draft","","2026-09-05T15:01:43.161Z"
"415","EMP-373BCD","Vivaan Ghosh","Marketing & Sales","September 2026 Payroll","2026-08-31T18:30:00.000Z","2026-09-29T18:30:00.000Z","78570.00","4914.20","73655.80","Draft","Draft","","2026-09-05T15:01:43.161Z"
"414","EMP-63B1D1","Riya Krishnan","Finance","September 2026 Payroll","2026-08-31T18:30:00.000Z","2026-09-29T18:30:00.000Z","77600.00","4856.00","72744.00","Draft","Draft","","2026-09-05T15:01:43.161Z"
"413","EMP-A9E145","Neha Kapoor","Human Resources","September 2026 Payroll","2026-08-31T18:30:00.000Z","2026-09-29T18:30:00.000Z","76630.00","4797.80","71832.20","Draft","Draft","","2026-09-05T15:01:43.161Z"
"412","EMP-8D4B72","Aditya Shah","Marketing & Sales","September 2026 Payroll","2026-08-31T18:30:00.000Z","2026-09-29T18:30:00.000Z","75660.00","4739.60","70920.40","Draft","Draft","","2026-09-05T15:01:43.161Z"
"411","EMP-27173F","Sanjay Agarwal","Human Resources","September 2026 Payroll","2026-08-31T18:30:00.000Z","2026-09-29T18:30:00.000Z","74690.00","4681.40","70008.60","Draft","Draft","","2026-09-05T15:01:43.161Z"
"410","EMP-DECF50","Nisha Joshi","Marketing & Sales","September 2026 Payroll","2026-08-31T18:30:00.000Z","2026-09-29T18:30:00.000Z","73720.00","4623.20","69096.80","Draft","Draft","","2026-09-05T15:01:43.161Z"
"409","EMP-334E8F","Aarav Ghosh","Human Resources","September 2026 Payroll","2026-08-31T18:30:00.000Z","2026-09-29T18:30:00.000Z","72750.00","4565.00","68185.00","Draft","Draft","","2026-09-05T15:01:43.161Z"
"408","EMP-43F6C1","Ishaan Malhotra","Human Resources","September 2026 Payroll","2026-08-31T18:30:00.000Z","2026-09-29T18:30:00.000Z","71780.00","4506.80","67273.20","Draft","Draft","","2026-09-05T15:01:43.161Z"
"407","EMP-85224C","Kavya Reddy","Marketing & Sales","September 2026 Payroll","2026-08-31T18:30:00.000Z","2026-09-29T18:30:00.000Z","70810.00","4448.60","66361.40","Draft","Draft","","2026-09-05T15:01:43.161Z"
"406","EMP-14F1B9","Neha Verma","Marketing & Sales","September 2026 Payroll","2026-08-31T18:30:00.000Z","2026-09-29T18:30:00.000Z","69840.00","4390.40","65449.60","Draft","Draft","","2026-09-05T15:01:43.161Z"
"405","EMP-29137D","Nisha Saxena","Finance","September 2026 Payroll","2026-08-31T18:30:00.000Z","2026-09-29T18:30:00.000Z","68870.00","4332.20","64537.80","Draft","Draft","","2026-09-05T15:01:43.161Z"
"404","EMP-46D710","Naveen Rao","Engineering","September 2026 Payroll","2026-08-31T18:30:00.000Z","2026-09-29T18:30:00.000Z","67900.00","4274.00","63626.00","Draft","Draft","","2026-09-05T15:01:43.161Z"
"403","EMP-9753BA","Aditya Pandey","Finance","September 2026 Payroll","2026-08-31T18:30:00.000Z","2026-09-29T18:30:00.000Z","66930.00","4215.80","62714.20","Draft","Draft","","2026-09-05T15:01:43.161Z"
"402","EMP-B030CD","Shreya Deshmukh","Finance","September 2026 Payroll","2026-08-31T18:30:00.000Z","2026-09-29T18:30:00.000Z","65960.00","4157.60","61802.40","Draft","Draft","","2026-09-05T15:01:43.161Z"
"401","EMP-54A415","Kabir Pandey","Marketing & Sales","September 2026 Payroll","2026-08-31T18:30:00.000Z","2026-09-29T18:30:00.000Z","64990.00","4099.40","60890.60","Draft","Draft","","2026-09-05T15:01:43.161Z"
"400","EMP-B0A6B8","Kavya Bose","Finance","September 2026 Payroll","2026-08-31T18:30:00.000Z","2026-09-29T18:30:00.000Z","64020.00","4041.20","59978.80","Draft","Draft","","2026-09-05T15:01:43.161Z"
"399","EMP-363EFE","Nisha Kapoor","Human Resources","September 2026 Payroll","2026-08-31T18:30:00.000Z","2026-09-29T18:30:00.000Z","63050.00","3983.00","59067.00","Draft","Draft","","2026-09-05T15:01:43.161Z"
"398","EMP-190639","Meera Malhotra","Engineering","September 2026 Payroll","2026-08-31T18:30:00.000Z","2026-09-29T18:30:00.000Z","62080.00","3924.80","58155.20","Draft","Draft","","2026-09-05T15:01:43.161Z"
"397","EMP-3CA43C","Deepak Das","Marketing & Sales","September 2026 Payroll","2026-08-31T18:30:00.000Z","2026-09-29T18:30:00.000Z","61110.00","3866.60","57243.40","Draft","Draft","","2026-09-05T15:01:43.161Z"
"396","EMP-B87E01","Shreya Mehta","Marketing & Sales","September 2026 Payroll","2026-08-31T18:30:00.000Z","2026-09-29T18:30:00.000Z","60140.00","3808.40","56331.60","Draft","Draft","","2026-09-05T15:01:43.161Z"
"395","EMP-B70E93","Arjun Gupta","Engineering","September 2026 Payroll","2026-08-31T18:30:00.000Z","2026-09-29T18:30:00.000Z","59170.00","3750.20","55419.80","Draft","Draft","","2026-09-05T15:01:43.161Z"
"394","EMP-A2063B","Simran Desai","Human Resources","September 2026 Payroll","2026-08-31T18:30:00.000Z","2026-09-29T18:30:00.000Z","58200.00","3692.00","54508.00","Draft","Draft","","2026-09-05T15:01:43.161Z"
"393","EMP-B11947","Reyansh Deshmukh","Marketing & Sales","September 2026 Payroll","2026-08-31T18:30:00.000Z","2026-09-29T18:30:00.000Z","57230.00","3633.80","53596.20","Draft","Draft","","2026-09-05T15:01:43.161Z"
"392","EMP-196CAC","Ayaan Rao","Engineering","September 2026 Payroll","2026-08-31T18:30:00.000Z","2026-09-29T18:30:00.000Z","56260.00","3575.60","52684.40","Draft","Draft","","2026-09-05T15:01:43.161Z"
"391","EMP-185D9A","Manish Gupta","Finance","September 2026 Payroll","2026-08-31T18:30:00.000Z","2026-09-29T18:30:00.000Z","55290.00","3517.40","51772.60","Draft","Draft","","2026-09-05T15:01:43.161Z"
"390","EMP-4B7CD5","Kavya Shah","Human Resources","September 2026 Payroll","2026-08-31T18:30:00.000Z","2026-09-29T18:30:00.000Z","54320.00","3459.20","50860.80","Draft","Draft","","2026-09-05T15:01:43.161Z"
"389","EMP-C405C7","Arjun Sengupta","Marketing & Sales","September 2026 Payroll","2026-08-31T18:30:00.000Z","2026-09-29T18:30:00.000Z","53350.00","3401.00","49949.00","Draft","Draft","","2026-09-05T15:01:43.161Z"
"388","EMP-2CDEBE","Krishna Menon","Engineering","September 2026 Payroll","2026-08-31T18:30:00.000Z","2026-09-29T18:30:00.000Z","97000.00","6020.00","90980.00","Draft","Draft","","2026-09-05T15:01:43.161Z"
"387","EMP-F998DD","Nisha Tiwari","Human Resources","September 2026 Payroll","2026-08-31T18:30:00.000Z","2026-09-29T18:30:00.000Z","96030.00","5961.80","90068.20","Draft","Draft","","2026-09-05T15:01:43.161Z"
"386","EMP-B2ABBD","Pooja Sengupta","Human Resources","September 2026 Payroll","2026-08-31T18:30:00.000Z","2026-09-29T18:30:00.000Z","95060.00","5903.60","89156.40","Draft","Draft","","2026-09-05T15:01:43.161Z"
"385","EMP-7F2E45","Riya Bose","Engineering","September 2026 Payroll","2026-08-31T18:30:00.000Z","2026-09-29T18:30:00.000Z","94090.00","5845.40","88244.60","Draft","Draft","","2026-09-05T15:01:43.161Z"
"384","EMP-884FC9","Reyansh Chopra","Engineering","September 2026 Payroll","2026-08-31T18:30:00.000Z","2026-09-29T18:30:00.000Z","93120.00","5787.20","87332.80","Draft","Draft","","2026-09-05T15:01:43.161Z"
"383","EMP-3EB8C2","Sanjay Yadav","Human Resources","September 2026 Payroll","2026-08-31T18:30:00.000Z","2026-09-29T18:30:00.000Z","92150.00","5729.00","86421.00","Draft","Draft","","2026-09-05T15:01:43.161Z"
"382","EMP-D4B583","Shreya Iyer","Finance","September 2026 Payroll","2026-08-31T18:30:00.000Z","2026-09-29T18:30:00.000Z","91180.00","5670.80","85509.20","Draft","Draft","","2026-09-05T15:01:43.161Z"
"381","EMP-F00A1D","Kabir Desai","Marketing & Sales","September 2026 Payroll","2026-08-31T18:30:00.000Z","2026-09-29T18:30:00.000Z","90210.00","5612.60","84597.40","Draft","Draft","","2026-09-05T15:01:43.161Z"
"380","EMP-E14561","Nikhil Chauhan","Marketing & Sales","September 2026 Payroll","2026-08-31T18:30:00.000Z","2026-09-29T18:30:00.000Z","89240.00","5554.40","83685.60","Draft","Draft","","2026-09-05T15:01:43.161Z"
"379","EMP-C077C9","Aarav Bhatia","Marketing & Sales","September 2026 Payroll","2026-08-31T18:30:00.000Z","2026-09-29T18:30:00.000Z","88270.00","5496.20","82773.80","Draft","Draft","","2026-09-05T15:01:43.161Z"
"378","EMP-729B37","Shreya Pandey","Finance","September 2026 Payroll","2026-08-31T18:30:00.000Z","2026-09-29T18:30:00.000Z","87300.00","5438.00","81862.00","Draft","Draft","","2026-09-05T15:01:43.161Z"
"377","EMP-C9DB6F","Nisha Bhatt","Human Resources","September 2026 Payroll","2026-08-31T18:30:00.000Z","2026-09-29T18:30:00.000Z","86330.00","5379.80","80950.20","Draft","Draft","","2026-09-05T15:01:43.161Z"
"376","EMP-C12C94","Ananya Yadav","Engineering","September 2026 Payroll","2026-08-31T18:30:00.000Z","2026-09-29T18:30:00.000Z","85360.00","5321.60","80038.40","Draft","Draft","","2026-09-05T15:01:43.161Z"
"375","EMP-F9A332","Meera Ghosh","Finance","September 2026 Payroll","2026-08-31T18:30:00.000Z","2026-09-29T18:30:00.000Z","84390.00","5263.40","79126.60","Draft","Draft","","2026-09-05T15:01:43.161Z"
"374","EMP-DA36F1","Vihaan Desai","Finance","September 2026 Payroll","2026-08-31T18:30:00.000Z","2026-09-29T18:30:00.000Z","83420.00","5205.20","78214.80","Draft","Draft","","2026-09-05T15:01:43.161Z"
"373","EMP-CD10FE","Kavya Yadav","Finance","September 2026 Payroll","2026-08-31T18:30:00.000Z","2026-09-29T18:30:00.000Z","82450.00","5147.00","77303.00","Draft","Draft","","2026-09-05T15:01:43.161Z"
"372","EMP-219061","Anjali Yadav","Marketing & Sales","September 2026 Payroll","2026-08-31T18:30:00.000Z","2026-09-29T18:30:00.000Z","81480.00","5088.80","76391.20","Draft","Draft","","2026-09-05T15:01:43.161Z"
"371","EMP-2DB9E9","Sneha Chatterjee","Finance","September 2026 Payroll","2026-08-31T18:30:00.000Z","2026-09-29T18:30:00.000Z","80510.00","5030.60","75479.40","Draft","Draft","","2026-09-05T15:01:43.161Z"
"370","EMP-3868B5","Sneha Kaur","Marketing & Sales","September 2026 Payroll","2026-08-31T18:30:00.000Z","2026-09-29T18:30:00.000Z","79540.00","4972.40","74567.60","Draft","Draft","","2026-09-05T15:01:43.161Z"
"369","EMP-4014FF","Vivaan Bhatia","Human Resources","September 2026 Payroll","2026-08-31T18:30:00.000Z","2026-09-29T18:30:00.000Z","78570.00","4914.20","73655.80","Draft","Draft","","2026-09-05T15:01:43.161Z"
"368","EMP-3AC246","Deepak Rathore","Finance","September 2026 Payroll","2026-08-31T18:30:00.000Z","2026-09-29T18:30:00.000Z","77600.00","4856.00","72744.00","Draft","Draft","","2026-09-05T15:01:43.161Z"
"367","EMP-FCCC73","Kabir Pandey","Marketing & Sales","September 2026 Payroll","2026-08-31T18:30:00.000Z","2026-09-29T18:30:00.000Z","76630.00","4797.80","71832.20","Draft","Draft","","2026-09-05T15:01:43.161Z"
"366","EMP-2BB817","Riya Pandey","Finance","September 2026 Payroll","2026-08-31T18:30:00.000Z","2026-09-29T18:30:00.000Z","75660.00","4739.60","70920.40","Draft","Draft","","2026-09-05T15:01:43.161Z"
"365","EMP-4BB327","Reyansh Desai","Finance","September 2026 Payroll","2026-08-31T18:30:00.000Z","2026-09-29T18:30:00.000Z","74690.00","4681.40","70008.60","Draft","Draft","","2026-09-05T15:01:43.161Z"
"364","EMP-4CC9C8","Amit Chatterjee","Engineering","September 2026 Payroll","2026-08-31T18:30:00.000Z","2026-09-29T18:30:00.000Z","73720.00","4623.20","69096.80","Draft","Draft","","2026-09-05T15:01:43.161Z"
"363","EMP-728205","Neha Desai","Finance","September 2026 Payroll","2026-08-31T18:30:00.000Z","2026-09-29T18:30:00.000Z","72750.00","4565.00","68185.00","Draft","Draft","","2026-09-05T15:01:43.161Z"
"362","EMP-D12354","Gaurav Bhatt","Finance","September 2026 Payroll","2026-08-31T18:30:00.000Z","2026-09-29T18:30:00.000Z","71780.00","4506.80","67273.20","Draft","Draft","","2026-09-05T15:01:43.161Z"
"361","EMP-896B0D","Riya Bansal","Marketing & Sales","September 2026 Payroll","2026-08-31T18:30:00.000Z","2026-09-29T18:30:00.000Z","70810.00","4448.60","66361.40","Draft","Draft","","2026-09-05T15:01:43.161Z"
"360","EMP-7B0395","Ayaan Ghosh","Finance","September 2026 Payroll","2026-08-31T18:30:00.000Z","2026-09-29T18:30:00.000Z","69840.00","4390.40","65449.60","Draft","Draft","","2026-09-05T15:01:43.161Z"
"359","EMP-BD3339","Aryan Kapoor","Engineering","September 2026 Payroll","2026-08-31T18:30:00.000Z","2026-09-29T18:30:00.000Z","68870.00","4332.20","64537.80","Draft","Draft","","2026-09-05T15:01:43.161Z"
"358","EMP-FED9BF","Ayaan Das","Marketing & Sales","September 2026 Payroll","2026-08-31T18:30:00.000Z","2026-09-29T18:30:00.000Z","67900.00","4274.00","63626.00","Draft","Draft","","2026-09-05T15:01:43.161Z"
"357","EMP-3AC409","Tanvi Sharma","Engineering","September 2026 Payroll","2026-08-31T18:30:00.000Z","2026-09-29T18:30:00.000Z","66930.00","4215.80","62714.20","Draft","Draft","","2026-09-05T15:01:43.161Z"
"356","EMP-58445B","Rahul Shah","Engineering","September 2026 Payroll","2026-08-31T18:30:00.000Z","2026-09-29T18:30:00.000Z","65960.00","4157.60","61802.40","Draft","Draft","","2026-09-05T15:01:43.161Z"
"355","EMP-6F7C5C","Aditya Ghosh","Human Resources","September 2026 Payroll","2026-08-31T18:30:00.000Z","2026-09-29T18:30:00.000Z","64990.00","4099.40","60890.60","Draft","Draft","","2026-09-05T15:01:43.161Z"
"354","EMP-977362","Dev Deshmukh","Engineering","September 2026 Payroll","2026-08-31T18:30:00.000Z","2026-09-29T18:30:00.000Z","64020.00","4041.20","59978.80","Draft","Draft","","2026-09-05T15:01:43.161Z"
"353","EMP-779822","Divya Tiwari","Human Resources","September 2026 Payroll","2026-08-31T18:30:00.000Z","2026-09-29T18:30:00.000Z","63050.00","3983.00","59067.00","Draft","Draft","","2026-09-05T15:01:43.161Z"
"352","EMP-299D2B","Krishna Deshmukh","Finance","September 2026 Payroll","2026-08-31T18:30:00.000Z","2026-09-29T18:30:00.000Z","62080.00","3924.80","58155.20","Draft","Draft","","2026-09-05T15:01:43.161Z"
"351","EMP-754829","Pooja Chatterjee","Finance","September 2026 Payroll","2026-08-31T18:30:00.000Z","2026-09-29T18:30:00.000Z","61110.00","3866.60","57243.40","Draft","Draft","","2026-09-05T15:01:43.161Z"
"350","EMP-23D32C","Sanjay Yadav","Human Resources","September 2026 Payroll","2026-08-31T18:30:00.000Z","2026-09-29T18:30:00.000Z","60140.00","3808.40","56331.60","Draft","Draft","","2026-09-05T15:01:43.161Z"
"349","EMP-B1E1C4","Nikhil Gupta","Human Resources","September 2026 Payroll","2026-08-31T18:30:00.000Z","2026-09-29T18:30:00.000Z","59170.00","3750.20","55419.80","Draft","Draft","","2026-09-05T15:01:43.161Z"
"348","EMP-8F2F80","Aryan Pandey","Human Resources","September 2026 Payroll","2026-08-31T18:30:00.000Z","2026-09-29T18:30:00.000Z","58200.00","3692.00","54508.00","Draft","Draft","","2026-09-05T15:01:43.161Z"
"347","EMP-186813","Karan Ghosh","Engineering","September 2026 Payroll","2026-08-31T18:30:00.000Z","2026-09-29T18:30:00.000Z","57230.00","3633.80","53596.20","Draft","Draft","","2026-09-05T15:01:43.161Z"
"346","EMP-0B3DD7","Sneha Pillai","Engineering","September 2026 Payroll","2026-08-31T18:30:00.000Z","2026-09-29T18:30:00.000Z","56260.00","3575.60","52684.40","Draft","Draft","","2026-09-05T15:01:43.161Z"
"345","EMP-79A6BD","Divya Pillai","Finance","September 2026 Payroll","2026-08-31T18:30:00.000Z","2026-09-29T18:30:00.000Z","55290.00","3517.40","51772.60","Draft","Draft","","2026-09-05T15:01:43.161Z"
"344","EMP-CEB2D1","Rahul Das","Finance","September 2026 Payroll","2026-08-31T18:30:00.000Z","2026-09-29T18:30:00.000Z","54320.00","3459.20","50860.80","Draft","Draft","","2026-09-05T15:01:43.161Z"
"343","EMP-C35DF4","Ayaan Reddy","Finance","September 2026 Payroll","2026-08-31T18:30:00.000Z","2026-09-29T18:30:00.000Z","53350.00","3401.00","49949.00","Draft","Draft","","2026-09-05T15:01:43.161Z"
"342","EMP-554886","Arjun Banerjee","Engineering","September 2026 Payroll","2026-08-31T18:30:00.000Z","2026-09-29T18:30:00.000Z","97000.00","6020.00","90980.00","Draft","Draft","","2026-09-05T15:01:43.161Z"
"341","EMP-0ADF2E","Divya Bhatia","Human Resources","September 2026 Payroll","2026-08-31T18:30:00.000Z","2026-09-29T18:30:00.000Z","96030.00","5961.80","90068.20","Draft","Draft","","2026-09-05T15:01:43.161Z"
"340","EMP-DD5A61","Reyansh Shah","Human Resources","September 2026 Payroll","2026-08-31T18:30:00.000Z","2026-09-29T18:30:00.000Z","95060.00","5903.60","89156.40","Draft","Draft","","2026-09-05T15:01:43.161Z"
"339","EMP-9B6E89","Manish Agarwal","Finance","September 2026 Payroll","2026-08-31T18:30:00.000Z","2026-09-29T18:30:00.000Z","94090.00","5845.40","88244.60","Draft","Draft","","2026-09-05T15:01:43.161Z"
"338","EMP-5EF5E5","Varun Ghosh","Engineering","September 2026 Payroll","2026-08-31T18:30:00.000Z","2026-09-29T18:30:00.000Z","93120.00","5787.20","87332.80","Draft","Draft","","2026-09-05T15:01:43.161Z"
"337","EMP-7A2A04","Karan Menon","Engineering","September 2026 Payroll","2026-08-31T18:30:00.000Z","2026-09-29T18:30:00.000Z","92150.00","5729.00","86421.00","Draft","Draft","","2026-09-05T15:01:43.161Z"
"336","EMP-47BB8E","Naveen Shah","Finance","September 2026 Payroll","2026-08-31T18:30:00.000Z","2026-09-29T18:30:00.000Z","91180.00","5670.80","85509.20","Draft","Draft","","2026-09-05T15:01:43.161Z"
"335","EMP-4A7545","Varun Kaur","Finance","September 2026 Payroll","2026-08-31T18:30:00.000Z","2026-09-29T18:30:00.000Z","90210.00","5612.60","84597.40","Draft","Draft","","2026-09-05T15:01:43.161Z"
"334","EMP-4629FD","Priya Menon","Engineering","September 2026 Payroll","2026-08-31T18:30:00.000Z","2026-09-29T18:30:00.000Z","89240.00","5554.40","83685.60","Draft","Draft","","2026-09-05T15:01:43.161Z"
"333","EMP-46A33D","Tanvi Pandey","Marketing & Sales","September 2026 Payroll","2026-08-31T18:30:00.000Z","2026-09-29T18:30:00.000Z","88270.00","5496.20","82773.80","Draft","Draft","","2026-09-05T15:01:43.161Z"
"332","EMP-9C1299","Aarav Bhatia","Human Resources","September 2026 Payroll","2026-08-31T18:30:00.000Z","2026-09-29T18:30:00.000Z","87300.00","5438.00","81862.00","Draft","Draft","","2026-09-05T15:01:43.161Z"
"331","EMP-68D7E7","Meera Ghosh","Human Resources","September 2026 Payroll","2026-08-31T18:30:00.000Z","2026-09-29T18:30:00.000Z","86330.00","5379.80","80950.20","Draft","Draft","","2026-09-05T15:01:43.161Z"
"330","EMP-87001D","Anjali Krishnan","Marketing & Sales","September 2026 Payroll","2026-08-31T18:30:00.000Z","2026-09-29T18:30:00.000Z","85360.00","5321.60","80038.40","Draft","Draft","","2026-09-05T15:01:43.161Z"
"329","EMP-6DC9C3","Divya Sengupta","Marketing & Sales","September 2026 Payroll","2026-08-31T18:30:00.000Z","2026-09-29T18:30:00.000Z","84390.00","5263.40","79126.60","Draft","Draft","","2026-09-05T15:01:43.161Z"
"328","EMP-20B9DC","Isha Kumar","Human Resources","September 2026 Payroll","2026-08-31T18:30:00.000Z","2026-09-29T18:30:00.000Z","83420.00","5205.20","78214.80","Draft","Draft","","2026-09-05T15:01:43.161Z"
"327","EMP-380E32","Kabir Kaur","Engineering","September 2026 Payroll","2026-08-31T18:30:00.000Z","2026-09-29T18:30:00.000Z","82450.00","5147.00","77303.00","Draft","Draft","","2026-09-05T15:01:43.161Z"
"326","EMP-C75932","Ananya Iyer","Engineering","September 2026 Payroll","2026-08-31T18:30:00.000Z","2026-09-29T18:30:00.000Z","81480.00","5088.80","76391.20","Draft","Draft","","2026-09-05T15:01:43.161Z"
"325","EMP-D60A23","Gaurav Kulkarni","Engineering","September 2026 Payroll","2026-08-31T18:30:00.000Z","2026-09-29T18:30:00.000Z","80510.00","5030.60","75479.40","Draft","Draft","","2026-09-05T15:01:43.161Z"
"324","EMP-1358A4","Sneha Yadav","Engineering","September 2026 Payroll","2026-08-31T18:30:00.000Z","2026-09-29T18:30:00.000Z","79540.00","4972.40","74567.60","Draft","Draft","","2026-09-05T15:01:43.161Z"
"323","EMP-6E7B98","Kabir Ghosh","Marketing & Sales","September 2026 Payroll","2026-08-31T18:30:00.000Z","2026-09-29T18:30:00.000Z","78570.00","4914.20","73655.80","Draft","Draft","","2026-09-05T15:01:43.161Z"
"322","EMP-DC4175","Arjun Bose","Finance","September 2026 Payroll","2026-08-31T18:30:00.000Z","2026-09-29T18:30:00.000Z","77600.00","4856.00","72744.00","Draft","Draft","","2026-09-05T15:01:43.161Z"
"321","EMP-A780D2","Priya Krishnan","Engineering","September 2026 Payroll","2026-08-31T18:30:00.000Z","2026-09-29T18:30:00.000Z","76630.00","4797.80","71832.20","Draft","Draft","","2026-09-05T15:01:43.161Z"
"320","EMP-83C86A","Riya Menon","Human Resources","September 2026 Payroll","2026-08-31T18:30:00.000Z","2026-09-29T18:30:00.000Z","75660.00","4739.60","70920.40","Draft","Draft","","2026-09-05T15:01:43.161Z"
"319","EMP-36ACC3","Varun Das","Marketing & Sales","September 2026 Payroll","2026-08-31T18:30:00.000Z","2026-09-29T18:30:00.000Z","74690.00","4681.40","70008.60","Draft","Draft","","2026-09-05T15:01:43.161Z"
"318","EMP-31C154","Rahul Nair","Marketing & Sales","September 2026 Payroll","2026-08-31T18:30:00.000Z","2026-09-29T18:30:00.000Z","73720.00","4623.20","69096.80","Draft","Draft","","2026-09-05T15:01:43.161Z"
"317","EMP-1C71D7","Vivaan Gupta","Human Resources","September 2026 Payroll","2026-08-31T18:30:00.000Z","2026-09-29T18:30:00.000Z","72750.00","4565.00","68185.00","Draft","Draft","","2026-09-05T15:01:43.161Z"
"316","EMP-3BDCA7","Krishna Kumar","Finance","September 2026 Payroll","2026-08-31T18:30:00.000Z","2026-09-29T18:30:00.000Z","71780.00","4506.80","67273.20","Draft","Draft","","2026-09-05T15:01:43.161Z"
"315","EMP-BA3D04","Nisha Reddy","Human Resources","September 2026 Payroll","2026-08-31T18:30:00.000Z","2026-09-29T18:30:00.000Z","70810.00","4448.60","66361.40","Draft","Draft","","2026-09-05T15:01:43.161Z"
"314","EMP-242D9D","Karan Pillai","Human Resources","September 2026 Payroll","2026-08-31T18:30:00.000Z","2026-09-29T18:30:00.000Z","69840.00","4390.40","65449.60","Draft","Draft","","2026-09-05T15:01:43.161Z"
"313","EMP-034BC9","Nisha Rathore","Engineering","September 2026 Payroll","2026-08-31T18:30:00.000Z","2026-09-29T18:30:00.000Z","68870.00","4332.20","64537.80","Draft","Draft","","2026-09-05T15:01:43.161Z"
"312","EMP-16F1F2","Vihaan Chatterjee","Finance","September 2026 Payroll","2026-08-31T18:30:00.000Z","2026-09-29T18:30:00.000Z","67900.00","4274.00","63626.00","Draft","Draft","","2026-09-05T15:01:43.161Z"
"311","EMP-3ABC1F","Krishna Trivedi","Marketing & Sales","September 2026 Payroll","2026-08-31T18:30:00.000Z","2026-09-29T18:30:00.000Z","66930.00","4215.80","62714.20","Draft","Draft","","2026-09-05T15:01:43.161Z"
"310","EMP-06D6D7","Krishna Trivedi","Marketing & Sales","September 2026 Payroll","2026-08-31T18:30:00.000Z","2026-09-29T18:30:00.000Z","65960.00","4157.60","61802.40","Draft","Draft","","2026-09-05T15:01:43.161Z"
"309","EMP-F7C116","Sai Sharma","Marketing & Sales","September 2026 Payroll","2026-08-31T18:30:00.000Z","2026-09-29T18:30:00.000Z","64990.00","4099.40","60890.60","Draft","Draft","","2026-09-05T15:01:43.161Z"
"308","EMP-99DA86","Riya Mehta","Engineering","September 2026 Payroll","2026-08-31T18:30:00.000Z","2026-09-29T18:30:00.000Z","64020.00","4041.20","59978.80","Draft","Draft","","2026-09-05T15:01:43.161Z"
"307","EMP-ADADC1","Kabir Trivedi","Marketing & Sales","September 2026 Payroll","2026-08-31T18:30:00.000Z","2026-09-29T18:30:00.000Z","63050.00","3983.00","59067.00","Draft","Draft","","2026-09-05T15:01:43.161Z"
"306","EMP-C6D3B0","Arjun Iyer","Marketing & Sales","September 2026 Payroll","2026-08-31T18:30:00.000Z","2026-09-29T18:30:00.000Z","62080.00","3924.80","58155.20","Draft","Draft","","2026-09-05T15:01:43.161Z"
"305","EMP-1F7DE5","Amit Bose","Marketing & Sales","September 2026 Payroll","2026-08-31T18:30:00.000Z","2026-09-29T18:30:00.000Z","61110.00","3866.60","57243.40","Draft","Draft","","2026-09-05T15:01:43.161Z"
"304","EMP-51758D","Priya Chopra","Human Resources","September 2026 Payroll","2026-08-31T18:30:00.000Z","2026-09-29T18:30:00.000Z","60140.00","3808.40","56331.60","Draft","Draft","","2026-09-05T15:01:43.161Z"
"303","EMP-DB59A5","Isha Malhotra","Finance","September 2026 Payroll","2026-08-31T18:30:00.000Z","2026-09-29T18:30:00.000Z","59170.00","3750.20","55419.80","Draft","Draft","","2026-09-05T15:01:43.161Z"
"302","EMP-288B30","Divya Rao","Human Resources","September 2026 Payroll","2026-08-31T18:30:00.000Z","2026-09-29T18:30:00.000Z","58200.00","3692.00","54508.00","Draft","Draft","","2026-09-05T15:01:43.161Z"
"301","EMP-18C787","Nikhil Banerjee","Human Resources","September 2026 Payroll","2026-08-31T18:30:00.000Z","2026-09-29T18:30:00.000Z","57230.00","3633.80","53596.20","Draft","Draft","","2026-09-05T15:01:43.161Z"
"300","EMP-AEECBA","Rohan Bhatt","Finance","September 2026 Payroll","2026-08-31T18:30:00.000Z","2026-09-29T18:30:00.000Z","56260.00","3575.60","52684.40","Draft","Draft","","2026-09-05T15:01:43.161Z"
"299","EMP-7FD731","Deepak Ghosh","Engineering","September 2026 Payroll","2026-08-31T18:30:00.000Z","2026-09-29T18:30:00.000Z","55290.00","3517.40","51772.60","Draft","Draft","","2026-09-05T15:01:43.161Z"
"298","EMP-A2FF2A","Rahul Reddy","Marketing & Sales","September 2026 Payroll","2026-08-31T18:30:00.000Z","2026-09-29T18:30:00.000Z","54320.00","3459.20","50860.80","Draft","Draft","","2026-09-05T15:01:43.161Z"
"297","EMP-FFCBB7","Riya Malhotra","Marketing & Sales","September 2026 Payroll","2026-08-31T18:30:00.000Z","2026-09-29T18:30:00.000Z","53350.00","3401.00","49949.00","Draft","Draft","","2026-09-05T15:01:43.161Z"
"296","EMP-2A9D2A","Nikhil Chatterjee","Human Resources","September 2026 Payroll","2026-08-31T18:30:00.000Z","2026-09-29T18:30:00.000Z","97000.00","6020.00","90980.00","Draft","Draft","","2026-09-05T15:01:43.161Z"
"295","EMP-FC3880","Pooja Pillai","Engineering","September 2026 Payroll","2026-08-31T18:30:00.000Z","2026-09-29T18:30:00.000Z","96030.00","5961.80","90068.20","Draft","Draft","","2026-09-05T15:01:43.161Z"
"294","EMP-32F7E7","Gaurav Pandey","Human Resources","September 2026 Payroll","2026-08-31T18:30:00.000Z","2026-09-29T18:30:00.000Z","95060.00","5903.60","89156.40","Draft","Draft","","2026-09-05T15:01:43.161Z"
"293","EMP-AC6A7A","Gaurav Bansal","Finance","September 2026 Payroll","2026-08-31T18:30:00.000Z","2026-09-29T18:30:00.000Z","94090.00","5845.40","88244.60","Draft","Draft","","2026-09-05T15:01:43.161Z"
"292","EMP-782D89","Arjun Deshmukh","Engineering","September 2026 Payroll","2026-08-31T18:30:00.000Z","2026-09-29T18:30:00.000Z","93120.00","5787.20","87332.80","Draft","Draft","","2026-09-05T15:01:43.161Z"
"291","EMP-7E71AD","Krishna Nair","Finance","September 2026 Payroll","2026-08-31T18:30:00.000Z","2026-09-29T18:30:00.000Z","92150.00","5729.00","86421.00","Draft","Draft","","2026-09-05T15:01:43.161Z"
"290","EMP-8B20DA","Anjali Chauhan","Marketing & Sales","September 2026 Payroll","2026-08-31T18:30:00.000Z","2026-09-29T18:30:00.000Z","91180.00","5670.80","85509.20","Draft","Draft","","2026-09-05T15:01:43.161Z"
"289","EMP-5CD515","Aryan Desai","Marketing & Sales","September 2026 Payroll","2026-08-31T18:30:00.000Z","2026-09-29T18:30:00.000Z","90210.00","5612.60","84597.40","Draft","Draft","","2026-09-05T15:01:43.161Z"
"288","EMP-8F867A","Manish Sengupta","Finance","September 2026 Payroll","2026-08-31T18:30:00.000Z","2026-09-29T18:30:00.000Z","89240.00","5554.40","83685.60","Draft","Draft","","2026-09-05T15:01:43.161Z"
"287","EMP-24DB2B","Pooja Yadav","Marketing & Sales","September 2026 Payroll","2026-08-31T18:30:00.000Z","2026-09-29T18:30:00.000Z","88270.00","5496.20","82773.80","Draft","Draft","","2026-09-05T15:01:43.161Z"
"286","EMP-A97CC8","Aryan Chauhan","Marketing & Sales","September 2026 Payroll","2026-08-31T18:30:00.000Z","2026-09-29T18:30:00.000Z","87300.00","5438.00","81862.00","Draft","Draft","","2026-09-05T15:01:43.161Z"
"285","EMP-4F5C3F","Vihaan Chauhan","Engineering","September 2026 Payroll","2026-08-31T18:30:00.000Z","2026-09-29T18:30:00.000Z","86330.00","5379.80","80950.20","Draft","Draft","","2026-09-05T15:01:43.161Z"
"284","EMP-95E6CA","Manish Ghosh","Human Resources","September 2026 Payroll","2026-08-31T18:30:00.000Z","2026-09-29T18:30:00.000Z","85360.00","5321.60","80038.40","Draft","Draft","","2026-09-05T15:01:43.161Z"
"283","EMP-77AC95","Sneha Yadav","Human Resources","September 2026 Payroll","2026-08-31T18:30:00.000Z","2026-09-29T18:30:00.000Z","84390.00","5263.40","79126.60","Draft","Draft","","2026-09-05T15:01:43.161Z"
"282","EMP-DE1D39","Siddharth Bose","Human Resources","September 2026 Payroll","2026-08-31T18:30:00.000Z","2026-09-29T18:30:00.000Z","83420.00","5205.20","78214.80","Draft","Draft","","2026-09-05T15:01:43.161Z"
"281","EMP-64A7A0","Ayaan Tiwari","Marketing & Sales","September 2026 Payroll","2026-08-31T18:30:00.000Z","2026-09-29T18:30:00.000Z","82450.00","5147.00","77303.00","Draft","Draft","","2026-09-05T15:01:43.161Z"
"280","EMP-9A0ED4","Naveen Bhatia","Engineering","September 2026 Payroll","2026-08-31T18:30:00.000Z","2026-09-29T18:30:00.000Z","81480.00","5088.80","76391.20","Draft","Draft","","2026-09-05T15:01:43.161Z"
"279","EMP-616A52","Simran Bhatt","Marketing & Sales","September 2026 Payroll","2026-08-31T18:30:00.000Z","2026-09-29T18:30:00.000Z","80510.00","5030.60","75479.40","Draft","Draft","","2026-09-05T15:01:43.161Z"
"278","EMP-759739","Arjun Chatterjee","Finance","September 2026 Payroll","2026-08-31T18:30:00.000Z","2026-09-29T18:30:00.000Z","79540.00","4972.40","74567.60","Draft","Draft","","2026-09-05T15:01:43.161Z"
"277","EMP-631D7A","Divya Iyer","Human Resources","September 2026 Payroll","2026-08-31T18:30:00.000Z","2026-09-29T18:30:00.000Z","78570.00","4914.20","73655.80","Draft","Draft","","2026-09-05T15:01:43.161Z"
"276","EMP-A79F59","Kavya Reddy","Human Resources","September 2026 Payroll","2026-08-31T18:30:00.000Z","2026-09-29T18:30:00.000Z","77600.00","4856.00","72744.00","Draft","Draft","","2026-09-05T15:01:43.161Z"
"275","EMP-C052E5","Aditya Trivedi","Marketing & Sales","September 2026 Payroll","2026-08-31T18:30:00.000Z","2026-09-29T18:30:00.000Z","76630.00","4797.80","71832.20","Draft","Draft","","2026-09-05T15:01:43.161Z"
"274","EMP-A2759A","Simran Desai","Marketing & Sales","September 2026 Payroll","2026-08-31T18:30:00.000Z","2026-09-29T18:30:00.000Z","75660.00","4739.60","70920.40","Draft","Draft","","2026-09-05T15:01:43.161Z"
"273","EMP-65BCD0","Pooja Sengupta","Human Resources","September 2026 Payroll","2026-08-31T18:30:00.000Z","2026-09-29T18:30:00.000Z","74690.00","4681.40","70008.60","Draft","Draft","","2026-09-05T15:01:43.161Z"
"272","EMP-75C6ED","Tanvi Sengupta","Engineering","September 2026 Payroll","2026-08-31T18:30:00.000Z","2026-09-29T18:30:00.000Z","73720.00","4623.20","69096.80","Draft","Draft","","2026-09-05T15:01:43.161Z"
"271","EMP-1F9328","Tanvi Banerjee","Marketing & Sales","September 2026 Payroll","2026-08-31T18:30:00.000Z","2026-09-29T18:30:00.000Z","72750.00","4565.00","68185.00","Draft","Draft","","2026-09-05T15:01:43.161Z"
"270","EMP-874F6D","Karan Chatterjee","Human Resources","September 2026 Payroll","2026-08-31T18:30:00.000Z","2026-09-29T18:30:00.000Z","71780.00","4506.80","67273.20","Draft","Draft","","2026-09-05T15:01:43.161Z"
"269","EMP-44D134","Aditya Malhotra","Engineering","September 2026 Payroll","2026-08-31T18:30:00.000Z","2026-09-29T18:30:00.000Z","70810.00","4448.60","66361.40","Draft","Draft","","2026-09-05T15:01:43.161Z"
"268","EMP-F7D61A","Vivaan Bansal","Human Resources","September 2026 Payroll","2026-08-31T18:30:00.000Z","2026-09-29T18:30:00.000Z","69840.00","4390.40","65449.60","Draft","Draft","","2026-09-05T15:01:43.161Z"
"267","EMP-6B5B44","Manish Tiwari","Human Resources","September 2026 Payroll","2026-08-31T18:30:00.000Z","2026-09-29T18:30:00.000Z","68870.00","4332.20","64537.80","Draft","Draft","","2026-09-05T15:01:43.161Z"
"266","EMP-7D953E","Deepak Chatterjee","Finance","September 2026 Payroll","2026-08-31T18:30:00.000Z","2026-09-29T18:30:00.000Z","67900.00","4274.00","63626.00","Draft","Draft","","2026-09-05T15:01:43.161Z"
"265","EMP-9FBC24","Kavya Mehta","Human Resources","September 2026 Payroll","2026-08-31T18:30:00.000Z","2026-09-29T18:30:00.000Z","66930.00","4215.80","62714.20","Draft","Draft","","2026-09-05T15:01:43.161Z"
"264","EMP-F8E9A1","Simran Kumar","Marketing & Sales","September 2026 Payroll","2026-08-31T18:30:00.000Z","2026-09-29T18:30:00.000Z","65960.00","4157.60","61802.40","Draft","Draft","","2026-09-05T15:01:43.161Z"
"263","EMP-35E126","Arjun Desai","Engineering","September 2026 Payroll","2026-08-31T18:30:00.000Z","2026-09-29T18:30:00.000Z","64990.00","4099.40","60890.60","Draft","Draft","","2026-09-05T15:01:43.161Z"
"262","EMP-62BEDE","Meera Banerjee","Marketing & Sales","September 2026 Payroll","2026-08-31T18:30:00.000Z","2026-09-29T18:30:00.000Z","64020.00","4041.20","59978.80","Draft","Draft","","2026-09-05T15:01:43.161Z"
"261","EMP-A6B296","Aryan Saxena","Human Resources","September 2026 Payroll","2026-08-31T18:30:00.000Z","2026-09-29T18:30:00.000Z","63050.00","3983.00","59067.00","Draft","Draft","","2026-09-05T15:01:43.161Z"
"260","EMP-AD50E4","Sanjay Bhatt","Finance","September 2026 Payroll","2026-08-31T18:30:00.000Z","2026-09-29T18:30:00.000Z","62080.00","3924.80","58155.20","Draft","Draft","","2026-09-05T15:01:43.161Z"
"259","EMP-E331CE","Kavya Gupta","Marketing & Sales","September 2026 Payroll","2026-08-31T18:30:00.000Z","2026-09-29T18:30:00.000Z","61110.00","3866.60","57243.40","Draft","Draft","","2026-09-05T15:01:43.161Z"
"258","EMP-E1E4EB","Naveen Trivedi","Engineering","September 2026 Payroll","2026-08-31T18:30:00.000Z","2026-09-29T18:30:00.000Z","60140.00","3808.40","56331.60","Draft","Draft","","2026-09-05T15:01:43.161Z"
"257","EMP-D11D6F","Sanjay Menon","Engineering","September 2026 Payroll","2026-08-31T18:30:00.000Z","2026-09-29T18:30:00.000Z","59170.00","3750.20","55419.80","Draft","Draft","","2026-09-05T15:01:43.161Z"
"256","EMP-43E7D8","Nisha Shah","Human Resources","September 2026 Payroll","2026-08-31T18:30:00.000Z","2026-09-29T18:30:00.000Z","58200.00","3692.00","54508.00","Draft","Draft","","2026-09-05T15:01:43.161Z"
"255","EMP-135933","Manish Deshmukh","Human Resources","September 2026 Payroll","2026-08-31T18:30:00.000Z","2026-09-29T18:30:00.000Z","57230.00","3633.80","53596.20","Draft","Draft","","2026-09-05T15:01:43.161Z"
"254","EMP-ED4A92","Karan Das","Engineering","September 2026 Payroll","2026-08-31T18:30:00.000Z","2026-09-29T18:30:00.000Z","56260.00","3575.60","52684.40","Draft","Draft","","2026-09-05T15:01:43.161Z"
"253","EMP-EA22B8","Amit Bhatt","Marketing & Sales","September 2026 Payroll","2026-08-31T18:30:00.000Z","2026-09-29T18:30:00.000Z","55290.00","3517.40","51772.60","Draft","Draft","","2026-09-05T15:01:43.161Z"
"252","EMP-9B0341","Siddharth Chauhan","Engineering","September 2026 Payroll","2026-08-31T18:30:00.000Z","2026-09-29T18:30:00.000Z","54320.00","3459.20","50860.80","Draft","Draft","","2026-09-05T15:01:43.161Z"
"251","EMP-B321B8","Ayaan Verma","Marketing & Sales","September 2026 Payroll","2026-08-31T18:30:00.000Z","2026-09-29T18:30:00.000Z","53350.00","3401.00","49949.00","Draft","Draft","","2026-09-05T15:01:43.161Z"
"250","EMP-14F1B9","Neha Verma","Marketing & Sales","August 2026 Payroll","2026-07-31T18:30:00.000Z","2026-08-30T18:30:00.000Z","74160.00","4649.60","69510.40","Sent","Paid","2026-09-05T15:10:51.186Z","2026-09-05T15:01:43.161Z"
"249","EMP-C6D3B0","Arjun Iyer","Marketing & Sales","August 2026 Payroll","2026-07-31T18:30:00.000Z","2026-08-30T18:30:00.000Z","65920.00","4155.20","61764.80","Sent","Paid","2026-09-05T15:10:51.186Z","2026-09-05T15:01:43.161Z"
"248","EMP-7FD731","Deepak Ghosh","Engineering","August 2026 Payroll","2026-07-31T18:30:00.000Z","2026-08-30T18:30:00.000Z","58710.00","3722.60","54987.40","Sent","Paid","2026-09-05T15:10:51.186Z","2026-09-05T15:01:43.161Z"
"247","EMP-F00A1D","Kabir Desai","Marketing & Sales","August 2026 Payroll","2026-07-31T18:30:00.000Z","2026-08-30T18:30:00.000Z","95790.00","5947.40","89842.60","Sent","Paid","2026-09-05T15:10:51.186Z","2026-09-05T15:01:43.161Z"
"246","EMP-9C1299","Aarav Bhatia","Human Resources","August 2026 Payroll","2026-07-31T18:30:00.000Z","2026-08-30T18:30:00.000Z","92700.00","5762.00","86938.00","Sent","Paid","2026-09-05T15:10:51.186Z","2026-09-05T15:01:43.161Z"
"245","EMP-CD10FE","Kavya Yadav","Finance","August 2026 Payroll","2026-07-31T18:30:00.000Z","2026-08-30T18:30:00.000Z","87550.00","5453.00","82097.00","Sent","Paid","2026-09-05T15:10:51.186Z","2026-09-05T15:01:43.161Z"
"244","EMP-3AC246","Deepak Rathore","Finance","August 2026 Payroll","2026-07-31T18:30:00.000Z","2026-08-30T18:30:00.000Z","82400.00","5144.00","77256.00","Sent","Paid","2026-09-05T15:10:51.186Z","2026-09-05T15:01:43.161Z"
"243","EMP-B030CD","Shreya Deshmukh","Finance","August 2026 Payroll","2026-07-31T18:30:00.000Z","2026-08-30T18:30:00.000Z","70040.00","4402.40","65637.60","Sent","Paid","2026-09-05T15:10:51.186Z","2026-09-05T15:01:43.161Z"
"242","EMP-8B4D44","Sanjay Bose","Human Resources","August 2026 Payroll","2026-07-31T18:30:00.000Z","2026-08-30T18:30:00.000Z","98880.00","6132.80","92747.20","Sent","Paid","2026-09-05T15:10:51.186Z","2026-09-05T15:01:43.161Z"
"241","EMP-3BCB82","Neha Kulkarni","Engineering","August 2026 Payroll","2026-07-31T18:30:00.000Z","2026-08-30T18:30:00.000Z","95790.00","5947.40","89842.60","Sent","Paid","2026-09-05T15:10:51.186Z","2026-09-05T15:01:43.161Z"
"240","EMP-B465CB","Krishna Ghosh","Finance","August 2026 Payroll","2026-07-31T18:30:00.000Z","2026-08-30T18:30:00.000Z","57680.00","3660.80","54019.20","Sent","Paid","2026-09-05T15:10:51.186Z","2026-09-05T15:01:43.161Z"
"239","EMP-5C5A2C","Sai Agarwal","Marketing & Sales","August 2026 Payroll","2026-07-31T18:30:00.000Z","2026-08-30T18:30:00.000Z","98880.00","6132.80","92747.20","Sent","Paid","2026-09-05T15:10:51.186Z","2026-09-05T15:01:43.161Z"
"238","EMP-185D9A","Manish Gupta","Finance","August 2026 Payroll","2026-07-31T18:30:00.000Z","2026-08-30T18:30:00.000Z","58710.00","3722.60","54987.40","Sent","Paid","2026-09-05T15:10:51.186Z","2026-09-05T15:01:43.161Z"
"237","EMP-A771AB","Krishna Pandey","Marketing & Sales","August 2026 Payroll","2026-07-31T18:30:00.000Z","2026-08-30T18:30:00.000Z","73130.00","4587.80","68542.20","Sent","Paid","2026-09-05T15:10:51.186Z","2026-09-05T15:01:43.161Z"
"236","EMP-FC3880","Pooja Pillai","Engineering","August 2026 Payroll","2026-07-31T18:30:00.000Z","2026-08-30T18:30:00.000Z","101970.00","6318.20","95651.80","Sent","Paid","2026-09-05T15:10:51.186Z","2026-09-05T15:01:43.161Z"
"235","EMP-242D9D","Karan Pillai","Human Resources","August 2026 Payroll","2026-07-31T18:30:00.000Z","2026-08-30T18:30:00.000Z","74160.00","4649.60","69510.40","Sent","Paid","2026-09-05T15:10:51.186Z","2026-09-05T15:01:43.161Z"
"234","EMP-A7011A","Meera Agarwal","Engineering","August 2026 Payroll","2026-07-31T18:30:00.000Z","2026-08-30T18:30:00.000Z","87550.00","5453.00","82097.00","Sent","Paid","2026-09-05T15:10:51.186Z","2026-09-05T15:01:43.161Z"
"233","EMP-B39B2F","Vivaan Chauhan","Marketing & Sales","August 2026 Payroll","2026-07-31T18:30:00.000Z","2026-08-30T18:30:00.000Z","91670.00","5700.20","85969.80","Sent","Paid","2026-09-05T15:10:51.186Z","2026-09-05T15:01:43.161Z"
"232","EMP-EE0A11","Anjali Gupta","Marketing & Sales","August 2026 Payroll","2026-07-31T18:30:00.000Z","2026-08-30T18:30:00.000Z","72100.00","4526.00","67574.00","Sent","Paid","2026-09-05T15:10:51.186Z","2026-09-05T15:01:43.161Z"
"231","EMP-65BCD0","Pooja Sengupta","Human Resources","August 2026 Payroll","2026-07-31T18:30:00.000Z","2026-08-30T18:30:00.000Z","79310.00","4958.60","74351.40","Sent","Paid","2026-09-05T15:10:51.186Z","2026-09-05T15:01:43.161Z"
"230","EMP-C405C7","Arjun Sengupta","Marketing & Sales","August 2026 Payroll","2026-07-31T18:30:00.000Z","2026-08-30T18:30:00.000Z","56650.00","3599.00","53051.00","Sent","Paid","2026-09-05T15:10:51.186Z","2026-09-05T15:01:43.161Z"
"229","EMP-4B7CD5","Kavya Shah","Human Resources","August 2026 Payroll","2026-07-31T18:30:00.000Z","2026-08-30T18:30:00.000Z","57680.00","3660.80","54019.20","Sent","Paid","2026-09-05T15:10:51.186Z","2026-09-05T15:01:43.161Z"
"228","EMP-0032EB","Nikhil Chauhan","Finance","August 2026 Payroll","2026-07-31T18:30:00.000Z","2026-08-30T18:30:00.000Z","65920.00","4155.20","61764.80","Sent","Paid","2026-09-05T15:10:51.186Z","2026-09-05T15:01:43.161Z"
"227","EMP-B0A6B8","Kavya Bose","Finance","August 2026 Payroll","2026-07-31T18:30:00.000Z","2026-08-30T18:30:00.000Z","67980.00","4278.80","63701.20","Sent","Paid","2026-09-05T15:10:51.186Z","2026-09-05T15:01:43.161Z"
"226","EMP-034BC9","Nisha Rathore","Engineering","August 2026 Payroll","2026-07-31T18:30:00.000Z","2026-08-30T18:30:00.000Z","73130.00","4587.80","68542.20","Sent","Paid","2026-09-05T15:10:51.186Z","2026-09-05T15:01:43.161Z"
"225","EMP-63B1D1","Riya Krishnan","Finance","August 2026 Payroll","2026-07-31T18:30:00.000Z","2026-08-30T18:30:00.000Z","82400.00","5144.00","77256.00","Sent","Paid","2026-09-05T15:10:51.186Z","2026-09-05T15:01:43.161Z"
"224","EMP-288B30","Divya Rao","Human Resources","August 2026 Payroll","2026-07-31T18:30:00.000Z","2026-08-30T18:30:00.000Z","61800.00","3908.00","57892.00","Sent","Paid","2026-09-05T15:10:51.186Z","2026-09-05T15:01:43.161Z"
"223","EMP-20B9DC","Isha Kumar","Human Resources","August 2026 Payroll","2026-07-31T18:30:00.000Z","2026-08-30T18:30:00.000Z","88580.00","5514.80","83065.20","Sent","Paid","2026-09-05T15:10:51.186Z","2026-09-05T15:01:43.161Z"
"222","EMP-85224C","Kavya Reddy","Marketing & Sales","August 2026 Payroll","2026-07-31T18:30:00.000Z","2026-08-30T18:30:00.000Z","75190.00","4711.40","70478.60","Sent","Paid","2026-09-05T15:10:51.186Z","2026-09-05T15:01:43.161Z"
"221","EMP-F7D61A","Vivaan Bansal","Human Resources","August 2026 Payroll","2026-07-31T18:30:00.000Z","2026-08-30T18:30:00.000Z","74160.00","4649.60","69510.40","Sent","Paid","2026-09-05T15:10:51.186Z","2026-09-05T15:01:43.161Z"
"220","EMP-12A7C2","Siddharth Kaur","Finance","August 2026 Payroll","2026-07-31T18:30:00.000Z","2026-08-30T18:30:00.000Z","60770.00","3846.20","56923.80","Sent","Paid","2026-09-05T15:10:51.186Z","2026-09-05T15:01:43.161Z"
"219","EMP-5AD2CA","Simran Chatterjee","Engineering","August 2026 Payroll","2026-07-31T18:30:00.000Z","2026-08-30T18:30:00.000Z","58710.00","3722.60","54987.40","Sent","Paid","2026-09-05T15:10:51.186Z","2026-09-05T15:01:43.161Z"
"218","EMP-7EF0F0","Shreya Das","Engineering","August 2026 Payroll","2026-07-31T18:30:00.000Z","2026-08-30T18:30:00.000Z","61800.00","3908.00","57892.00","Sent","Paid","2026-09-05T15:10:51.186Z","2026-09-05T15:01:43.161Z"
"217","EMP-E5316F","Meera Joshi","Finance","August 2026 Payroll","2026-07-31T18:30:00.000Z","2026-08-30T18:30:00.000Z","74160.00","4649.60","69510.40","Sent","Paid","2026-09-05T15:10:51.186Z","2026-09-05T15:01:43.161Z"
"216","EMP-3AC409","Tanvi Sharma","Engineering","August 2026 Payroll","2026-07-31T18:30:00.000Z","2026-08-30T18:30:00.000Z","71070.00","4464.20","66605.80","Sent","Paid","2026-09-05T15:10:51.186Z","2026-09-05T15:01:43.161Z"
"215","EMP-EBBBB3","Siddharth Joshi","Human Resources","August 2026 Payroll","2026-07-31T18:30:00.000Z","2026-08-30T18:30:00.000Z","92700.00","5762.00","86938.00","Sent","Paid","2026-09-05T15:10:51.186Z","2026-09-05T15:01:43.161Z"
"214","EMP-0ADF2E","Divya Bhatia","Human Resources","August 2026 Payroll","2026-07-31T18:30:00.000Z","2026-08-30T18:30:00.000Z","101970.00","6318.20","95651.80","Sent","Paid","2026-09-05T15:10:51.186Z","2026-09-05T15:01:43.161Z"
"213","EMP-7F2E45","Riya Bose","Engineering","August 2026 Payroll","2026-07-31T18:30:00.000Z","2026-08-30T18:30:00.000Z","99910.00","6194.60","93715.40","Sent","Paid","2026-09-05T15:10:51.186Z","2026-09-05T15:01:43.161Z"
"212","EMP-219061","Anjali Yadav","Marketing & Sales","August 2026 Payroll","2026-07-31T18:30:00.000Z","2026-08-30T18:30:00.000Z","86520.00","5391.20","81128.80","Sent","Paid","2026-09-05T15:10:51.186Z","2026-09-05T15:01:43.161Z"
"211","EMP-75C6ED","Tanvi Sengupta","Engineering","August 2026 Payroll","2026-07-31T18:30:00.000Z","2026-08-30T18:30:00.000Z","78280.00","4896.80","73383.20","Sent","Paid","2026-09-05T15:10:51.186Z","2026-09-05T15:01:43.161Z"
"210","EMP-299D2B","Krishna Deshmukh","Finance","August 2026 Payroll","2026-07-31T18:30:00.000Z","2026-08-30T18:30:00.000Z","65920.00","4155.20","61764.80","Sent","Paid","2026-09-05T15:10:51.186Z","2026-09-05T15:01:43.161Z"
"209","EMP-16F1F2","Vihaan Chatterjee","Finance","August 2026 Payroll","2026-07-31T18:30:00.000Z","2026-08-30T18:30:00.000Z","72100.00","4526.00","67574.00","Sent","Paid","2026-09-05T15:10:51.186Z","2026-09-05T15:01:43.161Z"
"208","EMP-B55DE9","Naveen Trivedi","Engineering","August 2026 Payroll","2026-07-31T18:30:00.000Z","2026-08-30T18:30:00.000Z","99910.00","6194.60","93715.40","Sent","Paid","2026-09-05T15:10:51.186Z","2026-09-05T15:01:43.161Z"
"207","EMP-43E7D8","Nisha Shah","Human Resources","August 2026 Payroll","2026-07-31T18:30:00.000Z","2026-08-30T18:30:00.000Z","61800.00","3908.00","57892.00","Sent","Paid","2026-09-05T15:10:51.186Z","2026-09-05T15:01:43.161Z"
"206","EMP-31A68C","Krishna Chatterjee","Finance","August 2026 Payroll","2026-07-31T18:30:00.000Z","2026-08-30T18:30:00.000Z","101970.00","6318.20","95651.80","Sent","Paid","2026-09-05T15:10:51.186Z","2026-09-05T15:01:43.161Z"
"205","EMP-B321B8","Ayaan Verma","Marketing & Sales","August 2026 Payroll","2026-07-31T18:30:00.000Z","2026-08-30T18:30:00.000Z","56650.00","3599.00","53051.00","Sent","Paid","2026-09-05T15:10:51.186Z","2026-09-05T15:01:43.161Z"
"204","EMP-18C787","Nikhil Banerjee","Human Resources","August 2026 Payroll","2026-07-31T18:30:00.000Z","2026-08-30T18:30:00.000Z","60770.00","3846.20","56923.80","Sent","Paid","2026-09-05T15:10:51.186Z","2026-09-05T15:01:43.161Z"
"203","EMP-9B6E89","Manish Agarwal","Finance","August 2026 Payroll","2026-07-31T18:30:00.000Z","2026-08-30T18:30:00.000Z","99910.00","6194.60","93715.40","Sent","Paid","2026-09-05T15:10:51.186Z","2026-09-05T15:01:43.161Z"
"202","EMP-6B5B44","Manish Tiwari","Human Resources","August 2026 Payroll","2026-07-31T18:30:00.000Z","2026-08-30T18:30:00.000Z","73130.00","4587.80","68542.20","Sent","Paid","2026-09-05T15:10:51.186Z","2026-09-05T15:01:43.161Z"
"201","EMP-B2ABBD","Pooja Sengupta","Human Resources","August 2026 Payroll","2026-07-31T18:30:00.000Z","2026-08-30T18:30:00.000Z","100940.00","6256.40","94683.60","Sent","Paid","2026-09-05T15:10:51.186Z","2026-09-05T15:01:43.161Z"
"200","EMP-190639","Meera Malhotra","Engineering","August 2026 Payroll","2026-07-31T18:30:00.000Z","2026-08-30T18:30:00.000Z","65920.00","4155.20","61764.80","Sent","Paid","2026-09-05T15:10:51.186Z","2026-09-05T15:01:43.161Z"
"199","EMP-616A52","Simran Bhatt","Marketing & Sales","August 2026 Payroll","2026-07-31T18:30:00.000Z","2026-08-30T18:30:00.000Z","85490.00","5329.40","80160.60","Sent","Paid","2026-09-05T15:10:51.186Z","2026-09-05T15:01:43.161Z"
"198","EMP-3E483C","Divya Shah","Marketing & Sales","August 2026 Payroll","2026-07-31T18:30:00.000Z","2026-08-30T18:30:00.000Z","67980.00","4278.80","63701.20","Sent","Paid","2026-09-05T15:10:51.186Z","2026-09-05T15:01:43.161Z"
"197","EMP-C7FBCE","Shreya Trivedi","Engineering","August 2026 Payroll","2026-07-31T18:30:00.000Z","2026-08-30T18:30:00.000Z","75190.00","4711.40","70478.60","Sent","Paid","2026-09-05T15:10:51.186Z","2026-09-05T15:01:43.161Z"
"196","EMP-33CA16","Rahul Sengupta","Human Resources","August 2026 Payroll","2026-07-31T18:30:00.000Z","2026-08-30T18:30:00.000Z","83430.00","5205.80","78224.20","Sent","Paid","2026-09-05T15:10:51.186Z","2026-09-05T15:01:43.161Z"
"195","EMP-D11D6F","Sanjay Menon","Engineering","August 2026 Payroll","2026-07-31T18:30:00.000Z","2026-08-30T18:30:00.000Z","62830.00","3969.80","58860.20","Sent","Paid","2026-09-05T15:10:51.186Z","2026-09-05T15:01:43.161Z"
"194","EMP-F998DD","Nisha Tiwari","Human Resources","August 2026 Payroll","2026-07-31T18:30:00.000Z","2026-08-30T18:30:00.000Z","101970.00","6318.20","95651.80","Sent","Paid","2026-09-05T15:10:51.186Z","2026-09-05T15:01:43.161Z"
"193","EMP-C290EE","Amit Verma","Engineering","August 2026 Payroll","2026-07-31T18:30:00.000Z","2026-08-30T18:30:00.000Z","103000.00","6380.00","96620.00","Sent","Paid","2026-09-05T15:10:51.186Z","2026-09-05T15:01:43.161Z"
"192","EMP-414629","Ishaan Shah","Finance","August 2026 Payroll","2026-07-31T18:30:00.000Z","2026-08-30T18:30:00.000Z","57680.00","3660.80","54019.20","Sent","Paid","2026-09-05T15:10:51.186Z","2026-09-05T15:01:43.161Z"
"191","EMP-A6B296","Aryan Saxena","Human Resources","August 2026 Payroll","2026-07-31T18:30:00.000Z","2026-08-30T18:30:00.000Z","66950.00","4217.00","62733.00","Sent","Paid","2026-09-05T15:10:51.186Z","2026-09-05T15:01:43.161Z"
"190","EMP-A780D2","Priya Krishnan","Engineering","August 2026 Payroll","2026-07-31T18:30:00.000Z","2026-08-30T18:30:00.000Z","81370.00","5082.20","76287.80","Sent","Paid","2026-09-05T15:10:51.186Z","2026-09-05T15:01:43.161Z"
"189","EMP-C35DF4","Ayaan Reddy","Finance","August 2026 Payroll","2026-07-31T18:30:00.000Z","2026-08-30T18:30:00.000Z","56650.00","3599.00","53051.00","Sent","Paid","2026-09-05T15:10:51.186Z","2026-09-05T15:01:43.161Z"
"188","EMP-E331CE","Kavya Gupta","Marketing & Sales","August 2026 Payroll","2026-07-31T18:30:00.000Z","2026-08-30T18:30:00.000Z","64890.00","4093.40","60796.60","Sent","Paid","2026-09-05T15:10:51.186Z","2026-09-05T15:01:43.161Z"
"187","EMP-465F89","Siddharth Rathore","Finance","August 2026 Payroll","2026-07-31T18:30:00.000Z","2026-08-30T18:30:00.000Z","89610.00","5576.60","84033.40","Sent","Paid","2026-09-05T15:10:51.186Z","2026-09-05T15:01:43.161Z"
"186","EMP-B87E01","Shreya Mehta","Marketing & Sales","August 2026 Payroll","2026-07-31T18:30:00.000Z","2026-08-30T18:30:00.000Z","63860.00","4031.60","59828.40","Sent","Paid","2026-09-05T15:10:51.186Z","2026-09-05T15:01:43.161Z"
"185","EMP-2BB817","Riya Pandey","Finance","August 2026 Payroll","2026-07-31T18:30:00.000Z","2026-08-30T18:30:00.000Z","80340.00","5020.40","75319.60","Sent","Paid","2026-09-05T15:10:51.186Z","2026-09-05T15:01:43.161Z"
"184","EMP-3868B5","Sneha Kaur","Marketing & Sales","August 2026 Payroll","2026-07-31T18:30:00.000Z","2026-08-30T18:30:00.000Z","84460.00","5267.60","79192.40","Sent","Paid","2026-09-05T15:10:51.186Z","2026-09-05T15:01:43.161Z"
"183","EMP-FED9BF","Ayaan Das","Marketing & Sales","August 2026 Payroll","2026-07-31T18:30:00.000Z","2026-08-30T18:30:00.000Z","72100.00","4526.00","67574.00","Sent","Paid","2026-09-05T15:10:51.186Z","2026-09-05T15:01:43.161Z"
"182","EMP-3654EA","Kabir Verma","Human Resources","August 2026 Payroll","2026-07-31T18:30:00.000Z","2026-08-30T18:30:00.000Z","101970.00","6318.20","95651.80","Sent","Paid","2026-09-05T15:10:51.186Z","2026-09-05T15:01:43.161Z"
"181","EMP-6F7C5C","Aditya Ghosh","Human Resources","August 2026 Payroll","2026-07-31T18:30:00.000Z","2026-08-30T18:30:00.000Z","69010.00","4340.60","64669.40","Sent","Paid","2026-09-05T15:10:51.186Z","2026-09-05T15:01:43.161Z"
"180","EMP-AC6A7A","Gaurav Bansal","Finance","August 2026 Payroll","2026-07-31T18:30:00.000Z","2026-08-30T18:30:00.000Z","99910.00","6194.60","93715.40","Sent","Paid","2026-09-05T15:10:51.186Z","2026-09-05T15:01:43.161Z"
"179","EMP-A2FF2A","Rahul Reddy","Marketing & Sales","August 2026 Payroll","2026-07-31T18:30:00.000Z","2026-08-30T18:30:00.000Z","57680.00","3660.80","54019.20","Sent","Paid","2026-09-05T15:10:51.186Z","2026-09-05T15:01:43.161Z"
"178","EMP-06D6D7","Krishna Trivedi","Marketing & Sales","August 2026 Payroll","2026-07-31T18:30:00.000Z","2026-08-30T18:30:00.000Z","70040.00","4402.40","65637.60","Sent","Paid","2026-09-05T15:10:51.186Z","2026-09-05T15:01:43.161Z"
"177","EMP-36ACC3","Varun Das","Marketing & Sales","August 2026 Payroll","2026-07-31T18:30:00.000Z","2026-08-30T18:30:00.000Z","79310.00","4958.60","74351.40","Sent","Paid","2026-09-05T15:10:51.186Z","2026-09-05T15:01:43.161Z"
"176","EMP-18B74E","Isha Sharma","Engineering","August 2026 Payroll","2026-07-31T18:30:00.000Z","2026-08-30T18:30:00.000Z","76220.00","4773.20","71446.80","Sent","Paid","2026-09-05T15:10:51.186Z","2026-09-05T15:01:43.161Z"
"175","EMP-8D4B72","Aditya Shah","Marketing & Sales","August 2026 Payroll","2026-07-31T18:30:00.000Z","2026-08-30T18:30:00.000Z","80340.00","5020.40","75319.60","Sent","Paid","2026-09-05T15:10:51.186Z","2026-09-05T15:01:43.161Z"
"174","EMP-BEE951","Amit Kulkarni","Finance","August 2026 Payroll","2026-07-31T18:30:00.000Z","2026-08-30T18:30:00.000Z","92700.00","5762.00","86938.00","Sent","Paid","2026-09-05T15:10:51.186Z","2026-09-05T15:01:43.161Z"
"173","EMP-554886","Arjun Banerjee","Engineering","August 2026 Payroll","2026-07-31T18:30:00.000Z","2026-08-30T18:30:00.000Z","103000.00","6380.00","96620.00","Sent","Paid","2026-09-05T15:10:51.186Z","2026-09-05T15:01:43.161Z"
"172","EMP-4CC9C8","Amit Chatterjee","Engineering","August 2026 Payroll","2026-07-31T18:30:00.000Z","2026-08-30T18:30:00.000Z","78280.00","4896.80","73383.20","Sent","Paid","2026-09-05T15:10:51.186Z","2026-09-05T15:01:43.161Z"
"171","EMP-8FE05D","Vihaan Chauhan","Engineering","August 2026 Payroll","2026-07-31T18:30:00.000Z","2026-08-30T18:30:00.000Z","56650.00","3599.00","53051.00","Sent","Paid","2026-09-05T15:10:51.186Z","2026-09-05T15:01:43.161Z"
"170","EMP-DA36F1","Vihaan Desai","Finance","August 2026 Payroll","2026-07-31T18:30:00.000Z","2026-08-30T18:30:00.000Z","88580.00","5514.80","83065.20","Sent","Paid","2026-09-05T15:10:51.186Z","2026-09-05T15:01:43.161Z"
"169","EMP-B11947","Reyansh Deshmukh","Marketing & Sales","August 2026 Payroll","2026-07-31T18:30:00.000Z","2026-08-30T18:30:00.000Z","60770.00","3846.20","56923.80","Sent","Paid","2026-09-05T15:10:51.186Z","2026-09-05T15:01:43.161Z"
"168","EMP-C75932","Ananya Iyer","Engineering","August 2026 Payroll","2026-07-31T18:30:00.000Z","2026-08-30T18:30:00.000Z","86520.00","5391.20","81128.80","Sent","Paid","2026-09-05T15:10:51.186Z","2026-09-05T15:01:43.161Z"
"167","EMP-782D89","Arjun Deshmukh","Engineering","August 2026 Payroll","2026-07-31T18:30:00.000Z","2026-08-30T18:30:00.000Z","98880.00","6132.80","92747.20","Sent","Paid","2026-09-05T15:10:51.186Z","2026-09-05T15:01:43.161Z"
"166","EMP-AFEE5B","Nisha Chatterjee","Finance","August 2026 Payroll","2026-07-31T18:30:00.000Z","2026-08-30T18:30:00.000Z","85490.00","5329.40","80160.60","Sent","Paid","2026-09-05T15:10:51.186Z","2026-09-05T15:01:43.161Z"
"165","EMP-754829","Pooja Chatterjee","Finance","August 2026 Payroll","2026-07-31T18:30:00.000Z","2026-08-30T18:30:00.000Z","64890.00","4093.40","60796.60","Sent","Paid","2026-09-05T15:10:51.186Z","2026-09-05T15:01:43.161Z"
"164","EMP-7A2A04","Karan Menon","Engineering","August 2026 Payroll","2026-07-31T18:30:00.000Z","2026-08-30T18:30:00.000Z","97850.00","6071.00","91779.00","Sent","Paid","2026-09-05T15:10:51.186Z","2026-09-05T15:01:43.161Z"
"163","EMP-46A33D","Tanvi Pandey","Marketing & Sales","August 2026 Payroll","2026-07-31T18:30:00.000Z","2026-08-30T18:30:00.000Z","93730.00","5823.80","87906.20","Sent","Paid","2026-09-05T15:10:51.186Z","2026-09-05T15:01:43.161Z"
"162","EMP-1358A4","Sneha Yadav","Engineering","August 2026 Payroll","2026-07-31T18:30:00.000Z","2026-08-30T18:30:00.000Z","84460.00","5267.60","79192.40","Sent","Paid","2026-09-05T15:10:51.186Z","2026-09-05T15:01:43.161Z"
"161","EMP-87001D","Anjali Krishnan","Marketing & Sales","August 2026 Payroll","2026-07-31T18:30:00.000Z","2026-08-30T18:30:00.000Z","90640.00","5638.40","85001.60","Sent","Paid","2026-09-05T15:10:51.186Z","2026-09-05T15:01:43.161Z"
"160","EMP-0C09F1","Reyansh Sharma","Human Resources","August 2026 Payroll","2026-07-31T18:30:00.000Z","2026-08-30T18:30:00.000Z","81370.00","5082.20","76287.80","Sent","Paid","2026-09-05T15:10:51.186Z","2026-09-05T15:01:43.161Z"
"159","EMP-2A9D2A","Nikhil Chatterjee","Human Resources","August 2026 Payroll","2026-07-31T18:30:00.000Z","2026-08-30T18:30:00.000Z","103000.00","6380.00","96620.00","Sent","Paid","2026-09-05T15:10:51.186Z","2026-09-05T15:01:43.161Z"
"158","EMP-83C86A","Riya Menon","Human Resources","August 2026 Payroll","2026-07-31T18:30:00.000Z","2026-08-30T18:30:00.000Z","80340.00","5020.40","75319.60","Sent","Paid","2026-09-05T15:10:51.186Z","2026-09-05T15:01:43.161Z"
"157","EMP-D37FDD","Nikhil Mishra","Engineering","August 2026 Payroll","2026-07-31T18:30:00.000Z","2026-08-30T18:30:00.000Z","62830.00","3969.80","58860.20","Sent","Paid","2026-09-05T15:10:51.186Z","2026-09-05T15:01:43.161Z"
"156","EMP-884FC9","Reyansh Chopra","Engineering","August 2026 Payroll","2026-07-31T18:30:00.000Z","2026-08-30T18:30:00.000Z","98880.00","6132.80","92747.20","Sent","Paid","2026-09-05T15:10:51.186Z","2026-09-05T15:01:43.161Z"
"155","EMP-010161","Isha Krishnan","Finance","August 2026 Payroll","2026-07-31T18:30:00.000Z","2026-08-30T18:30:00.000Z","93730.00","5823.80","87906.20","Sent","Paid","2026-09-05T15:10:51.186Z","2026-09-05T15:01:43.161Z"
"154","EMP-A79F59","Kavya Reddy","Human Resources","August 2026 Payroll","2026-07-31T18:30:00.000Z","2026-08-30T18:30:00.000Z","82400.00","5144.00","77256.00","Sent","Paid","2026-09-05T15:10:51.186Z","2026-09-05T15:01:43.161Z"
"153","EMP-9753BA","Aditya Pandey","Finance","August 2026 Payroll","2026-07-31T18:30:00.000Z","2026-08-30T18:30:00.000Z","71070.00","4464.20","66605.80","Sent","Paid","2026-09-05T15:10:51.186Z","2026-09-05T15:01:43.161Z"
"152","EMP-F8E9A1","Simran Kumar","Marketing & Sales","August 2026 Payroll","2026-07-31T18:30:00.000Z","2026-08-30T18:30:00.000Z","70040.00","4402.40","65637.60","Sent","Paid","2026-09-05T15:10:51.186Z","2026-09-05T15:01:43.161Z"
"151","EMP-7E296F","Siddharth Kulkarni","Engineering","August 2026 Payroll","2026-07-31T18:30:00.000Z","2026-08-30T18:30:00.000Z","72100.00","4526.00","67574.00","Sent","Paid","2026-09-05T15:10:51.186Z","2026-09-05T15:01:43.161Z"
"150","EMP-BD3339","Aryan Kapoor","Engineering","August 2026 Payroll","2026-07-31T18:30:00.000Z","2026-08-30T18:30:00.000Z","73130.00","4587.80","68542.20","Sent","Paid","2026-09-05T15:10:51.186Z","2026-09-05T15:01:43.161Z"
"149","EMP-68D7E7","Meera Ghosh","Human Resources","August 2026 Payroll","2026-07-31T18:30:00.000Z","2026-08-30T18:30:00.000Z","91670.00","5700.20","85969.80","Sent","Paid","2026-09-05T15:10:51.186Z","2026-09-05T15:01:43.161Z"
"148","EMP-ECD855","Naveen Bansal","Human Resources","August 2026 Payroll","2026-07-31T18:30:00.000Z","2026-08-30T18:30:00.000Z","97850.00","6071.00","91779.00","Sent","Paid","2026-09-05T15:10:51.186Z","2026-09-05T15:01:43.161Z"
"147","EMP-FCCC73","Kabir Pandey","Marketing & Sales","August 2026 Payroll","2026-07-31T18:30:00.000Z","2026-08-30T18:30:00.000Z","81370.00","5082.20","76287.80","Sent","Paid","2026-09-05T15:10:51.186Z","2026-09-05T15:01:43.161Z"
"146","EMP-0DAABA","Neha Chatterjee","Finance","August 2026 Payroll","2026-07-31T18:30:00.000Z","2026-08-30T18:30:00.000Z","79310.00","4958.60","74351.40","Sent","Paid","2026-09-05T15:10:51.186Z","2026-09-05T15:01:43.161Z"
"145","EMP-EA22B8","Amit Bhatt","Marketing & Sales","August 2026 Payroll","2026-07-31T18:30:00.000Z","2026-08-30T18:30:00.000Z","58710.00","3722.60","54987.40","Sent","Paid","2026-09-05T15:10:51.186Z","2026-09-05T15:01:43.161Z"
"144","EMP-FB4A53","Pooja Bansal","Finance","August 2026 Payroll","2026-07-31T18:30:00.000Z","2026-08-30T18:30:00.000Z","59740.00","3784.40","55955.60","Sent","Paid","2026-09-05T15:10:51.186Z","2026-09-05T15:01:43.161Z"
"143","EMP-977362","Dev Deshmukh","Engineering","August 2026 Payroll","2026-07-31T18:30:00.000Z","2026-08-30T18:30:00.000Z","67980.00","4278.80","63701.20","Sent","Paid","2026-09-05T15:10:51.186Z","2026-09-05T15:01:43.161Z"
"142","EMP-6DC9C3","Divya Sengupta","Marketing & Sales","August 2026 Payroll","2026-07-31T18:30:00.000Z","2026-08-30T18:30:00.000Z","89610.00","5576.60","84033.40","Sent","Paid","2026-09-05T15:10:51.186Z","2026-09-05T15:01:43.161Z"
"141","EMP-4A7545","Varun Kaur","Finance","August 2026 Payroll","2026-07-31T18:30:00.000Z","2026-08-30T18:30:00.000Z","95790.00","5947.40","89842.60","Sent","Paid","2026-09-05T15:10:51.186Z","2026-09-05T15:01:43.161Z"
"140","EMP-AD155F","Karan Krishnan","Human Resources","August 2026 Payroll","2026-07-31T18:30:00.000Z","2026-08-30T18:30:00.000Z","69010.00","4340.60","64669.40","Sent","Paid","2026-09-05T15:10:51.186Z","2026-09-05T15:01:43.161Z"
"139","EMP-C077C9","Aarav Bhatia","Marketing & Sales","August 2026 Payroll","2026-07-31T18:30:00.000Z","2026-08-30T18:30:00.000Z","93730.00","5823.80","87906.20","Sent","Paid","2026-09-05T15:10:51.186Z","2026-09-05T15:01:43.161Z"
"138","EMP-44D134","Aditya Malhotra","Engineering","August 2026 Payroll","2026-07-31T18:30:00.000Z","2026-08-30T18:30:00.000Z","75190.00","4711.40","70478.60","Sent","Paid","2026-09-05T15:10:51.186Z","2026-09-05T15:01:43.161Z"
"137","EMP-F9A332","Meera Ghosh","Finance","August 2026 Payroll","2026-07-31T18:30:00.000Z","2026-08-30T18:30:00.000Z","89610.00","5576.60","84033.40","Sent","Paid","2026-09-05T15:10:51.186Z","2026-09-05T15:01:43.161Z"
"136","EMP-77AC95","Sneha Yadav","Human Resources","August 2026 Payroll","2026-07-31T18:30:00.000Z","2026-08-30T18:30:00.000Z","89610.00","5576.60","84033.40","Sent","Paid","2026-09-05T15:10:51.186Z","2026-09-05T15:01:43.161Z"
"135","EMP-1F9328","Tanvi Banerjee","Marketing & Sales","August 2026 Payroll","2026-07-31T18:30:00.000Z","2026-08-30T18:30:00.000Z","77250.00","4835.00","72415.00","Sent","Paid","2026-09-05T15:10:51.186Z","2026-09-05T15:01:43.161Z"
"134","EMP-63FFD0","Rahul Das","Finance","August 2026 Payroll","2026-07-31T18:30:00.000Z","2026-08-30T18:30:00.000Z","82400.00","5144.00","77256.00","Sent","Paid","2026-09-05T15:10:51.186Z","2026-09-05T15:01:43.161Z"
"133","EMP-FFCBB7","Riya Malhotra","Marketing & Sales","August 2026 Payroll","2026-07-31T18:30:00.000Z","2026-08-30T18:30:00.000Z","56650.00","3599.00","53051.00","Sent","Paid","2026-09-05T15:10:51.186Z","2026-09-05T15:01:43.161Z"
"132","EMP-64A7A0","Ayaan Tiwari","Marketing & Sales","August 2026 Payroll","2026-07-31T18:30:00.000Z","2026-08-30T18:30:00.000Z","87550.00","5453.00","82097.00","Sent","Paid","2026-09-05T15:10:51.186Z","2026-09-05T15:01:43.161Z"
"131","EMP-237A46","Pooja Gupta","Marketing & Sales","August 2026 Payroll","2026-07-31T18:30:00.000Z","2026-08-30T18:30:00.000Z","94760.00","5885.60","88874.40","Sent","Paid","2026-09-05T15:10:51.186Z","2026-09-05T15:01:43.161Z"
"130","EMP-6E7B98","Kabir Ghosh","Marketing & Sales","August 2026 Payroll","2026-07-31T18:30:00.000Z","2026-08-30T18:30:00.000Z","83430.00","5205.80","78224.20","Sent","Paid","2026-09-05T15:10:51.186Z","2026-09-05T15:01:43.161Z"
"129","EMP-23D32C","Sanjay Yadav","Human Resources","August 2026 Payroll","2026-07-31T18:30:00.000Z","2026-08-30T18:30:00.000Z","63860.00","4031.60","59828.40","Sent","Paid","2026-09-05T15:10:51.186Z","2026-09-05T15:01:43.161Z"
"128","EMP-FDABCC","Isha Rathore","Engineering","August 2026 Payroll","2026-07-31T18:30:00.000Z","2026-08-30T18:30:00.000Z","96820.00","6009.20","90810.80","Sent","Paid","2026-09-05T15:10:51.186Z","2026-09-05T15:01:43.161Z"
"127","EMP-BA3D04","Nisha Reddy","Human Resources","August 2026 Payroll","2026-07-31T18:30:00.000Z","2026-08-30T18:30:00.000Z","75190.00","4711.40","70478.60","Sent","Paid","2026-09-05T15:10:51.186Z","2026-09-05T15:01:43.161Z"
"126","EMP-51758D","Priya Chopra","Human Resources","August 2026 Payroll","2026-07-31T18:30:00.000Z","2026-08-30T18:30:00.000Z","63860.00","4031.60","59828.40","Sent","Paid","2026-09-05T15:10:51.186Z","2026-09-05T15:01:43.161Z"
"125","EMP-A2759A","Simran Desai","Marketing & Sales","August 2026 Payroll","2026-07-31T18:30:00.000Z","2026-08-30T18:30:00.000Z","80340.00","5020.40","75319.60","Sent","Paid","2026-09-05T15:10:51.186Z","2026-09-05T15:01:43.161Z"
"124","EMP-CEB2D1","Rahul Das","Finance","August 2026 Payroll","2026-07-31T18:30:00.000Z","2026-08-30T18:30:00.000Z","57680.00","3660.80","54019.20","Sent","Paid","2026-09-05T15:10:51.186Z","2026-09-05T15:01:43.161Z"
"123","EMP-DB59A5","Isha Malhotra","Finance","August 2026 Payroll","2026-07-31T18:30:00.000Z","2026-08-30T18:30:00.000Z","62830.00","3969.80","58860.20","Sent","Paid","2026-09-05T15:10:51.186Z","2026-09-05T15:01:43.161Z"
"122","EMP-EDD910","Naveen Agarwal","Marketing & Sales","August 2026 Payroll","2026-07-31T18:30:00.000Z","2026-08-30T18:30:00.000Z","97850.00","6071.00","91779.00","Sent","Paid","2026-09-05T15:10:51.186Z","2026-09-05T15:01:43.161Z"
"121","EMP-32F7E7","Gaurav Pandey","Human Resources","August 2026 Payroll","2026-07-31T18:30:00.000Z","2026-08-30T18:30:00.000Z","100940.00","6256.40","94683.60","Sent","Paid","2026-09-05T15:10:51.186Z","2026-09-05T15:01:43.161Z"
"120","EMP-2DB9E9","Sneha Chatterjee","Finance","August 2026 Payroll","2026-07-31T18:30:00.000Z","2026-08-30T18:30:00.000Z","85490.00","5329.40","80160.60","Sent","Paid","2026-09-05T15:10:51.186Z","2026-09-05T15:01:43.161Z"
"119","EMP-99DA86","Riya Mehta","Engineering","August 2026 Payroll","2026-07-31T18:30:00.000Z","2026-08-30T18:30:00.000Z","67980.00","4278.80","63701.20","Sent","Paid","2026-09-05T15:10:51.186Z","2026-09-05T15:01:43.161Z"
"118","EMP-3ABC1F","Krishna Trivedi","Marketing & Sales","August 2026 Payroll","2026-07-31T18:30:00.000Z","2026-08-30T18:30:00.000Z","71070.00","4464.20","66605.80","Sent","Paid","2026-09-05T15:10:51.186Z","2026-09-05T15:01:43.161Z"
"117","EMP-A2063B","Simran Desai","Human Resources","August 2026 Payroll","2026-07-31T18:30:00.000Z","2026-08-30T18:30:00.000Z","61800.00","3908.00","57892.00","Sent","Paid","2026-09-05T15:10:51.186Z","2026-09-05T15:01:43.161Z"
"116","EMP-363EFE","Nisha Kapoor","Human Resources","August 2026 Payroll","2026-07-31T18:30:00.000Z","2026-08-30T18:30:00.000Z","66950.00","4217.00","62733.00","Sent","Paid","2026-09-05T15:10:51.186Z","2026-09-05T15:01:43.161Z"
"115","EMP-186813","Karan Ghosh","Engineering","August 2026 Payroll","2026-07-31T18:30:00.000Z","2026-08-30T18:30:00.000Z","60770.00","3846.20","56923.80","Sent","Paid","2026-09-05T15:10:51.186Z","2026-09-05T15:01:43.161Z"
"114","EMP-821759","Kavya Bansal","Marketing & Sales","August 2026 Payroll","2026-07-31T18:30:00.000Z","2026-08-30T18:30:00.000Z","67980.00","4278.80","63701.20","Sent","Paid","2026-09-05T15:10:51.186Z","2026-09-05T15:01:43.161Z"
"113","EMP-9DE65A","Sai Pandey","Human Resources","August 2026 Payroll","2026-07-31T18:30:00.000Z","2026-08-30T18:30:00.000Z","84460.00","5267.60","79192.40","Sent","Paid","2026-09-05T15:10:51.186Z","2026-09-05T15:01:43.161Z"
"112","EMP-728205","Neha Desai","Finance","August 2026 Payroll","2026-07-31T18:30:00.000Z","2026-08-30T18:30:00.000Z","77250.00","4835.00","72415.00","Sent","Paid","2026-09-05T15:10:51.186Z","2026-09-05T15:01:43.161Z"
"111","EMP-304B6F","Ishaan Iyer","Marketing & Sales","August 2026 Payroll","2026-07-31T18:30:00.000Z","2026-08-30T18:30:00.000Z","90640.00","5638.40","85001.60","Sent","Paid","2026-09-05T15:10:51.186Z","2026-09-05T15:01:43.161Z"
"110","EMP-62BEDE","Meera Banerjee","Marketing & Sales","August 2026 Payroll","2026-07-31T18:30:00.000Z","2026-08-30T18:30:00.000Z","67980.00","4278.80","63701.20","Sent","Paid","2026-09-05T15:10:51.186Z","2026-09-05T15:01:43.161Z"
"109","EMP-9F4A66","Nisha Chopra","Engineering","August 2026 Payroll","2026-07-31T18:30:00.000Z","2026-08-30T18:30:00.000Z","88580.00","5514.80","83065.20","Sent","Paid","2026-09-05T15:10:51.186Z","2026-09-05T15:01:43.161Z"
"108","EMP-5CD515","Aryan Desai","Marketing & Sales","August 2026 Payroll","2026-07-31T18:30:00.000Z","2026-08-30T18:30:00.000Z","95790.00","5947.40","89842.60","Sent","Paid","2026-09-05T15:10:51.186Z","2026-09-05T15:01:43.161Z"
"107","EMP-4F5C3F","Vihaan Chauhan","Engineering","August 2026 Payroll","2026-07-31T18:30:00.000Z","2026-08-30T18:30:00.000Z","91670.00","5700.20","85969.80","Sent","Paid","2026-09-05T15:10:51.186Z","2026-09-05T15:01:43.161Z"
"106","EMP-4230E9","Kavya Banerjee","Marketing & Sales","August 2026 Payroll","2026-07-31T18:30:00.000Z","2026-08-30T18:30:00.000Z","76220.00","4773.20","71446.80","Sent","Paid","2026-09-05T15:10:51.186Z","2026-09-05T15:01:43.161Z"
"105","EMP-2B423B","Rohan Krishnan","Human Resources","August 2026 Payroll","2026-07-31T18:30:00.000Z","2026-08-30T18:30:00.000Z","86520.00","5391.20","81128.80","Sent","Paid","2026-09-05T15:10:51.186Z","2026-09-05T15:01:43.161Z"
"104","EMP-40ADF9","Ananya Shah","Marketing & Sales","August 2026 Payroll","2026-07-31T18:30:00.000Z","2026-08-30T18:30:00.000Z","99910.00","6194.60","93715.40","Sent","Paid","2026-09-05T15:10:51.186Z","2026-09-05T15:01:43.161Z"
"103","EMP-28C386","Krishna Menon","Marketing & Sales","August 2026 Payroll","2026-07-31T18:30:00.000Z","2026-08-30T18:30:00.000Z","77250.00","4835.00","72415.00","Sent","Paid","2026-09-05T15:10:51.186Z","2026-09-05T15:01:43.161Z"
"102","EMP-8F867A","Manish Sengupta","Finance","August 2026 Payroll","2026-07-31T18:30:00.000Z","2026-08-30T18:30:00.000Z","94760.00","5885.60","88874.40","Sent","Paid","2026-09-05T15:10:51.186Z","2026-09-05T15:01:43.161Z"
"101","EMP-759739","Arjun Chatterjee","Finance","August 2026 Payroll","2026-07-31T18:30:00.000Z","2026-08-30T18:30:00.000Z","84460.00","5267.60","79192.40","Sent","Paid","2026-09-05T15:10:51.186Z","2026-09-05T15:01:43.161Z"
"100","EMP-29137D","Nisha Saxena","Finance","August 2026 Payroll","2026-07-31T18:30:00.000Z","2026-08-30T18:30:00.000Z","73130.00","4587.80","68542.20","Sent","Paid","2026-09-05T15:10:51.186Z","2026-09-05T15:01:43.161Z"
"99","EMP-86960E","Nisha Kapoor","Marketing & Sales","August 2026 Payroll","2026-07-31T18:30:00.000Z","2026-08-30T18:30:00.000Z","66950.00","4217.00","62733.00","Sent","Paid","2026-09-05T15:10:51.186Z","2026-09-05T15:01:43.161Z"
"98","EMP-3CA43C","Deepak Das","Marketing & Sales","August 2026 Payroll","2026-07-31T18:30:00.000Z","2026-08-30T18:30:00.000Z","64890.00","4093.40","60796.60","Sent","Paid","2026-09-05T15:10:51.186Z","2026-09-05T15:01:43.161Z"
"97","EMP-C12C94","Ananya Yadav","Engineering","August 2026 Payroll","2026-07-31T18:30:00.000Z","2026-08-30T18:30:00.000Z","90640.00","5638.40","85001.60","Sent","Paid","2026-09-05T15:10:51.186Z","2026-09-05T15:01:43.161Z"
"96","EMP-79A6BD","Divya Pillai","Finance","August 2026 Payroll","2026-07-31T18:30:00.000Z","2026-08-30T18:30:00.000Z","58710.00","3722.60","54987.40","Sent","Paid","2026-09-05T15:10:51.186Z","2026-09-05T15:01:43.161Z"
"95","EMP-D12354","Gaurav Bhatt","Finance","August 2026 Payroll","2026-07-31T18:30:00.000Z","2026-08-30T18:30:00.000Z","76220.00","4773.20","71446.80","Sent","Paid","2026-09-05T15:10:51.186Z","2026-09-05T15:01:43.161Z"
"94","EMP-DD5A61","Reyansh Shah","Human Resources","August 2026 Payroll","2026-07-31T18:30:00.000Z","2026-08-30T18:30:00.000Z","100940.00","6256.40","94683.60","Sent","Paid","2026-09-05T15:10:51.186Z","2026-09-05T15:01:43.161Z"
"93","EMP-C9D423","Neha Gupta","Finance","August 2026 Payroll","2026-07-31T18:30:00.000Z","2026-08-30T18:30:00.000Z","66950.00","4217.00","62733.00","Sent","Paid","2026-09-05T15:10:51.186Z","2026-09-05T15:01:43.161Z"
"92","EMP-4014FF","Vivaan Bhatia","Human Resources","August 2026 Payroll","2026-07-31T18:30:00.000Z","2026-08-30T18:30:00.000Z","83430.00","5205.80","78224.20","Sent","Paid","2026-09-05T15:10:51.186Z","2026-09-05T15:01:43.161Z"
"91","EMP-B9CB81","Sai Mehta","Human Resources","August 2026 Payroll","2026-07-31T18:30:00.000Z","2026-08-30T18:30:00.000Z","56650.00","3599.00","53051.00","Sent","Paid","2026-09-05T15:10:51.186Z","2026-09-05T15:01:43.161Z"
"90","EMP-DECF50","Nisha Joshi","Marketing & Sales","August 2026 Payroll","2026-07-31T18:30:00.000Z","2026-08-30T18:30:00.000Z","78280.00","4896.80","73383.20","Sent","Paid","2026-09-05T15:10:51.186Z","2026-09-05T15:01:43.161Z"
"89","EMP-27173F","Sanjay Agarwal","Human Resources","August 2026 Payroll","2026-07-31T18:30:00.000Z","2026-08-30T18:30:00.000Z","79310.00","4958.60","74351.40","Sent","Paid","2026-09-05T15:10:51.186Z","2026-09-05T15:01:43.161Z"
"88","EMP-4629FD","Priya Menon","Engineering","August 2026 Payroll","2026-07-31T18:30:00.000Z","2026-08-30T18:30:00.000Z","94760.00","5885.60","88874.40","Sent","Paid","2026-09-05T15:10:51.186Z","2026-09-05T15:01:43.161Z"
"87","EMP-6B6E3D","Krishna Sengupta","Finance","August 2026 Payroll","2026-07-31T18:30:00.000Z","2026-08-30T18:30:00.000Z","71070.00","4464.20","66605.80","Sent","Paid","2026-09-05T15:10:51.186Z","2026-09-05T15:01:43.161Z"
"86","EMP-5EF5E5","Varun Ghosh","Engineering","August 2026 Payroll","2026-07-31T18:30:00.000Z","2026-08-30T18:30:00.000Z","98880.00","6132.80","92747.20","Sent","Paid","2026-09-05T15:10:51.186Z","2026-09-05T15:01:43.161Z"
"85","EMP-9A0ED4","Naveen Bhatia","Engineering","August 2026 Payroll","2026-07-31T18:30:00.000Z","2026-08-30T18:30:00.000Z","86520.00","5391.20","81128.80","Sent","Paid","2026-09-05T15:10:51.186Z","2026-09-05T15:01:43.161Z"
"84","EMP-B2C016","Anjali Reddy","Human Resources","August 2026 Payroll","2026-07-31T18:30:00.000Z","2026-08-30T18:30:00.000Z","100940.00","6256.40","94683.60","Sent","Paid","2026-09-05T15:10:51.186Z","2026-09-05T15:01:43.161Z"
"83","EMP-E64FD0","Ananya Chopra","Human Resources","August 2026 Payroll","2026-07-31T18:30:00.000Z","2026-08-30T18:30:00.000Z","80340.00","5020.40","75319.60","Sent","Paid","2026-09-05T15:10:51.186Z","2026-09-05T15:01:43.161Z"
"82","EMP-D21DA7","Nikhil Reddy","Finance","August 2026 Payroll","2026-07-31T18:30:00.000Z","2026-08-30T18:30:00.000Z","91670.00","5700.20","85969.80","Sent","Paid","2026-09-05T15:10:51.186Z","2026-09-05T15:01:43.161Z"
"81","EMP-24DB2B","Pooja Yadav","Marketing & Sales","August 2026 Payroll","2026-07-31T18:30:00.000Z","2026-08-30T18:30:00.000Z","93730.00","5823.80","87906.20","Sent","Paid","2026-09-05T15:10:51.186Z","2026-09-05T15:01:43.161Z"
"80","EMP-DF76DB","Ananya Menon","Human Resources","August 2026 Payroll","2026-07-31T18:30:00.000Z","2026-08-30T18:30:00.000Z","86520.00","5391.20","81128.80","Sent","Paid","2026-09-05T15:10:51.186Z","2026-09-05T15:01:43.161Z"
"79","EMP-665750","Dev Yadav","Marketing & Sales","August 2026 Payroll","2026-07-31T18:30:00.000Z","2026-08-30T18:30:00.000Z","75190.00","4711.40","70478.60","Sent","Paid","2026-09-05T15:10:51.186Z","2026-09-05T15:01:43.161Z"
"78","EMP-B70E93","Arjun Gupta","Engineering","August 2026 Payroll","2026-07-31T18:30:00.000Z","2026-08-30T18:30:00.000Z","62830.00","3969.80","58860.20","Sent","Paid","2026-09-05T15:10:51.186Z","2026-09-05T15:01:43.161Z"
"77","EMP-ABFDB9","Aarav Reddy","Finance","August 2026 Payroll","2026-07-31T18:30:00.000Z","2026-08-30T18:30:00.000Z","95790.00","5947.40","89842.60","Sent","Paid","2026-09-05T15:10:51.186Z","2026-09-05T15:01:43.161Z"
"76","EMP-593F92","Ayaan Menon","Finance","August 2026 Payroll","2026-07-31T18:30:00.000Z","2026-08-30T18:30:00.000Z","84460.00","5267.60","79192.40","Sent","Paid","2026-09-05T15:10:51.186Z","2026-09-05T15:01:43.161Z"
"75","EMP-334E8F","Aarav Ghosh","Human Resources","August 2026 Payroll","2026-07-31T18:30:00.000Z","2026-08-30T18:30:00.000Z","77250.00","4835.00","72415.00","Sent","Paid","2026-09-05T15:10:51.186Z","2026-09-05T15:01:43.161Z"
"74","EMP-E8DBA7","Vihaan Trivedi","Marketing & Sales","August 2026 Payroll","2026-07-31T18:30:00.000Z","2026-08-30T18:30:00.000Z","64890.00","4093.40","60796.60","Sent","Paid","2026-09-05T15:10:51.186Z","2026-09-05T15:01:43.161Z"
"73","EMP-631D7A","Divya Iyer","Human Resources","August 2026 Payroll","2026-07-31T18:30:00.000Z","2026-08-30T18:30:00.000Z","83430.00","5205.80","78224.20","Sent","Paid","2026-09-05T15:10:51.186Z","2026-09-05T15:01:43.161Z"
"72","EMP-95E6CA","Manish Ghosh","Human Resources","August 2026 Payroll","2026-07-31T18:30:00.000Z","2026-08-30T18:30:00.000Z","90640.00","5638.40","85001.60","Sent","Paid","2026-09-05T15:10:51.186Z","2026-09-05T15:01:43.161Z"
"71","EMP-A97CC8","Aryan Chauhan","Marketing & Sales","August 2026 Payroll","2026-07-31T18:30:00.000Z","2026-08-30T18:30:00.000Z","92700.00","5762.00","86938.00","Sent","Paid","2026-09-05T15:10:51.186Z","2026-09-05T15:01:43.161Z"
"70","EMP-5FC753","Siddharth Reddy","Human Resources","August 2026 Payroll","2026-07-31T18:30:00.000Z","2026-08-30T18:30:00.000Z","63860.00","4031.60","59828.40","Sent","Paid","2026-09-05T15:10:51.186Z","2026-09-05T15:01:43.161Z"
"69","EMP-C9DB6F","Nisha Bhatt","Human Resources","August 2026 Payroll","2026-07-31T18:30:00.000Z","2026-08-30T18:30:00.000Z","91670.00","5700.20","85969.80","Sent","Paid","2026-09-05T15:10:51.186Z","2026-09-05T15:01:43.161Z"
"68","EMP-395314","Aarav Mishra","Engineering","August 2026 Payroll","2026-07-31T18:30:00.000Z","2026-08-30T18:30:00.000Z","71070.00","4464.20","66605.80","Sent","Paid","2026-09-05T15:10:51.186Z","2026-09-05T15:01:43.161Z"
"67","EMP-633EC5","Naveen Iyer","Marketing & Sales","August 2026 Payroll","2026-07-31T18:30:00.000Z","2026-08-30T18:30:00.000Z","64890.00","4093.40","60796.60","Sent","Paid","2026-09-05T15:10:51.186Z","2026-09-05T15:01:43.161Z"
"66","EMP-F7C116","Sai Sharma","Marketing & Sales","August 2026 Payroll","2026-07-31T18:30:00.000Z","2026-08-30T18:30:00.000Z","69010.00","4340.60","64669.40","Sent","Paid","2026-09-05T15:10:51.186Z","2026-09-05T15:01:43.161Z"
"65","EMP-CAB3DA","Kabir Verma","Engineering","August 2026 Payroll","2026-07-31T18:30:00.000Z","2026-08-30T18:30:00.000Z","60770.00","3846.20","56923.80","Sent","Paid","2026-09-05T15:10:51.186Z","2026-09-05T15:01:43.161Z"
"64","EMP-769127","Simran Trivedi","Engineering","August 2026 Payroll","2026-07-31T18:30:00.000Z","2026-08-30T18:30:00.000Z","78280.00","4896.80","73383.20","Sent","Paid","2026-09-05T15:10:51.186Z","2026-09-05T15:01:43.161Z"
"63","EMP-1A3F5F","Shreya Deshmukh","Engineering","August 2026 Payroll","2026-07-31T18:30:00.000Z","2026-08-30T18:30:00.000Z","58710.00","3722.60","54987.40","Sent","Paid","2026-09-05T15:10:51.186Z","2026-09-05T15:01:43.161Z"
"62","EMP-2C41F3","Pooja Agarwal","Human Resources","August 2026 Payroll","2026-07-31T18:30:00.000Z","2026-08-30T18:30:00.000Z","90640.00","5638.40","85001.60","Sent","Paid","2026-09-05T15:10:51.186Z","2026-09-05T15:01:43.161Z"
"61","EMP-AD50E4","Sanjay Bhatt","Finance","August 2026 Payroll","2026-07-31T18:30:00.000Z","2026-08-30T18:30:00.000Z","65920.00","4155.20","61764.80","Sent","Paid","2026-09-05T15:10:51.186Z","2026-09-05T15:01:43.161Z"
"60","EMP-380E32","Kabir Kaur","Engineering","August 2026 Payroll","2026-07-31T18:30:00.000Z","2026-08-30T18:30:00.000Z","87550.00","5453.00","82097.00","Sent","Paid","2026-09-05T15:10:51.186Z","2026-09-05T15:01:43.161Z"
"59","EMP-47BB8E","Naveen Shah","Finance","August 2026 Payroll","2026-07-31T18:30:00.000Z","2026-08-30T18:30:00.000Z","96820.00","6009.20","90810.80","Sent","Paid","2026-09-05T15:10:51.186Z","2026-09-05T15:01:43.161Z"
"58","EMP-7D953E","Deepak Chatterjee","Finance","August 2026 Payroll","2026-07-31T18:30:00.000Z","2026-08-30T18:30:00.000Z","72100.00","4526.00","67574.00","Sent","Paid","2026-09-05T15:10:51.186Z","2026-09-05T15:01:43.161Z"
"57","EMP-9FBC24","Kavya Mehta","Human Resources","August 2026 Payroll","2026-07-31T18:30:00.000Z","2026-08-30T18:30:00.000Z","71070.00","4464.20","66605.80","Sent","Paid","2026-09-05T15:10:51.186Z","2026-09-05T15:01:43.161Z"
"56","EMP-CAD3C8","Sanjay Subramaniam","Human Resources","August 2026 Payroll","2026-07-31T18:30:00.000Z","2026-08-30T18:30:00.000Z","65920.00","4155.20","61764.80","Sent","Paid","2026-09-05T15:10:51.186Z","2026-09-05T15:01:43.161Z"
"55","EMP-1C71D7","Vivaan Gupta","Human Resources","August 2026 Payroll","2026-07-31T18:30:00.000Z","2026-08-30T18:30:00.000Z","77250.00","4835.00","72415.00","Sent","Paid","2026-09-05T15:10:51.186Z","2026-09-05T15:01:43.161Z"
"54","EMP-779822","Divya Tiwari","Human Resources","August 2026 Payroll","2026-07-31T18:30:00.000Z","2026-08-30T18:30:00.000Z","66950.00","4217.00","62733.00","Sent","Paid","2026-09-05T15:10:51.186Z","2026-09-05T15:01:43.161Z"
"53","EMP-0B3DD7","Sneha Pillai","Engineering","August 2026 Payroll","2026-07-31T18:30:00.000Z","2026-08-30T18:30:00.000Z","59740.00","3784.40","55955.60","Sent","Paid","2026-09-05T15:10:51.186Z","2026-09-05T15:01:43.161Z"
"52","EMP-46D710","Naveen Rao","Engineering","August 2026 Payroll","2026-07-31T18:30:00.000Z","2026-08-30T18:30:00.000Z","72100.00","4526.00","67574.00","Sent","Paid","2026-09-05T15:10:51.186Z","2026-09-05T15:01:43.161Z"
"51","EMP-49902F","Anjali Sengupta","Finance","August 2026 Payroll","2026-07-31T18:30:00.000Z","2026-08-30T18:30:00.000Z","70040.00","4402.40","65637.60","Sent","Paid","2026-09-05T15:10:51.186Z","2026-09-05T15:01:43.161Z"
"50","EMP-4BB327","Reyansh Desai","Finance","August 2026 Payroll","2026-07-31T18:30:00.000Z","2026-08-30T18:30:00.000Z","79310.00","4958.60","74351.40","Sent","Paid","2026-09-05T15:10:51.186Z","2026-09-05T15:01:43.161Z"
"49","EMP-ADADC1","Kabir Trivedi","Marketing & Sales","August 2026 Payroll","2026-07-31T18:30:00.000Z","2026-08-30T18:30:00.000Z","66950.00","4217.00","62733.00","Sent","Paid","2026-09-05T15:10:51.186Z","2026-09-05T15:01:43.161Z"
"48","EMP-7B0395","Ayaan Ghosh","Finance","August 2026 Payroll","2026-07-31T18:30:00.000Z","2026-08-30T18:30:00.000Z","74160.00","4649.60","69510.40","Sent","Paid","2026-09-05T15:10:51.186Z","2026-09-05T15:01:43.161Z"
"47","EMP-54A415","Kabir Pandey","Marketing & Sales","August 2026 Payroll","2026-07-31T18:30:00.000Z","2026-08-30T18:30:00.000Z","69010.00","4340.60","64669.40","Sent","Paid","2026-09-05T15:10:51.186Z","2026-09-05T15:01:43.161Z"
"46","EMP-487FAF","Deepak Bhatia","Human Resources","August 2026 Payroll","2026-07-31T18:30:00.000Z","2026-08-30T18:30:00.000Z","61800.00","3908.00","57892.00","Sent","Paid","2026-09-05T15:10:51.186Z","2026-09-05T15:01:43.161Z"
"45","EMP-E14561","Nikhil Chauhan","Marketing & Sales","August 2026 Payroll","2026-07-31T18:30:00.000Z","2026-08-30T18:30:00.000Z","94760.00","5885.60","88874.40","Sent","Paid","2026-09-05T15:10:51.186Z","2026-09-05T15:01:43.161Z"
"44","EMP-8B20DA","Anjali Chauhan","Marketing & Sales","August 2026 Payroll","2026-07-31T18:30:00.000Z","2026-08-30T18:30:00.000Z","96820.00","6009.20","90810.80","Sent","Paid","2026-09-05T15:10:51.186Z","2026-09-05T15:01:43.161Z"
"43","EMP-12F541","Ananya Kaur","Human Resources","August 2026 Payroll","2026-07-31T18:30:00.000Z","2026-08-30T18:30:00.000Z","96820.00","6009.20","90810.80","Sent","Paid","2026-09-05T15:10:51.186Z","2026-09-05T15:01:43.161Z"
"42","EMP-C923B6","Reyansh Subramaniam","Marketing & Sales","August 2026 Payroll","2026-07-31T18:30:00.000Z","2026-08-30T18:30:00.000Z","70040.00","4402.40","65637.60","Sent","Paid","2026-09-05T15:10:51.186Z","2026-09-05T15:01:43.161Z"
"41","EMP-3EB8C2","Sanjay Yadav","Human Resources","August 2026 Payroll","2026-07-31T18:30:00.000Z","2026-08-30T18:30:00.000Z","97850.00","6071.00","91779.00","Sent","Paid","2026-09-05T15:10:51.186Z","2026-09-05T15:01:43.161Z"
"40","EMP-729B37","Shreya Pandey","Finance","August 2026 Payroll","2026-07-31T18:30:00.000Z","2026-08-30T18:30:00.000Z","92700.00","5762.00","86938.00","Sent","Paid","2026-09-05T15:10:51.186Z","2026-09-05T15:01:43.161Z"
"39","EMP-135933","Manish Deshmukh","Human Resources","August 2026 Payroll","2026-07-31T18:30:00.000Z","2026-08-30T18:30:00.000Z","60770.00","3846.20","56923.80","Sent","Paid","2026-09-05T15:10:51.186Z","2026-09-05T15:01:43.161Z"
"38","EMP-9B0341","Siddharth Chauhan","Engineering","August 2026 Payroll","2026-07-31T18:30:00.000Z","2026-08-30T18:30:00.000Z","57680.00","3660.80","54019.20","Sent","Paid","2026-09-05T15:10:51.186Z","2026-09-05T15:01:43.161Z"
"37","EMP-B1E1C4","Nikhil Gupta","Human Resources","August 2026 Payroll","2026-07-31T18:30:00.000Z","2026-08-30T18:30:00.000Z","62830.00","3969.80","58860.20","Sent","Paid","2026-09-05T15:10:51.186Z","2026-09-05T15:01:43.161Z"
"36","EMP-AEECBA","Rohan Bhatt","Finance","August 2026 Payroll","2026-07-31T18:30:00.000Z","2026-08-30T18:30:00.000Z","59740.00","3784.40","55955.60","Sent","Paid","2026-09-05T15:10:51.186Z","2026-09-05T15:01:43.161Z"
"35","EMP-2CDEBE","Krishna Menon","Engineering","August 2026 Payroll","2026-07-31T18:30:00.000Z","2026-08-30T18:30:00.000Z","103000.00","6380.00","96620.00","Sent","Paid","2026-09-05T15:10:51.186Z","2026-09-05T15:01:43.161Z"
"34","EMP-A34F0C","Gaurav Chatterjee","Engineering","August 2026 Payroll","2026-07-31T18:30:00.000Z","2026-08-30T18:30:00.000Z","85490.00","5329.40","80160.60","Sent","Paid","2026-09-05T15:10:51.186Z","2026-09-05T15:01:43.161Z"
"33","EMP-58445B","Rahul Shah","Engineering","August 2026 Payroll","2026-07-31T18:30:00.000Z","2026-08-30T18:30:00.000Z","70040.00","4402.40","65637.60","Sent","Paid","2026-09-05T15:10:51.186Z","2026-09-05T15:01:43.161Z"
"32","EMP-56BC71","Ishaan Yadav","Marketing & Sales","August 2026 Payroll","2026-07-31T18:30:00.000Z","2026-08-30T18:30:00.000Z","103000.00","6380.00","96620.00","Sent","Paid","2026-09-05T15:10:51.186Z","2026-09-05T15:01:43.161Z"
"31","EMP-43F6C1","Ishaan Malhotra","Human Resources","August 2026 Payroll","2026-07-31T18:30:00.000Z","2026-08-30T18:30:00.000Z","76220.00","4773.20","71446.80","Sent","Paid","2026-09-05T15:10:51.186Z","2026-09-05T15:01:43.161Z"
"30","EMP-BD481C","Sanjay Rao","Human Resources","August 2026 Payroll","2026-07-31T18:30:00.000Z","2026-08-30T18:30:00.000Z","100940.00","6256.40","94683.60","Sent","Paid","2026-09-05T15:10:51.186Z","2026-09-05T15:01:43.161Z"
"29","EMP-5096E5","Ishaan Chopra","Marketing & Sales","August 2026 Payroll","2026-07-31T18:30:00.000Z","2026-08-30T18:30:00.000Z","62830.00","3969.80","58860.20","Sent","Paid","2026-09-05T15:10:51.186Z","2026-09-05T15:01:43.161Z"
"28","EMP-896B0D","Riya Bansal","Marketing & Sales","August 2026 Payroll","2026-07-31T18:30:00.000Z","2026-08-30T18:30:00.000Z","75190.00","4711.40","70478.60","Sent","Paid","2026-09-05T15:10:51.186Z","2026-09-05T15:01:43.161Z"
"27","EMP-7E71AD","Krishna Nair","Finance","August 2026 Payroll","2026-07-31T18:30:00.000Z","2026-08-30T18:30:00.000Z","97850.00","6071.00","91779.00","Sent","Paid","2026-09-05T15:10:51.186Z","2026-09-05T15:01:43.161Z"
"26","EMP-C052E5","Aditya Trivedi","Marketing & Sales","August 2026 Payroll","2026-07-31T18:30:00.000Z","2026-08-30T18:30:00.000Z","81370.00","5082.20","76287.80","Sent","Paid","2026-09-05T15:10:51.186Z","2026-09-05T15:01:43.161Z"
"25","EMP-352914","Varun Pillai","Marketing & Sales","August 2026 Payroll","2026-07-31T18:30:00.000Z","2026-08-30T18:30:00.000Z","89610.00","5576.60","84033.40","Sent","Paid","2026-09-05T15:10:51.186Z","2026-09-05T15:01:43.161Z"
"24","EMP-007415","Siddharth Banerjee","Engineering","August 2026 Payroll","2026-07-31T18:30:00.000Z","2026-08-30T18:30:00.000Z","93730.00","5823.80","87906.20","Sent","Paid","2026-09-05T15:10:51.186Z","2026-09-05T15:01:43.161Z"
"23","EMP-31C154","Rahul Nair","Marketing & Sales","August 2026 Payroll","2026-07-31T18:30:00.000Z","2026-08-30T18:30:00.000Z","78280.00","4896.80","73383.20","Sent","Paid","2026-09-05T15:10:51.186Z","2026-09-05T15:01:43.161Z"
"22","EMP-D8E3B9","Gaurav Rathore","Engineering","August 2026 Payroll","2026-07-31T18:30:00.000Z","2026-08-30T18:30:00.000Z","63860.00","4031.60","59828.40","Sent","Paid","2026-09-05T15:10:51.186Z","2026-09-05T15:01:43.161Z"
"21","EMP-04DC66","Deepak Bansal","Human Resources","August 2026 Payroll","2026-07-31T18:30:00.000Z","2026-08-30T18:30:00.000Z","69010.00","4340.60","64669.40","Sent","Paid","2026-09-05T15:10:51.186Z","2026-09-05T15:01:43.161Z"
"20","EMP-B16B1C","Divya Kumar","Engineering","August 2026 Payroll","2026-07-31T18:30:00.000Z","2026-08-30T18:30:00.000Z","59740.00","3784.40","55955.60","Sent","Paid","2026-09-05T15:10:51.186Z","2026-09-05T15:01:43.161Z"
"19","EMP-35E126","Arjun Desai","Engineering","August 2026 Payroll","2026-07-31T18:30:00.000Z","2026-08-30T18:30:00.000Z","69010.00","4340.60","64669.40","Sent","Paid","2026-09-05T15:10:51.186Z","2026-09-05T15:01:43.161Z"
"18","EMP-D4B583","Shreya Iyer","Finance","August 2026 Payroll","2026-07-31T18:30:00.000Z","2026-08-30T18:30:00.000Z","96820.00","6009.20","90810.80","Sent","Paid","2026-09-05T15:10:51.186Z","2026-09-05T15:01:43.161Z"
"17","EMP-8F2F80","Aryan Pandey","Human Resources","August 2026 Payroll","2026-07-31T18:30:00.000Z","2026-08-30T18:30:00.000Z","61800.00","3908.00","57892.00","Sent","Paid","2026-09-05T15:10:51.186Z","2026-09-05T15:01:43.161Z"
"16","EMP-A9E145","Neha Kapoor","Human Resources","August 2026 Payroll","2026-07-31T18:30:00.000Z","2026-08-30T18:30:00.000Z","81370.00","5082.20","76287.80","Sent","Paid","2026-09-05T15:10:51.186Z","2026-09-05T15:01:43.161Z"
"15","EMP-ED4A92","Karan Das","Engineering","August 2026 Payroll","2026-07-31T18:30:00.000Z","2026-08-30T18:30:00.000Z","59740.00","3784.40","55955.60","Sent","Paid","2026-09-05T15:10:51.186Z","2026-09-05T15:01:43.161Z"
"14","EMP-DE1D39","Siddharth Bose","Human Resources","August 2026 Payroll","2026-07-31T18:30:00.000Z","2026-08-30T18:30:00.000Z","88580.00","5514.80","83065.20","Sent","Paid","2026-09-05T15:10:51.186Z","2026-09-05T15:01:43.161Z"
"13","EMP-1F7DE5","Amit Bose","Marketing & Sales","August 2026 Payroll","2026-07-31T18:30:00.000Z","2026-08-30T18:30:00.000Z","64890.00","4093.40","60796.60","Sent","Paid","2026-09-05T15:10:51.186Z","2026-09-05T15:01:43.161Z"
"12","EMP-03D313","Vivaan Chopra","Finance","August 2026 Payroll","2026-07-31T18:30:00.000Z","2026-08-30T18:30:00.000Z","74160.00","4649.60","69510.40","Sent","Paid","2026-09-05T15:10:51.186Z","2026-09-05T15:01:43.161Z"
"11","EMP-3BDCA7","Krishna Kumar","Finance","August 2026 Payroll","2026-07-31T18:30:00.000Z","2026-08-30T18:30:00.000Z","76220.00","4773.20","71446.80","Sent","Paid","2026-09-05T15:10:51.186Z","2026-09-05T15:01:43.161Z"
"10","EMP-E0044B","Vivaan Bansal","Marketing & Sales","August 2026 Payroll","2026-07-31T18:30:00.000Z","2026-08-30T18:30:00.000Z","73130.00","4587.80","68542.20","Sent","Paid","2026-09-05T15:10:51.186Z","2026-09-05T15:01:43.161Z"
"9","EMP-D60A23","Gaurav Kulkarni","Engineering","August 2026 Payroll","2026-07-31T18:30:00.000Z","2026-08-30T18:30:00.000Z","85490.00","5329.40","80160.60","Sent","Paid","2026-09-05T15:10:51.186Z","2026-09-05T15:01:43.161Z"
"8","EMP-373BCD","Vivaan Ghosh","Marketing & Sales","August 2026 Payroll","2026-07-31T18:30:00.000Z","2026-08-30T18:30:00.000Z","83430.00","5205.80","78224.20","Sent","Paid","2026-09-05T15:10:51.186Z","2026-09-05T15:01:43.161Z"
"7","EMP-C362EF","Nikhil Pandey","Engineering","August 2026 Payroll","2026-07-31T18:30:00.000Z","2026-08-30T18:30:00.000Z","87550.00","5453.00","82097.00","Sent","Paid","2026-09-05T15:10:51.186Z","2026-09-05T15:01:43.161Z"
"6","EMP-BDF979","Rahul Bose","Finance","August 2026 Payroll","2026-07-31T18:30:00.000Z","2026-08-30T18:30:00.000Z","94760.00","5885.60","88874.40","Sent","Paid","2026-09-05T15:10:51.186Z","2026-09-05T15:01:43.161Z"
"5","EMP-07509A","Varun Shah","Human Resources","August 2026 Payroll","2026-07-31T18:30:00.000Z","2026-08-30T18:30:00.000Z","88580.00","5514.80","83065.20","Sent","Paid","2026-09-05T15:10:51.186Z","2026-09-05T15:01:43.161Z"
"4","EMP-E1E4EB","Naveen Trivedi","Engineering","August 2026 Payroll","2026-07-31T18:30:00.000Z","2026-08-30T18:30:00.000Z","63860.00","4031.60","59828.40","Sent","Paid","2026-09-05T15:10:51.186Z","2026-09-05T15:01:43.161Z"
"3","EMP-DC4175","Arjun Bose","Finance","August 2026 Payroll","2026-07-31T18:30:00.000Z","2026-08-30T18:30:00.000Z","82400.00","5144.00","77256.00","Sent","Paid","2026-09-05T15:10:51.186Z","2026-09-05T15:01:43.161Z"
"2","EMP-196CAC","Ayaan Rao","Engineering","August 2026 Payroll","2026-07-31T18:30:00.000Z","2026-08-30T18:30:00.000Z","59740.00","3784.40","55955.60","Sent","Paid","2026-09-05T15:10:51.186Z","2026-09-05T15:01:43.161Z"
"1","EMP-874F6D","Karan Chatterjee","Human Resources","August 2026 Payroll","2026-07-31T18:30:00.000Z","2026-08-30T18:30:00.000Z","76220.00","4773.20","71446.80","Sent","Paid","2026-09-05T15:10:51.186Z","2026-09-05T15:01:43.161Z"